site,title,curbAdapter,phase,alliedMatchId,alliedModelNumber,associatedProductId
91b8f8a911bff655d08192b7e34f37d1,ZGA150S4,no Transition Curb needed,,,ZGD150S5,4
91b8f8a911bff655d08192b7e34f37d1,ZU-12N,,,,ZGD150S5,4
91b8f8a911bff655d08192b7e34f37d1,ZU-10N,,,,ZGD120S5,4
91b8f8a911bff655d08192b7e34f37d1,ZU-07N,,,,ZGD092S5,4
91b8f8a911bff655d08192b7e34f37d1,ZU-08N,,,,ZGD102S5,4
91b8f8a911bff655d08192b7e34f37d1,ZGB150S4,no Transition Curb needed,,,ZGD150S5,4
91b8f8a911bff655d08192b7e34f37d1,ZGB120S4,no Transition Curb needed,,,ZGD120S5,4
91b8f8a911bff655d08192b7e34f37d1,ZGB102S4,no Transition Curb needed,,,ZGD102S5,4
91b8f8a911bff655d08192b7e34f37d1,ZGB074S4,no Transition Curb needed,,,ZGD074S5,4
91b8f8a911bff655d08192b7e34f37d1,ZGB060S4,no Transition Curb needed,,,ZGD060S5,4
91b8f8a911bff655d08192b7e34f37d1,ZGB048S4,no Transition Curb needed,,,ZGD048S5,4
91b8f8a911bff655d08192b7e34f37d1,ZGB036S4,no Transition Curb needed,,,ZGD036S5,4
91b8f8a911bff655d08192b7e34f37d1,ZGA120S4,no Transition Curb needed,,,ZGD120S5,4
91b8f8a911bff655d08192b7e34f37d1,ZGA102S4,no Transition Curb needed,,,ZGD102S5,4
91b8f8a911bff655d08192b7e34f37d1,ZGA060S4,no Transition Curb needed,,,ZGD060S5,4
91b8f8a911bff655d08192b7e34f37d1,ZGA048S4,no Transition Curb needed,,,ZGD048S5,4
91b8f8a911bff655d08192b7e34f37d1,ZGA036S4,no Transition Curb needed,,,ZGD036S5,4
91b8f8a911bff655d08192b7e34f37d1,ZJ048N,10L32,,,ZGD048S5,4
91b8f8a911bff655d08192b7e34f37d1,ZS-03N,10L32,,61,ZGD036S5,4
91b8f8a911bff655d08192b7e34f37d1,ZE060H,10L32,,,ZGD060S5,4
91b8f8a911bff655d08192b7e34f37d1,ZE048H,10L32,,,ZGD048S5,4
91b8f8a911bff655d08192b7e34f37d1,ZE036H,10L32,,,ZGD036S5,4
91b8f8a911bff655d08192b7e34f37d1,ZS-10N,,,,ZGD120S5,4
91b8f8a911bff655d08192b7e34f37d1,ZS-07N,,,31,ZGD092S5,4
91b8f8a911bff655d08192b7e34f37d1,ZS-12N,,,,ZGD150S5,4
91b8f8a911bff655d08192b7e34f37d1,ZW-10S,,,,ZGD120S5,4
91b8f8a911bff655d08192b7e34f37d1,RHPDZT120A,,,,ZHD120S5,4
91b8f8a911bff655d08192b7e34f37d1,ZYE14T,no Transition Curb needed,,60,ZCD150S5,4
91b8f8a911bff655d08192b7e34f37d1,ZF150C2,,,60,ZCD150S5,4
91b8f8a911bff655d08192b7e34f37d1,ZF150C4,,,60,ZCD150S5,4
91b8f8a911bff655d08192b7e34f37d1,ZJ150C2,,,60,ZCD150S5,4
91b8f8a911bff655d08192b7e34f37d1,ZF150C5,,,60,ZCD150S5,4
91b8f8a911bff655d08192b7e34f37d1,ZH150C2,,,60,ZCD150S5,4
91b8f8a911bff655d08192b7e34f37d1,ZJ150C4,,,60,ZCD150S5,4
91b8f8a911bff655d08192b7e34f37d1,ZXE14A,no Transition Curb needed,,60,ZCD150S5,4
91b8f8a911bff655d08192b7e34f37d1,ZH150C5,,,60,ZCD150S5,4
91b8f8a911bff655d08192b7e34f37d1,ZXE14E,no Transition Curb needed,,60,ZCD150S5,4
91b8f8a911bff655d08192b7e34f37d1,ZH150C4,,,60,ZCD150S5,4
91b8f8a911bff655d08192b7e34f37d1,ZJ150C5,,,60,ZCD150S5,4
91b8f8a911bff655d08192b7e34f37d1,ZXE14D,no Transition Curb needed,,60,ZCD150S5,4
91b8f8a911bff655d08192b7e34f37d1,ZXE14N,no Transition Curb needed,,60,ZCD150S5,4
91b8f8a911bff655d08192b7e34f37d1,ZXE14R,no Transition Curb needed,,60,ZCD150S5,4
91b8f8a911bff655d08192b7e34f37d1,ZXE14L,no Transition Curb needed,,60,ZCD150S5,4
91b8f8a911bff655d08192b7e34f37d1,ZYE14E,no Transition Curb needed,,60,ZCD150S5,4
91b8f8a911bff655d08192b7e34f37d1,ZXE14S,no Transition Curb needed,,60,ZCD150S5,4
91b8f8a911bff655d08192b7e34f37d1,ZXE14T,no Transition Curb needed,,60,ZCD150S5,4
91b8f8a911bff655d08192b7e34f37d1,ZXE14F,no Transition Curb needed,,60,ZCD150S5,4
91b8f8a911bff655d08192b7e34f37d1,ZYE14A,no Transition Curb needed,,60,ZCD150S5,4
91b8f8a911bff655d08192b7e34f37d1,ZXE14M,no Transition Curb needed,,60,ZCD150S5,4
91b8f8a911bff655d08192b7e34f37d1,ZYE14D,no Transition Curb needed,,60,ZCD150S5,4
91b8f8a911bff655d08192b7e34f37d1,ZYE14S,no Transition Curb needed,,60,ZCD150S5,4
91b8f8a911bff655d08192b7e34f37d1,ZYE14R,no Transition Curb needed,,60,ZCD150S5,4
91b8f8a911bff655d08192b7e34f37d1,ZYE14N,no Transition Curb needed,,60,ZCD150S5,4
91b8f8a911bff655d08192b7e34f37d1,ZYE14L,no Transition Curb needed,,60,ZCD150S5,4
91b8f8a911bff655d08192b7e34f37d1,ZYE14M,no Transition Curb needed,,60,ZCD150S5,4
91b8f8a911bff655d08192b7e34f37d1,ZYE14F,no Transition Curb needed,,60,ZCD150S5,4
91b8f8a911bff655d08192b7e34f37d1,ZYE12S,no Transition Curb needed,,59,ZCD120S5,4
91b8f8a911bff655d08192b7e34f37d1,ZF102C2,,,59,ZCD120S5,4
91b8f8a911bff655d08192b7e34f37d1,ZF102C4,,,59,ZCD120S5,4
91b8f8a911bff655d08192b7e34f37d1,ZH102C2,,,59,ZCD120S5,4
91b8f8a911bff655d08192b7e34f37d1,ZJ102C5,,,59,ZCD120S5,4
91b8f8a911bff655d08192b7e34f37d1,ZJ102C2,,,59,ZCD120S5,4
91b8f8a911bff655d08192b7e34f37d1,ZXE12E,no Transition Curb needed,,59,ZCD120S5,4
91b8f8a911bff655d08192b7e34f37d1,ZH102C4,,,59,ZCD120S5,4
91b8f8a911bff655d08192b7e34f37d1,ZF102C5,,,59,ZCD120S5,4
91b8f8a911bff655d08192b7e34f37d1,ZJ102C4,,,59,ZCD120S5,4
91b8f8a911bff655d08192b7e34f37d1,ZH102C5,,,59,ZCD120S5,4
91b8f8a911bff655d08192b7e34f37d1,ZXE12A,no Transition Curb needed,,59,ZCD120S5,4
91b8f8a911bff655d08192b7e34f37d1,ZXE12D,no Transition Curb needed,,59,ZCD120S5,4
91b8f8a911bff655d08192b7e34f37d1,ZXE12R,no Transition Curb needed,,59,ZCD120S5,4
91b8f8a911bff655d08192b7e34f37d1,ZXE12F,no Transition Curb needed,,59,ZCD120S5,4
91b8f8a911bff655d08192b7e34f37d1,ZXE12T,no Transition Curb needed,,59,ZCD120S5,4
91b8f8a911bff655d08192b7e34f37d1,ZXE12S,no Transition Curb needed,,59,ZCD120S5,4
91b8f8a911bff655d08192b7e34f37d1,ZYE12D,no Transition Curb needed,,59,ZCD120S5,4
91b8f8a911bff655d08192b7e34f37d1,ZXE12M,no Transition Curb needed,,59,ZCD120S5,4
91b8f8a911bff655d08192b7e34f37d1,ZYE12E,no Transition Curb needed,,59,ZCD120S5,4
91b8f8a911bff655d08192b7e34f37d1,ZXE12L,no Transition Curb needed,,59,ZCD120S5,4
91b8f8a911bff655d08192b7e34f37d1,ZXE12N,no Transition Curb needed,,59,ZCD120S5,4
91b8f8a911bff655d08192b7e34f37d1,ZYE12A,no Transition Curb needed,,59,ZCD120S5,4
91b8f8a911bff655d08192b7e34f37d1,ZYE12L,no Transition Curb needed,,59,ZCD120S5,4
91b8f8a911bff655d08192b7e34f37d1,ZYE12T,no Transition Curb needed,,59,ZCD120S5,4
91b8f8a911bff655d08192b7e34f37d1,ZYE12M,no Transition Curb needed,,59,ZCD120S5,4
91b8f8a911bff655d08192b7e34f37d1,ZYE12F,no Transition Curb needed,,59,ZCD120S5,4
91b8f8a911bff655d08192b7e34f37d1,ZYE12R,no Transition Curb needed,,59,ZCD120S5,4
91b8f8a911bff655d08192b7e34f37d1,ZYE12N,no Transition Curb needed,,59,ZCD120S5,4
91b8f8a911bff655d08192b7e34f37d1,ZYE09T,no Transition Curb needed,,58,ZCD102S5,4
91b8f8a911bff655d08192b7e34f37d1,ZJ102C4,,,58,ZCD102S5,4
91b8f8a911bff655d08192b7e34f37d1,ZH102C4,,,58,ZCD102S5,4
91b8f8a911bff655d08192b7e34f37d1,ZF102C4,,,58,ZCD102S5,4
91b8f8a911bff655d08192b7e34f37d1,ZF102C2,,,58,ZCD102S5,4
91b8f8a911bff655d08192b7e34f37d1,ZF102C5,,,58,ZCD102S5,4
91b8f8a911bff655d08192b7e34f37d1,ZJ102C5,,,58,ZCD102S5,4
91b8f8a911bff655d08192b7e34f37d1,ZJ102C2,,,58,ZCD102S5,4
91b8f8a911bff655d08192b7e34f37d1,ZH102C5,,,58,ZCD102S5,4
91b8f8a911bff655d08192b7e34f37d1,ZH102C2,,,58,ZCD102S5,4
91b8f8a911bff655d08192b7e34f37d1,ZXE09S,no Transition Curb needed,,58,ZCD102S5,4
91b8f8a911bff655d08192b7e34f37d1,ZXE09T,no Transition Curb needed,,58,ZCD102S5,4
91b8f8a911bff655d08192b7e34f37d1,ZXE09E,no Transition Curb needed,,58,ZCD102S5,4
91b8f8a911bff655d08192b7e34f37d1,ZXE09N,no Transition Curb needed,,58,ZCD102S5,4
91b8f8a911bff655d08192b7e34f37d1,ZXE09F,no Transition Curb needed,,58,ZCD102S5,4
91b8f8a911bff655d08192b7e34f37d1,ZXE09M,no Transition Curb needed,,58,ZCD102S5,4
91b8f8a911bff655d08192b7e34f37d1,ZXE09A,no Transition Curb needed,,58,ZCD102S5,4
91b8f8a911bff655d08192b7e34f37d1,ZXE09D,no Transition Curb needed,,58,ZCD102S5,4
91b8f8a911bff655d08192b7e34f37d1,ZXE09L,no Transition Curb needed,,58,ZCD102S5,4
91b8f8a911bff655d08192b7e34f37d1,ZXE09R,no Transition Curb needed,,58,ZCD102S5,4
91b8f8a911bff655d08192b7e34f37d1,ZYE09N,no Transition Curb needed,,58,ZCD102S5,4
91b8f8a911bff655d08192b7e34f37d1,ZYE09E,no Transition Curb needed,,58,ZCD102S5,4
91b8f8a911bff655d08192b7e34f37d1,ZYE09L,no Transition Curb needed,,58,ZCD102S5,4
91b8f8a911bff655d08192b7e34f37d1,ZYE09R,no Transition Curb needed,,58,ZCD102S5,4
91b8f8a911bff655d08192b7e34f37d1,ZYE09S,no Transition Curb needed,,58,ZCD102S5,4
91b8f8a911bff655d08192b7e34f37d1,ZYE09M,no Transition Curb needed,,58,ZCD102S5,4
91b8f8a911bff655d08192b7e34f37d1,ZYE09F,no Transition Curb needed,,58,ZCD102S5,4
91b8f8a911bff655d08192b7e34f37d1,ZYE09D,no Transition Curb needed,,58,ZCD102S5,4
91b8f8a911bff655d08192b7e34f37d1,ZYE09A,no Transition Curb needed,,58,ZCD102S5,4
91b8f8a911bff655d08192b7e34f37d1,ZYE08S,no Transition Curb needed,,57,ZCD092S5,4
91b8f8a911bff655d08192b7e34f37d1,ZF090C,,,57,ZCD092S5,4
91b8f8a911bff655d08192b7e34f37d1,ZF090C,,,57,ZCD092S5,4
91b8f8a911bff655d08192b7e34f37d1,ZH090C2,,,57,ZCD092S5,4
91b8f8a911bff655d08192b7e34f37d1,ZXE08A,no Transition Curb needed,,57,ZCD092S5,4
91b8f8a911bff655d08192b7e34f37d1,ZJ090C5,,,57,ZCD092S5,4
91b8f8a911bff655d08192b7e34f37d1,ZH090C5,,,57,ZCD092S5,4
91b8f8a911bff655d08192b7e34f37d1,ZH090C4,,,57,ZCD092S5,4
91b8f8a911bff655d08192b7e34f37d1,ZF090C,,,57,ZCD092S5,4
91b8f8a911bff655d08192b7e34f37d1,ZJ090C4,,,57,ZCD092S5,4
91b8f8a911bff655d08192b7e34f37d1,ZJ090C2,,,57,ZCD092S5,4
91b8f8a911bff655d08192b7e34f37d1,ZYE08A,no Transition Curb needed,,57,ZCD092S5,4
91b8f8a911bff655d08192b7e34f37d1,ZXE08D,no Transition Curb needed,,57,ZCD092S5,4
91b8f8a911bff655d08192b7e34f37d1,ZYE08D,no Transition Curb needed,,57,ZCD092S5,4
91b8f8a911bff655d08192b7e34f37d1,ZXE08N,no Transition Curb needed,,57,ZCD092S5,4
91b8f8a911bff655d08192b7e34f37d1,ZXE08R,no Transition Curb needed,,57,ZCD092S5,4
91b8f8a911bff655d08192b7e34f37d1,ZXE08M,no Transition Curb needed,,57,ZCD092S5,4
91b8f8a911bff655d08192b7e34f37d1,ZXE08L,no Transition Curb needed,,57,ZCD092S5,4
91b8f8a911bff655d08192b7e34f37d1,ZXE08F,no Transition Curb needed,,57,ZCD092S5,4
91b8f8a911bff655d08192b7e34f37d1,ZXE08S,no Transition Curb needed,,57,ZCD092S5,4
91b8f8a911bff655d08192b7e34f37d1,ZXE08E,no Transition Curb needed,,57,ZCD092S5,4
91b8f8a911bff655d08192b7e34f37d1,ZXE08T,no Transition Curb needed,,57,ZCD092S5,4
91b8f8a911bff655d08192b7e34f37d1,ZYE08L,no Transition Curb needed,,57,ZCD092S5,4
91b8f8a911bff655d08192b7e34f37d1,ZYE08F,no Transition Curb needed,,57,ZCD092S5,4
91b8f8a911bff655d08192b7e34f37d1,ZYE08T,no Transition Curb needed,,57,ZCD092S5,4
91b8f8a911bff655d08192b7e34f37d1,ZYE08N,no Transition Curb needed,,57,ZCD092S5,4
91b8f8a911bff655d08192b7e34f37d1,ZYE08M,no Transition Curb needed,,57,ZCD092S5,4
91b8f8a911bff655d08192b7e34f37d1,ZYE08E,no Transition Curb needed,,57,ZCD092S5,4
91b8f8a911bff655d08192b7e34f37d1,ZYE08R,no Transition Curb needed,,57,ZCD092S5,4
91b8f8a911bff655d08192b7e34f37d1,ZJ078E,,,56,ZCD074S5,4
91b8f8a911bff655d08192b7e34f37d1,50CH007-1(Horiz),Ducting Transition may be required.,,56,ZCD074S5,4
91b8f8a911bff655d08192b7e34f37d1,50CH007-5(Horiz),Ducting Transition may be required.,,56,ZCD074S5,4
91b8f8a911bff655d08192b7e34f37d1,50CH007-6(Horiz),Ducting Transition may be required.,,56,ZCD074S5,4
91b8f8a911bff655d08192b7e34f37d1,ZJ078C,,,56,ZCD074S5,4
91b8f8a911bff655d08192b7e34f37d1,ZE072C00,10L32,,56,ZCD074S5,4
91b8f8a911bff655d08192b7e34f37d1,ZYE06T,no Transition Curb needed,,55,ZCD060S5,4
91b8f8a911bff655d08192b7e34f37d1,ZE060C00,10L32,,55,ZCD060S5,4
91b8f8a911bff655d08192b7e34f37d1,TCZ060,,,55,ZCD060S5,4
91b8f8a911bff655d08192b7e34f37d1,ZJ061C,,,55,ZCD060S5,4
91b8f8a911bff655d08192b7e34f37d1,ZXE06E,no Transition Curb needed,,55,ZCD060S5,4
91b8f8a911bff655d08192b7e34f37d1,ZXE06D,no Transition Curb needed,,55,ZCD060S5,4
91b8f8a911bff655d08192b7e34f37d1,ZXE06M,no Transition Curb needed,,55,ZCD060S5,4
91b8f8a911bff655d08192b7e34f37d1,ZXE06S,no Transition Curb needed,,55,ZCD060S5,4
91b8f8a911bff655d08192b7e34f37d1,ZXE06R,no Transition Curb needed,,55,ZCD060S5,4
91b8f8a911bff655d08192b7e34f37d1,ZXE06F,no Transition Curb needed,,55,ZCD060S5,4
91b8f8a911bff655d08192b7e34f37d1,ZJ061E,,,55,ZCD060S5,4
91b8f8a911bff655d08192b7e34f37d1,ZXE06A,no Transition Curb needed,,55,ZCD060S5,4
91b8f8a911bff655d08192b7e34f37d1,ZXE06L,no Transition Curb needed,,55,ZCD060S5,4
91b8f8a911bff655d08192b7e34f37d1,ZXE06N,no Transition Curb needed,,55,ZCD060S5,4
91b8f8a911bff655d08192b7e34f37d1,ZYE06A,no Transition Curb needed,,55,ZCD060S5,4
91b8f8a911bff655d08192b7e34f37d1,ZXE06T,no Transition Curb needed,,55,ZCD060S5,4
91b8f8a911bff655d08192b7e34f37d1,ZYE06M,no Transition Curb needed,,55,ZCD060S5,4
91b8f8a911bff655d08192b7e34f37d1,ZYE06E,no Transition Curb needed,,55,ZCD060S5,4
91b8f8a911bff655d08192b7e34f37d1,ZYE06D,no Transition Curb needed,,55,ZCD060S5,4
91b8f8a911bff655d08192b7e34f37d1,ZYE06N,no Transition Curb needed,,55,ZCD060S5,4
91b8f8a911bff655d08192b7e34f37d1,ZYE06L,no Transition Curb needed,,55,ZCD060S5,4
91b8f8a911bff655d08192b7e34f37d1,ZYE06F,no Transition Curb needed,,55,ZCD060S5,4
91b8f8a911bff655d08192b7e34f37d1,ZYE06R,no Transition Curb needed,,55,ZCD060S5,4
91b8f8a911bff655d08192b7e34f37d1,ZYE06S,no Transition Curb needed,,55,ZCD060S5,4
91b8f8a911bff655d08192b7e34f37d1,ZYE05T,no Transition Curb needed,,54,ZCD048S5,4
91b8f8a911bff655d08192b7e34f37d1,TCZ048,,,54,ZCD048S5,4
91b8f8a911bff655d08192b7e34f37d1,ZXE05D,no Transition Curb needed,,54,ZCD048S5,4
91b8f8a911bff655d08192b7e34f37d1,ZXE05M,no Transition Curb needed,,54,ZCD048S5,4
91b8f8a911bff655d08192b7e34f37d1,ZE048C00,10L32,,54,ZCD048S5,4
91b8f8a911bff655d08192b7e34f37d1,ZXE05R,no Transition Curb needed,,54,ZCD048S5,4
91b8f8a911bff655d08192b7e34f37d1,ZXE05E,no Transition Curb needed,,54,ZCD048S5,4
91b8f8a911bff655d08192b7e34f37d1,ZXE05N,no Transition Curb needed,,54,ZCD048S5,4
91b8f8a911bff655d08192b7e34f37d1,ZXE05A,no Transition Curb needed,,54,ZCD048S5,4
91b8f8a911bff655d08192b7e34f37d1,ZXE05F,no Transition Curb needed,,54,ZCD048S5,4
91b8f8a911bff655d08192b7e34f37d1,ZXE05L,no Transition Curb needed,,54,ZCD048S5,4
91b8f8a911bff655d08192b7e34f37d1,ZXE05S,no Transition Curb needed,,54,ZCD048S5,4
91b8f8a911bff655d08192b7e34f37d1,ZYE05S,no Transition Curb needed,,54,ZCD048S5,4
91b8f8a911bff655d08192b7e34f37d1,ZYE05N,no Transition Curb needed,,54,ZCD048S5,4
91b8f8a911bff655d08192b7e34f37d1,ZYE05R,no Transition Curb needed,,54,ZCD048S5,4
91b8f8a911bff655d08192b7e34f37d1,ZYE05F,no Transition Curb needed,,54,ZCD048S5,4
91b8f8a911bff655d08192b7e34f37d1,ZYE05A,no Transition Curb needed,,54,ZCD048S5,4
91b8f8a911bff655d08192b7e34f37d1,ZYE05E,no Transition Curb needed,,54,ZCD048S5,4
91b8f8a911bff655d08192b7e34f37d1,ZYE05L,no Transition Curb needed,,54,ZCD048S5,4
91b8f8a911bff655d08192b7e34f37d1,ZYE05M,no Transition Curb needed,,54,ZCD048S5,4
91b8f8a911bff655d08192b7e34f37d1,ZYE05D,no Transition Curb needed,,54,ZCD048S5,4
91b8f8a911bff655d08192b7e34f37d1,ZXE05T,no Transition Curb needed,,54,ZCD048S5,4
91b8f8a911bff655d08192b7e34f37d1,ZYE04S,no Transition Curb needed,,53,ZCD036S5,4
91b8f8a911bff655d08192b7e34f37d1,ZE036C00,10L32,,53,ZCD036S5,4
91b8f8a911bff655d08192b7e34f37d1,ZXE04E,no Transition Curb needed,,53,ZCD036S5,4
91b8f8a911bff655d08192b7e34f37d1,ZJ037E,,,53,ZCD036S5,4
91b8f8a911bff655d08192b7e34f37d1,ZJ037C,,,53,ZCD036S5,4
91b8f8a911bff655d08192b7e34f37d1,ZXE04D,no Transition Curb needed,,53,ZCD036S5,4
91b8f8a911bff655d08192b7e34f37d1,TCZ036,,,53,ZCD036S5,4
91b8f8a911bff655d08192b7e34f37d1,ZXE04A,no Transition Curb needed,,53,ZCD036S5,4
91b8f8a911bff655d08192b7e34f37d1,ZXE04N,no Transition Curb needed,,53,ZCD036S5,4
91b8f8a911bff655d08192b7e34f37d1,ZXE04F,no Transition Curb needed,,53,ZCD036S5,4
91b8f8a911bff655d08192b7e34f37d1,ZXE04T,no Transition Curb needed,,53,ZCD036S5,4
91b8f8a911bff655d08192b7e34f37d1,ZXE04S,no Transition Curb needed,,53,ZCD036S5,4
91b8f8a911bff655d08192b7e34f37d1,ZXE04M,no Transition Curb needed,,53,ZCD036S5,4
91b8f8a911bff655d08192b7e34f37d1,ZXE04L,no Transition Curb needed,,53,ZCD036S5,4
91b8f8a911bff655d08192b7e34f37d1,ZYE04A,no Transition Curb needed,,53,ZCD036S5,4
91b8f8a911bff655d08192b7e34f37d1,ZXE04R,no Transition Curb needed,,53,ZCD036S5,4
91b8f8a911bff655d08192b7e34f37d1,ZYE04D,no Transition Curb needed,,53,ZCD036S5,4
91b8f8a911bff655d08192b7e34f37d1,ZYE04E,no Transition Curb needed,,53,ZCD036S5,4
91b8f8a911bff655d08192b7e34f37d1,ZYE04L,no Transition Curb needed,,53,ZCD036S5,4
91b8f8a911bff655d08192b7e34f37d1,ZYE04T,no Transition Curb needed,,53,ZCD036S5,4
91b8f8a911bff655d08192b7e34f37d1,ZYE04N,no Transition Curb needed,,53,ZCD036S5,4
91b8f8a911bff655d08192b7e34f37d1,ZYE04R,no Transition Curb needed,,53,ZCD036S5,4
91b8f8a911bff655d08192b7e34f37d1,ZYE04M,no Transition Curb needed,,53,ZCD036S5,4
91b8f8a911bff655d08192b7e34f37d1,ZYE04F,no Transition Curb needed,,53,ZCD036S5,4
91b8f8a911bff655d08192b7e34f37d1,ZF150S2,,,68,ZGD150S5,4
91b8f8a911bff655d08192b7e34f37d1,ZF150N5,,,68,ZGD150S5,4
91b8f8a911bff655d08192b7e34f37d1,ZF150S4,,,68,ZGD150S5,4
91b8f8a911bff655d08192b7e34f37d1,ZF150N2,,,68,ZGD150S5,4
91b8f8a911bff655d08192b7e34f37d1,ZF150N4,,,68,ZGD150S5,4
91b8f8a911bff655d08192b7e34f37d1,ZJ150N5,,,68,ZGD150S5,4
91b8f8a911bff655d08192b7e34f37d1,ZJ150N4,,,68,ZGD150S5,4
91b8f8a911bff655d08192b7e34f37d1,ZF150S5,,,68,ZGD150S5,4
91b8f8a911bff655d08192b7e34f37d1,ZH150N5,,,68,ZGD150S5,4
91b8f8a911bff655d08192b7e34f37d1,ZH150S4,,,68,ZGD150S5,4
91b8f8a911bff655d08192b7e34f37d1,ZH150N4,,,68,ZGD150S5,4
91b8f8a911bff655d08192b7e34f37d1,ZH150S5,,,68,ZGD150S5,4
91b8f8a911bff655d08192b7e34f37d1,ZJ150N2,,,68,ZGD150S5,4
91b8f8a911bff655d08192b7e34f37d1,ZH150N2,,,68,ZGD150S5,4
91b8f8a911bff655d08192b7e34f37d1,ZH150S2,,,68,ZGD150S5,4
91b8f8a911bff655d08192b7e34f37d1,ZXG14R,no Transition Curb needed,,68,ZGD150S5,4
91b8f8a911bff655d08192b7e34f37d1,ZXG14F,no Transition Curb needed,,68,ZGD150S5,4
91b8f8a911bff655d08192b7e34f37d1,ZXG14A,no Transition Curb needed,,68,ZGD150S5,4
91b8f8a911bff655d08192b7e34f37d1,ZXG14D,no Transition Curb needed,,68,ZGD150S5,4
91b8f8a911bff655d08192b7e34f37d1,ZJ150S2,,,68,ZGD150S5,4
91b8f8a911bff655d08192b7e34f37d1,ZXG14M,no Transition Curb needed,,68,ZGD150S5,4
91b8f8a911bff655d08192b7e34f37d1,ZJ150S4,,,68,ZGD150S5,4
91b8f8a911bff655d08192b7e34f37d1,ZXG14L,no Transition Curb needed,,68,ZGD150S5,4
91b8f8a911bff655d08192b7e34f37d1,ZXG14E,no Transition Curb needed,,68,ZGD150S5,4
91b8f8a911bff655d08192b7e34f37d1,ZJ150S5,,,68,ZGD150S5,4
91b8f8a911bff655d08192b7e34f37d1,ZXG14N,no Transition Curb needed,,68,ZGD150S5,4
91b8f8a911bff655d08192b7e34f37d1,ZYG14L,no Transition Curb needed,,68,ZGD150S5,4
91b8f8a911bff655d08192b7e34f37d1,ZXG14S,no Transition Curb needed,,68,ZGD150S5,4
91b8f8a911bff655d08192b7e34f37d1,ZYG14A,no Transition Curb needed,,68,ZGD150S5,4
91b8f8a911bff655d08192b7e34f37d1,ZYG14F,no Transition Curb needed,,68,ZGD150S5,4
91b8f8a911bff655d08192b7e34f37d1,ZXG14T,no Transition Curb needed,,68,ZGD150S5,4
91b8f8a911bff655d08192b7e34f37d1,ZYG14M,no Transition Curb needed,,68,ZGD150S5,4
91b8f8a911bff655d08192b7e34f37d1,ZYG14N,no Transition Curb needed,,68,ZGD150S5,4
91b8f8a911bff655d08192b7e34f37d1,ZYG14R,no Transition Curb needed,,68,ZGD150S5,4
91b8f8a911bff655d08192b7e34f37d1,ZYG14E,no Transition Curb needed,,68,ZGD150S5,4
91b8f8a911bff655d08192b7e34f37d1,ZYG14D,no Transition Curb needed,,68,ZGD150S5,4
91b8f8a911bff655d08192b7e34f37d1,ZYG14T,no Transition Curb needed,,68,ZGD150S5,4
91b8f8a911bff655d08192b7e34f37d1,ZYG14S,no Transition Curb needed,,68,ZGD150S5,4
91b8f8a911bff655d08192b7e34f37d1,ZYG12S,no Transition Curb needed,,67,ZGD120S5,4
91b8f8a911bff655d08192b7e34f37d1,J10ZJN,,,,ZGD120S5,4
91b8f8a911bff655d08192b7e34f37d1,ZF120N5,,,67,ZGD120S5,4
91b8f8a911bff655d08192b7e34f37d1,ZF120S5,,,67,ZGD120S5,4
91b8f8a911bff655d08192b7e34f37d1,ZF120S4,,,67,ZGD120S5,4
91b8f8a911bff655d08192b7e34f37d1,ZF120N2,,,67,ZGD120S5,4
91b8f8a911bff655d08192b7e34f37d1,ZF120S2,,,67,ZGD120S5,4
91b8f8a911bff655d08192b7e34f37d1,ZF120N4,,,67,ZGD120S5,4
91b8f8a911bff655d08192b7e34f37d1,ZH120N2,,,67,ZGD120S5,4
91b8f8a911bff655d08192b7e34f37d1,ZH120S2,,,67,ZGD120S5,4
91b8f8a911bff655d08192b7e34f37d1,ZH120S4,,,67,ZGD120S5,4
91b8f8a911bff655d08192b7e34f37d1,ZJ120N2,,,67,ZGD120S5,4
91b8f8a911bff655d08192b7e34f37d1,ZJ120N5,,,67,ZGD120S5,4
91b8f8a911bff655d08192b7e34f37d1,ZJ120N4,,,67,ZGD120S5,4
91b8f8a911bff655d08192b7e34f37d1,ZH120N5,,,67,ZGD120S5,4
91b8f8a911bff655d08192b7e34f37d1,ZH120N4,,,67,ZGD120S5,4
91b8f8a911bff655d08192b7e34f37d1,ZH120S5,,,67,ZGD120S5,4
91b8f8a911bff655d08192b7e34f37d1,ZXG12F,no Transition Curb needed,,67,ZGD120S5,4
91b8f8a911bff655d08192b7e34f37d1,ZXG12N,no Transition Curb needed,,67,ZGD120S5,4
91b8f8a911bff655d08192b7e34f37d1,ZXG12M,no Transition Curb needed,,67,ZGD120S5,4
91b8f8a911bff655d08192b7e34f37d1,ZXG12L,no Transition Curb needed,,67,ZGD120S5,4
91b8f8a911bff655d08192b7e34f37d1,ZXG12A,no Transition Curb needed,,67,ZGD120S5,4
91b8f8a911bff655d08192b7e34f37d1,ZXG12D,no Transition Curb needed,,67,ZGD120S5,4
91b8f8a911bff655d08192b7e34f37d1,ZJ120S4,,,67,ZGD120S5,4
91b8f8a911bff655d08192b7e34f37d1,ZJ120S5,,,67,ZGD120S5,4
91b8f8a911bff655d08192b7e34f37d1,ZXG12E,no Transition Curb needed,,67,ZGD120S5,4
91b8f8a911bff655d08192b7e34f37d1,ZJ120S2,,,67,ZGD120S5,4
91b8f8a911bff655d08192b7e34f37d1,ZYG12R,no Transition Curb needed,,67,ZGD120S5,4
91b8f8a911bff655d08192b7e34f37d1,ZYG12M,no Transition Curb needed,,67,ZGD120S5,4
91b8f8a911bff655d08192b7e34f37d1,ZYG12F,no Transition Curb needed,,67,ZGD120S5,4
91b8f8a911bff655d08192b7e34f37d1,ZYG12D,no Transition Curb needed,,67,ZGD120S5,4
91b8f8a911bff655d08192b7e34f37d1,ZYG12E,no Transition Curb needed,,67,ZGD120S5,4
91b8f8a911bff655d08192b7e34f37d1,ZXG12T,no Transition Curb needed,,67,ZGD120S5,4
91b8f8a911bff655d08192b7e34f37d1,ZYG12L,no Transition Curb needed,,67,ZGD120S5,4
91b8f8a911bff655d08192b7e34f37d1,ZYG12N,no Transition Curb needed,,67,ZGD120S5,4
91b8f8a911bff655d08192b7e34f37d1,ZXG12S,no Transition Curb needed,,67,ZGD120S5,4
91b8f8a911bff655d08192b7e34f37d1,ZXG12R,no Transition Curb needed,,67,ZGD120S5,4
91b8f8a911bff655d08192b7e34f37d1,ZYG12A,no Transition Curb needed,,67,ZGD120S5,4
91b8f8a911bff655d08192b7e34f37d1,ZYG12T,no Transition Curb needed,,67,ZGD120S5,4
91b8f8a911bff655d08192b7e34f37d1,ZYG09T,no Transition Curb needed,,66,ZGD102S5,4
91b8f8a911bff655d08192b7e34f37d1,ZF102N4,,,66,ZGD102S5,4
91b8f8a911bff655d08192b7e34f37d1,ZF102N2,,,66,ZGD102S5,4
91b8f8a911bff655d08192b7e34f37d1,ZH102N5,,,66,ZGD102S5,4
91b8f8a911bff655d08192b7e34f37d1,ZF102S5,,,66,ZGD102S5,4
91b8f8a911bff655d08192b7e34f37d1,ZH102S2,,,66,ZGD102S5,4
91b8f8a911bff655d08192b7e34f37d1,ZF102S4,,,66,ZGD102S5,4
91b8f8a911bff655d08192b7e34f37d1,ZH102S4,,,66,ZGD102S5,4
91b8f8a911bff655d08192b7e34f37d1,ZH102S5,,,66,ZGD102S5,4
91b8f8a911bff655d08192b7e34f37d1,ZH102N4,,,66,ZGD102S5,4
91b8f8a911bff655d08192b7e34f37d1,ZJ102N2,,,66,ZGD102S5,4
91b8f8a911bff655d08192b7e34f37d1,ZF102S2,,,66,ZGD102S5,4
91b8f8a911bff655d08192b7e34f37d1,ZH102N2,,,66,ZGD102S5,4
91b8f8a911bff655d08192b7e34f37d1,ZF102N5,,,66,ZGD102S5,4
91b8f8a911bff655d08192b7e34f37d1,ZJ102S5,,,66,ZGD102S5,4
91b8f8a911bff655d08192b7e34f37d1,ZXG09D,no Transition Curb needed,,66,ZGD102S5,4
91b8f8a911bff655d08192b7e34f37d1,ZJ102N4,,,66,ZGD102S5,4
91b8f8a911bff655d08192b7e34f37d1,ZJ102S4,,,66,ZGD102S5,4
91b8f8a911bff655d08192b7e34f37d1,ZJ102S2,,,66,ZGD102S5,4
91b8f8a911bff655d08192b7e34f37d1,ZXG09F,no Transition Curb needed,,66,ZGD102S5,4
91b8f8a911bff655d08192b7e34f37d1,ZXG09E,no Transition Curb needed,,66,ZGD102S5,4
91b8f8a911bff655d08192b7e34f37d1,ZXG09A,no Transition Curb needed,,66,ZGD102S5,4
91b8f8a911bff655d08192b7e34f37d1,ZJ102N5,,,66,ZGD102S5,4
91b8f8a911bff655d08192b7e34f37d1,ZXG09T,no Transition Curb needed,,66,ZGD102S5,4
91b8f8a911bff655d08192b7e34f37d1,ZXG09M,no Transition Curb needed,,66,ZGD102S5,4
91b8f8a911bff655d08192b7e34f37d1,ZYG09F,no Transition Curb needed,,66,ZGD102S5,4
91b8f8a911bff655d08192b7e34f37d1,ZYG09A,no Transition Curb needed,,66,ZGD102S5,4
91b8f8a911bff655d08192b7e34f37d1,ZXG09S,no Transition Curb needed,,66,ZGD102S5,4
91b8f8a911bff655d08192b7e34f37d1,ZYG09D,no Transition Curb needed,,66,ZGD102S5,4
91b8f8a911bff655d08192b7e34f37d1,ZXG09L,no Transition Curb needed,,66,ZGD102S5,4
91b8f8a911bff655d08192b7e34f37d1,ZXG09R,no Transition Curb needed,,66,ZGD102S5,4
91b8f8a911bff655d08192b7e34f37d1,ZYG09E,no Transition Curb needed,,66,ZGD102S5,4
91b8f8a911bff655d08192b7e34f37d1,ZXG09N,no Transition Curb needed,,66,ZGD102S5,4
91b8f8a911bff655d08192b7e34f37d1,ZYG09N,no Transition Curb needed,,66,ZGD102S5,4
91b8f8a911bff655d08192b7e34f37d1,ZYG09L,no Transition Curb needed,,66,ZGD102S5,4
91b8f8a911bff655d08192b7e34f37d1,ZYG09S,no Transition Curb needed,,66,ZGD102S5,4
91b8f8a911bff655d08192b7e34f37d1,ZYG09M,no Transition Curb needed,,66,ZGD102S5,4
91b8f8a911bff655d08192b7e34f37d1,ZYG09R,no Transition Curb needed,,66,ZGD102S5,4
91b8f8a911bff655d08192b7e34f37d1,ZYG08N,no Transition Curb needed,,65,ZGD092S5,4
91b8f8a911bff655d08192b7e34f37d1,ZXG08D,no Transition Curb needed,,65,ZGD092S5,4
91b8f8a911bff655d08192b7e34f37d1,ZYG08R,no Transition Curb needed,,65,ZGD092S5,4
91b8f8a911bff655d08192b7e34f37d1,ZYG08T,no Transition Curb needed,,65,ZGD092S5,4
91b8f8a911bff655d08192b7e34f37d1,ZXG08A,no Transition Curb needed,,65,ZGD092S5,4
91b8f8a911bff655d08192b7e34f37d1,ZYG08S,no Transition Curb needed,,65,ZGD092S5,4
91b8f8a911bff655d08192b7e34f37d1,ZXG08R,no Transition Curb needed,,65,ZGD092S5,4
91b8f8a911bff655d08192b7e34f37d1,ZXG08T,no Transition Curb needed,,65,ZGD092S5,4
91b8f8a911bff655d08192b7e34f37d1,ZXG08E,no Transition Curb needed,,65,ZGD092S5,4
91b8f8a911bff655d08192b7e34f37d1,ZXG08L,no Transition Curb needed,,65,ZGD092S5,4
91b8f8a911bff655d08192b7e34f37d1,ZYG08A,no Transition Curb needed,,65,ZGD092S5,4
91b8f8a911bff655d08192b7e34f37d1,ZXG08F,no Transition Curb needed,,65,ZGD092S5,4
91b8f8a911bff655d08192b7e34f37d1,ZYG08D,no Transition Curb needed,,65,ZGD092S5,4
91b8f8a911bff655d08192b7e34f37d1,ZXG08S,no Transition Curb needed,,65,ZGD092S5,4
91b8f8a911bff655d08192b7e34f37d1,ZYG08F,no Transition Curb needed,,65,ZGD092S5,4
91b8f8a911bff655d08192b7e34f37d1,ZXG08N,no Transition Curb needed,,65,ZGD092S5,4
91b8f8a911bff655d08192b7e34f37d1,ZYG08L,no Transition Curb needed,,65,ZGD092S5,4
91b8f8a911bff655d08192b7e34f37d1,ZYG08E,no Transition Curb needed,,65,ZGD092S5,4
91b8f8a911bff655d08192b7e34f37d1,ZYG08M,no Transition Curb needed,,65,ZGD092S5,4
91b8f8a911bff655d08192b7e34f37d1,ZXG08M,no Transition Curb needed,,65,ZGD092S5,4
91b8f8a911bff655d08192b7e34f37d1,48TJD008Z,no Transition Curb needed,,65,ZGD092S5,4
91b8f8a911bff655d08192b7e34f37d1,48TJF008Z,no Transition Curb needed,,65,ZGD092S5,4
91b8f8a911bff655d08192b7e34f37d1,48TJE008Z,no Transition Curb needed,,65,ZGD092S5,4
91b8f8a911bff655d08192b7e34f37d1,ZH090N4,,,65,ZGD092S5,4
91b8f8a911bff655d08192b7e34f37d1,ZH090N2,,,65,ZGD092S5,4
91b8f8a911bff655d08192b7e34f37d1,ZH090N5,,,65,ZGD092S5,4
91b8f8a911bff655d08192b7e34f37d1,ZJ090N2,,,65,ZGD092S5,4
91b8f8a911bff655d08192b7e34f37d1,ZH090S5,,,65,ZGD092S5,4
91b8f8a911bff655d08192b7e34f37d1,ZJ090S4,,,65,ZGD092S5,4
91b8f8a911bff655d08192b7e34f37d1,ZJ090S2,,,65,ZGD092S5,4
91b8f8a911bff655d08192b7e34f37d1,ZJ090N5,,,65,ZGD092S5,4
91b8f8a911bff655d08192b7e34f37d1,ZJ090N4,,,65,ZGD092S5,4
91b8f8a911bff655d08192b7e34f37d1,ZH090S2,,,65,ZGD092S5,4
91b8f8a911bff655d08192b7e34f37d1,ZJ090S5,,,65,ZGD092S5,4
91b8f8a911bff655d08192b7e34f37d1,ZH090S4,,,65,ZGD092S5,4
91b8f8a911bff655d08192b7e34f37d1,ZF090S,,,65,ZGD092S5,4
91b8f8a911bff655d08192b7e34f37d1,ZGB092S4,no Transition Curb needed,,,ZGD092S5,4
91b8f8a911bff655d08192b7e34f37d1,ZGA092S4,no Transition Curb needed,,,ZGD092S5,4
91b8f8a911bff655d08192b7e34f37d1,ZF090S,,,65,ZGD092S5,4
91b8f8a911bff655d08192b7e34f37d1,ZF090N,,,65,ZGD092S5,4
91b8f8a911bff655d08192b7e34f37d1,ZF090S,,,65,ZGD092S5,4
91b8f8a911bff655d08192b7e34f37d1,JA6ZFN10N2,10L32,,64,ZGD074S5,4
91b8f8a911bff655d08192b7e34f37d1,JA6ZFN08N2,10L32,,64,ZGD074S5,4
91b8f8a911bff655d08192b7e34f37d1,JA6ZFN08N5,10L32,,64,ZGD074S5,4
91b8f8a911bff655d08192b7e34f37d1,JA6ZFN10N4,10L32,,64,ZGD074S5,4
91b8f8a911bff655d08192b7e34f37d1,JA6ZFN10N5,10L32,,64,ZGD074S5,4
91b8f8a911bff655d08192b7e34f37d1,JA6ZFN08N4,10L32,,64,ZGD074S5,4
91b8f8a911bff655d08192b7e34f37d1,RGECZR072,,,64,ZGD074S5,4
91b8f8a911bff655d08192b7e34f37d1,ZGA072S4,no Transition Curb needed,,,ZGD074S5,4
91b8f8a911bff655d08192b7e34f37d1,ZXGA7,,,,ZGD074S5,4
91b8f8a911bff655d08192b7e34f37d1,J05ZFN10N4,10L32,,63,ZGD060S5,4
91b8f8a911bff655d08192b7e34f37d1,ZYG06L,no Transition Curb needed,,63,ZGD060S5,4
91b8f8a911bff655d08192b7e34f37d1,ZYG06S,no Transition Curb needed,,63,ZGD060S5,4
91b8f8a911bff655d08192b7e34f37d1,ZYG06R,no Transition Curb needed,,63,ZGD060S5,4
91b8f8a911bff655d08192b7e34f37d1,ZXG06S,no Transition Curb needed,,63,ZGD060S5,4
91b8f8a911bff655d08192b7e34f37d1,ZXG06D,no Transition Curb needed,,63,ZGD060S5,4
91b8f8a911bff655d08192b7e34f37d1,ZYG06T,no Transition Curb needed,,63,ZGD060S5,4
91b8f8a911bff655d08192b7e34f37d1,ZXG06F,no Transition Curb needed,,63,ZGD060S5,4
91b8f8a911bff655d08192b7e34f37d1,ZXG06T,no Transition Curb needed,,63,ZGD060S5,4
91b8f8a911bff655d08192b7e34f37d1,ZYG06N,no Transition Curb needed,,63,ZGD060S5,4
91b8f8a911bff655d08192b7e34f37d1,ZXG06L,no Transition Curb needed,,63,ZGD060S5,4
91b8f8a911bff655d08192b7e34f37d1,ZXG06R,no Transition Curb needed,,63,ZGD060S5,4
91b8f8a911bff655d08192b7e34f37d1,ZXG06E,no Transition Curb needed,,63,ZGD060S5,4
91b8f8a911bff655d08192b7e34f37d1,ZXG06M,no Transition Curb needed,,63,ZGD060S5,4
91b8f8a911bff655d08192b7e34f37d1,ZYG06A,no Transition Curb needed,,63,ZGD060S5,4
91b8f8a911bff655d08192b7e34f37d1,ZXG06A,no Transition Curb needed,,63,ZGD060S5,4
91b8f8a911bff655d08192b7e34f37d1,ZYG06F,no Transition Curb needed,,63,ZGD060S5,4
91b8f8a911bff655d08192b7e34f37d1,ZYG06E,no Transition Curb needed,,63,ZGD060S5,4
91b8f8a911bff655d08192b7e34f37d1,ZXG06N,no Transition Curb needed,,63,ZGD060S5,4
91b8f8a911bff655d08192b7e34f37d1,ZYG06M,no Transition Curb needed,,63,ZGD060S5,4
91b8f8a911bff655d08192b7e34f37d1,ZYG06D,no Transition Curb needed,,63,ZGD060S5,4
91b8f8a911bff655d08192b7e34f37d1,48TJD006Z,no Transition Curb needed,,63,ZGD060S5,4
91b8f8a911bff655d08192b7e34f37d1,48TJF006Z,no Transition Curb needed,,63,ZGD060S5,4
91b8f8a911bff655d08192b7e34f37d1,48TJE006Z,no Transition Curb needed,,63,ZGD060S5,4
91b8f8a911bff655d08192b7e34f37d1,J05ZFN08N5,10L32,,63,ZGD060S5,4
91b8f8a911bff655d08192b7e34f37d1,J05ZFN08N4,10L32,,63,ZGD060S5,4
91b8f8a911bff655d08192b7e34f37d1,J05ZFN10N5,10L32,,63,ZGD060S5,4
91b8f8a911bff655d08192b7e34f37d1,J05ZFN08N1,10L32,,63,ZGD060S5,4
91b8f8a911bff655d08192b7e34f37d1,J05ZFN10N2,10L32,,63,ZGD060S5,4
91b8f8a911bff655d08192b7e34f37d1,J05ZFN08N2,10L32,,63,ZGD060S5,4
91b8f8a911bff655d08192b7e34f37d1,J05ZFN10N1,10L32,,63,ZGD060S5,4
91b8f8a911bff655d08192b7e34f37d1,YCZ060,,,63,ZGD060S5,4
91b8f8a911bff655d08192b7e34f37d1,ZD-05H,10L32,,63,ZGD060S5,4
91b8f8a911bff655d08192b7e34f37d1,RGECZR060,,,63,ZGD060S5,4
91b8f8a911bff655d08192b7e34f37d1,ZS-05N,10L32,,63,ZGD060S5,4
91b8f8a911bff655d08192b7e34f37d1,ZJ060N,10L32,,63,ZGD060S5,4
91b8f8a911bff655d08192b7e34f37d1,ZE060N,10L32,,63,ZGD060S5,4
91b8f8a911bff655d08192b7e34f37d1,ZYG05F,no Transition Curb needed,,62,ZGD048S5,4
91b8f8a911bff655d08192b7e34f37d1,ZYG05N,no Transition Curb needed,,62,ZGD048S5,4
91b8f8a911bff655d08192b7e34f37d1,ZYG05M,no Transition Curb needed,,62,ZGD048S5,4
91b8f8a911bff655d08192b7e34f37d1,ZYG05L,no Transition Curb needed,,62,ZGD048S5,4
91b8f8a911bff655d08192b7e34f37d1,ZYG05E,no Transition Curb needed,,62,ZGD048S5,4
91b8f8a911bff655d08192b7e34f37d1,ZYG05S,no Transition Curb needed,,62,ZGD048S5,4
91b8f8a911bff655d08192b7e34f37d1,ZYG05T,no Transition Curb needed,,62,ZGD048S5,4
91b8f8a911bff655d08192b7e34f37d1,ZYG05R,no Transition Curb needed,,62,ZGD048S5,4
91b8f8a911bff655d08192b7e34f37d1,ZXG05T,no Transition Curb needed,,62,ZGD048S5,4
91b8f8a911bff655d08192b7e34f37d1,ZYG05D,no Transition Curb needed,,62,ZGD048S5,4
91b8f8a911bff655d08192b7e34f37d1,ZXG05L,no Transition Curb needed,,62,ZGD048S5,4
91b8f8a911bff655d08192b7e34f37d1,ZXG05F,no Transition Curb needed,,62,ZGD048S5,4
91b8f8a911bff655d08192b7e34f37d1,ZYG05A,no Transition Curb needed,,62,ZGD048S5,4
91b8f8a911bff655d08192b7e34f37d1,ZXG05E,no Transition Curb needed,,62,ZGD048S5,4
91b8f8a911bff655d08192b7e34f37d1,ZXG05D,no Transition Curb needed,,62,ZGD048S5,4
91b8f8a911bff655d08192b7e34f37d1,ZXG05R,no Transition Curb needed,,62,ZGD048S5,4
91b8f8a911bff655d08192b7e34f37d1,ZXG05A,no Transition Curb needed,,62,ZGD048S5,4
91b8f8a911bff655d08192b7e34f37d1,ZXG05N,no Transition Curb needed,,62,ZGD048S5,4
91b8f8a911bff655d08192b7e34f37d1,ZXG05M,no Transition Curb needed,,62,ZGD048S5,4
91b8f8a911bff655d08192b7e34f37d1,ZXG05S,no Transition Curb needed,,62,ZGD048S5,4
91b8f8a911bff655d08192b7e34f37d1,48TJE005Z,no Transition Curb needed,,62,ZGD048S5,4
91b8f8a911bff655d08192b7e34f37d1,48TJD005Z,no Transition Curb needed,,62,ZGD048S5,4
91b8f8a911bff655d08192b7e34f37d1,48TJF005Z,no Transition Curb needed,,62,ZGD048S5,4
91b8f8a911bff655d08192b7e34f37d1,J04ZFN06N2,10L32,,62,ZGD048S5,4
91b8f8a911bff655d08192b7e34f37d1,J04ZFN10N4,10L32,,62,ZGD048S5,4
91b8f8a911bff655d08192b7e34f37d1,J04ZFN10N2,10L32,,62,ZGD048S5,4
91b8f8a911bff655d08192b7e34f37d1,J04ZFN06N4,10L32,,62,ZGD048S5,4
91b8f8a911bff655d08192b7e34f37d1,J04ZFN06N5,10L32,,62,ZGD048S5,4
91b8f8a911bff655d08192b7e34f37d1,J04ZFN10N5,10L32,,62,ZGD048S5,4
91b8f8a911bff655d08192b7e34f37d1,J04ZFN06N1,10L32,,62,ZGD048S5,4
91b8f8a911bff655d08192b7e34f37d1,J04ZFN10N1,10L32,,62,ZGD048S5,4
91b8f8a911bff655d08192b7e34f37d1,YCZ048,,,62,ZGD048S5,4
91b8f8a911bff655d08192b7e34f37d1,ZD-04H,10L32,,62,ZGD048S5,4
91b8f8a911bff655d08192b7e34f37d1,RGECZR048,,,62,ZGD048S5,4
91b8f8a911bff655d08192b7e34f37d1,ZE048N,10L32,,62,ZGD048S5,4
91b8f8a911bff655d08192b7e34f37d1,ZS-04N,10L32,,,ZGD048S5,4
91b8f8a911bff655d08192b7e34f37d1,ZYG04N,no Transition Curb needed,,61,ZGD036S5,4
91b8f8a911bff655d08192b7e34f37d1,ZYG04T,no Transition Curb needed,,61,ZGD036S5,4
91b8f8a911bff655d08192b7e34f37d1,ZYG04S,no Transition Curb needed,,61,ZGD036S5,4
91b8f8a911bff655d08192b7e34f37d1,ZXG04A,no Transition Curb needed,,61,ZGD036S5,4
91b8f8a911bff655d08192b7e34f37d1,ZXG04D,no Transition Curb needed,,61,ZGD036S5,4
91b8f8a911bff655d08192b7e34f37d1,ZYG04M,no Transition Curb needed,,61,ZGD036S5,4
91b8f8a911bff655d08192b7e34f37d1,ZXG04F,no Transition Curb needed,,61,ZGD036S5,4
91b8f8a911bff655d08192b7e34f37d1,ZXG04E,no Transition Curb needed,,61,ZGD036S5,4
91b8f8a911bff655d08192b7e34f37d1,ZXG04L,no Transition Curb needed,,61,ZGD036S5,4
91b8f8a911bff655d08192b7e34f37d1,ZXG04T,no Transition Curb needed,,61,ZGD036S5,4
91b8f8a911bff655d08192b7e34f37d1,ZXG04R,no Transition Curb needed,,61,ZGD036S5,4
91b8f8a911bff655d08192b7e34f37d1,ZYG04F,no Transition Curb needed,,61,ZGD036S5,4
91b8f8a911bff655d08192b7e34f37d1,ZYG04L,no Transition Curb needed,,61,ZGD036S5,4
91b8f8a911bff655d08192b7e34f37d1,ZXG04M,no Transition Curb needed,,61,ZGD036S5,4
91b8f8a911bff655d08192b7e34f37d1,ZYG04D,no Transition Curb needed,,61,ZGD036S5,4
91b8f8a911bff655d08192b7e34f37d1,ZYG04A,no Transition Curb needed,,61,ZGD036S5,4
91b8f8a911bff655d08192b7e34f37d1,ZYG04E,no Transition Curb needed,,61,ZGD036S5,4
91b8f8a911bff655d08192b7e34f37d1,ZXG04N,no Transition Curb needed,,61,ZGD036S5,4
91b8f8a911bff655d08192b7e34f37d1,ZXG04S,no Transition Curb needed,,61,ZGD036S5,4
91b8f8a911bff655d08192b7e34f37d1,ZYG04R,no Transition Curb needed,,61,ZGD036S5,4
91b8f8a911bff655d08192b7e34f37d1,J03ZFN04N2,10L32,,61,ZGD036S5,4
91b8f8a911bff655d08192b7e34f37d1,J03ZFN04N4,10L32,,61,ZGD036S5,4
91b8f8a911bff655d08192b7e34f37d1,J03ZFN04N5,10L32,,61,ZGD036S5,4
91b8f8a911bff655d08192b7e34f37d1,J03ZFN08N5,10L32,,61,ZGD036S5,4
91b8f8a911bff655d08192b7e34f37d1,J03ZFN08N2,10L32,,61,ZGD036S5,4
91b8f8a911bff655d08192b7e34f37d1,J03ZFN08N4,10L32,,61,ZGD036S5,4
91b8f8a911bff655d08192b7e34f37d1,J03ZFN04N1,10L32,,61,ZGD036S5,4
91b8f8a911bff655d08192b7e34f37d1,J03ZFN08N1,10L32,,61,ZGD036S5,4
91b8f8a911bff655d08192b7e34f37d1,YCZ036,,,61,ZGD036S5,4
91b8f8a911bff655d08192b7e34f37d1,ZD-03H,10L32,,61,ZGD036S5,4
91b8f8a911bff655d08192b7e34f37d1,ZE036N,10L32,,61,ZGD036S5,4
91b8f8a911bff655d08192b7e34f37d1,RGECZR036,,,61,ZGD036S5,4
91b8f8a911bff655d08192b7e34f37d1,LGC048,31B66,,,ZGD048S5,4
91b8f8a911bff655d08192b7e34f37d1,48HCFA07,,,,ZGD074S5,4
91b8f8a911bff655d08192b7e34f37d1,RKKB-A150,,,,ZGD150S5,4
91b8f8a911bff655d08192b7e34f37d1,RRNL-B060,,,,ZGD060S5,4
91b8f8a911bff655d08192b7e34f37d1,RRNL-B048,,,,ZGD048S5,4
91b8f8a911bff655d08192b7e34f37d1,RRNL-B036,,,,ZGD036S5,4
91b8f8a911bff655d08192b7e34f37d1,THC063A,,,,ZCD060S,4
91b8f8a911bff655d08192b7e34f37d1,48TCED08A1A6,,,65,ZGD092S5,4
91b8f8a911bff655d08192b7e34f37d1,48TCED08A1A5,,,65,ZGD092S5,4
91b8f8a911bff655d08192b7e34f37d1,48TCED09,no Transition Curb needed,,66,ZGD102S5,4
91b8f8a911bff655d08192b7e34f37d1,48TCED09A1A1,,,66,ZGD102S5,4
91b8f8a911bff655d08192b7e34f37d1,48TCED09A1A5,,,66,ZGD102S5,4
91b8f8a911bff655d08192b7e34f37d1,48TCFA07,no Transition Curb needed,,,ZGD074S5,4
91b8f8a911bff655d08192b7e34f37d1,48TCFA06,no Transition Curb needed,,,ZGD060S5,4
91b8f8a911bff655d08192b7e34f37d1,48TCDD12A1A6,no Transition Curb needed,,67,ZGD120S5,4
91b8f8a911bff655d08192b7e34f37d1,48TCDD12A1A5,no Transition Curb needed,,67,ZGD120S5,4
91b8f8a911bff655d08192b7e34f37d1,48TCDD12A1A1,no Transition Curb needed,,67,ZGD120S5,4
91b8f8a911bff655d08192b7e34f37d1,48TCDD14,no Transition Curb needed,,68,ZGD150S5,4
91b8f8a911bff655d08192b7e34f37d1,48TCDD12,no Transition Curb needed,,67,ZGD120S5,4
91b8f8a911bff655d08192b7e34f37d1,48TCDD08,no Transition Curb needed,,65,ZGD092S5,4
91b8f8a911bff655d08192b7e34f37d1,48TCDD09,no Transition Curb needed,,66,ZGD102S5,4
91b8f8a911bff655d08192b7e34f37d1,WSC120E,,,,ZHD120S5,4
91b8f8a911bff655d08192b7e34f37d1,2PGE13E36,,,,ZGD036S5,4
91b8f8a911bff655d08192b7e34f37d1,2PGE13E60,,,,ZGD060S5,4
91b8f8a911bff655d08192b7e34f37d1,2PGE13E48,,,,ZGD048S5,4
91b8f8a911bff655d08192b7e34f37d1,582JT06,no Transition Curb needed,,,ZGD060S5,4
91b8f8a911bff655d08192b7e34f37d1,582JP06,no Transition Curb needed,,,ZGD060S5,4
91b8f8a911bff655d08192b7e34f37d1,582JJ06,no Transition Curb needed,,,ZGD060S5,4
91b8f8a911bff655d08192b7e34f37d1,582JE06,no Transition Curb needed,,,ZGD060S5,4
91b8f8a911bff655d08192b7e34f37d1,582JT05,no Transition Curb needed,,,ZGD048S5,4
91b8f8a911bff655d08192b7e34f37d1,582JJ05,no Transition Curb needed,,,ZGD048S5,4
91b8f8a911bff655d08192b7e34f37d1,582JE05,no Transition Curb needed,,,ZGD048S5,4
91b8f8a911bff655d08192b7e34f37d1,582JT04,no Transition Curb needed,,,ZGD036S5,4
91b8f8a911bff655d08192b7e34f37d1,582JP05,no Transition Curb needed,,,ZGD048S5,4
91b8f8a911bff655d08192b7e34f37d1,582JP04,no Transition Curb needed,,,ZGD036S5,4
91b8f8a911bff655d08192b7e34f37d1,582JJ04,no Transition Curb needed,,,ZGD036S5,4
91b8f8a911bff655d08192b7e34f37d1,582JE04,no Transition Curb needed,,,ZGD036S5,4
91b8f8a911bff655d08192b7e34f37d1,48TCFD14,,,67,ZGD150S5,4
91b8f8a911bff655d08192b7e34f37d1,48TCFD12,no Transition Curb needed,,67,ZGD120S5,4
91b8f8a911bff655d08192b7e34f37d1,549BPX120,no Transition Curb needed,,74,ZHD120S5,4
91b8f8a911bff655d08192b7e34f37d1,WCD120C400BA,,,74,ZHD120S5,4
91b8f8a911bff655d08192b7e34f37d1,50LJQ012,no Transition Curb needed,,74,ZHD120S5,4
91b8f8a911bff655d08192b7e34f37d1,50PQ012-5,,,74,ZHD120S5,4
91b8f8a911bff655d08192b7e34f37d1,50PQ012-1,,,74,ZHD120S5,4
91b8f8a911bff655d08192b7e34f37d1,50HCQA12,no Transition Curb needed,,74,ZHD120S5,4
91b8f8a911bff655d08192b7e34f37d1,50PQ012-6,,,74,ZHD120S5,4
91b8f8a911bff655d08192b7e34f37d1,50HJQ012,no Transition Curb needed,,74,ZHD120S5,4
91b8f8a911bff655d08192b7e34f37d1,50HCQD12,no Transition Curb needed,,74,ZHD120S5,4
91b8f8a911bff655d08192b7e34f37d1,50TJQ012,no Transition Curb needed,,74,ZHD120S5,4
91b8f8a911bff655d08192b7e34f37d1,50TFQ012,no Transition Curb needed,,74,ZHD120S5,4
91b8f8a911bff655d08192b7e34f37d1,548BBX120,no Transition Curb needed,,74,ZHD120S5,4
91b8f8a911bff655d08192b7e34f37d1,548BEX120,no Transition Curb needed,,74,ZHD120S5,4
91b8f8a911bff655d08192b7e34f37d1,548BPX120,no Transition Curb needed,,74,ZHD120S5,4
91b8f8a911bff655d08192b7e34f37d1,50QJ012,no Transition Curb needed,,74,ZHD120S5,4
91b8f8a911bff655d08192b7e34f37d1,50TCQD12,,,74,ZHD120S5,4
91b8f8a911bff655d08192b7e34f37d1,50TCQA12,,,74,ZHD120S5,4
91b8f8a911bff655d08192b7e34f37d1,548BJX120,no Transition Curb needed,,74,ZHD120S5,4
91b8f8a911bff655d08192b7e34f37d1,548CPX120,no Transition Curb needed,,74,ZHD120S5,4
91b8f8a911bff655d08192b7e34f37d1,548CJX120,no Transition Curb needed,,74,ZHD120S5,4
91b8f8a911bff655d08192b7e34f37d1,548DPX120,no Transition Curb needed,,74,ZHD120S5,4
91b8f8a911bff655d08192b7e34f37d1,548CBX120,no Transition Curb needed,,74,ZHD120S5,4
91b8f8a911bff655d08192b7e34f37d1,548DJX120,no Transition Curb needed,,74,ZHD120S5,4
91b8f8a911bff655d08192b7e34f37d1,548DTX120,no Transition Curb needed,,74,ZHD120S5,4
91b8f8a911bff655d08192b7e34f37d1,548CEX120,no Transition Curb needed,,74,ZHD120S5,4
91b8f8a911bff655d08192b7e34f37d1,548FEX120,no Transition Curb needed,,74,ZHD120S5,4
91b8f8a911bff655d08192b7e34f37d1,548DEX120,no Transition Curb needed,,74,ZHD120S5,4
91b8f8a911bff655d08192b7e34f37d1,548CTX120,no Transition Curb needed,,74,ZHD120S5,4
91b8f8a911bff655d08192b7e34f37d1,548BTX120,no Transition Curb needed,,74,ZHD120S5,4
91b8f8a911bff655d08192b7e34f37d1,548JT12,no Transition Curb needed,,74,ZHD120S5,4
91b8f8a911bff655d08192b7e34f37d1,548JJ12,no Transition Curb needed,,74,ZHD120S5,4
91b8f8a911bff655d08192b7e34f37d1,548JP12,no Transition Curb needed,,74,ZHD120S5,4
91b8f8a911bff655d08192b7e34f37d1,548FJX120,no Transition Curb needed,,74,ZHD120S5,4
91b8f8a911bff655d08192b7e34f37d1,549BEX120,no Transition Curb needed,,74,ZHD120S5,4
91b8f8a911bff655d08192b7e34f37d1,548FTX120,no Transition Curb needed,,74,ZHD120S5,4
91b8f8a911bff655d08192b7e34f37d1,548FPX120,no Transition Curb needed,,74,ZHD120S5,4
91b8f8a911bff655d08192b7e34f37d1,549BJX120,no Transition Curb needed,,74,ZHD120S5,4
91b8f8a911bff655d08192b7e34f37d1,548JE12,no Transition Curb needed,,74,ZHD120S5,4
91b8f8a911bff655d08192b7e34f37d1,CHP8-1353,11J04,,74,ZHD120S5,4
91b8f8a911bff655d08192b7e34f37d1,B3CH120A58,11J07,,74,ZHD120S5,4
91b8f8a911bff655d08192b7e34f37d1,B3CH120A25,11J07,,74,ZHD120S5,4
91b8f8a911bff655d08192b7e34f37d1,B4CH120A58,11J07,,74,ZHD120S5,4
91b8f8a911bff655d08192b7e34f37d1,B5CH120A46,11J07,,74,ZHD120S5,4
91b8f8a911bff655d08192b7e34f37d1,B4CH120A25,11J07,,74,ZHD120S5,4
91b8f8a911bff655d08192b7e34f37d1,B3CH120A46,11J07,,74,ZHD120S5,4
91b8f8a911bff655d08192b7e34f37d1,B5CH120A25,11J07,,74,ZHD120S5,4
91b8f8a911bff655d08192b7e34f37d1,B4CH120A46,11J07,,74,ZHD120S5,4
91b8f8a911bff655d08192b7e34f37d1,B5CH120A58,11J07,,74,ZHD120S5,4
91b8f8a911bff655d08192b7e34f37d1,PHH120H,no Transition Curb needed,,74,ZHD120S5,4
91b8f8a911bff655d08192b7e34f37d1,PHE120L,no Transition Curb needed,,74,ZHD120S5,4
91b8f8a911bff655d08192b7e34f37d1,PHH120K,no Transition Curb needed,,74,ZHD120S5,4
91b8f8a911bff655d08192b7e34f37d1,PHE120S,no Transition Curb needed,,74,ZHD120S5,4
91b8f8a911bff655d08192b7e34f37d1,PHE120H,no Transition Curb needed,,74,ZHD120S5,4
91b8f8a911bff655d08192b7e34f37d1,PHB120N2S,,,74,ZHD120S5,4
91b8f8a911bff655d08192b7e34f37d1,PHB120N2L,,,74,ZHD120S5,4
91b8f8a911bff655d08192b7e34f37d1,DCH120,,,74,ZHD120S5,4
91b8f8a911bff655d08192b7e34f37d1,PHB120N2H,,,74,ZHD120S5,4
91b8f8a911bff655d08192b7e34f37d1,Q6SP-120DA,,,74,ZHD120S5,4
91b8f8a911bff655d08192b7e34f37d1,Q6SP-120CA,,,74,ZHD120S5,4
91b8f8a911bff655d08192b7e34f37d1,PHS120S,no Transition Curb needed,,74,ZHD120S5,4
91b8f8a911bff655d08192b7e34f37d1,RHH120H,no Transition Curb needed,,74,ZHD120S5,4
91b8f8a911bff655d08192b7e34f37d1,PHH120L,no Transition Curb needed,,74,ZHD120S5,4
91b8f8a911bff655d08192b7e34f37d1,PHS120L,no Transition Curb needed,,74,ZHD120S5,4
91b8f8a911bff655d08192b7e34f37d1,PHS120H,no Transition Curb needed,,74,ZHD120S5,4
91b8f8a911bff655d08192b7e34f37d1,RHH120S,no Transition Curb needed,,74,ZHD120S5,4
91b8f8a911bff655d08192b7e34f37d1,RHS120H,no Transition Curb needed,,74,ZHD120S5,4
91b8f8a911bff655d08192b7e34f37d1,RHH120K,no Transition Curb needed,,74,ZHD120S5,4
91b8f8a911bff655d08192b7e34f37d1,RHS120K,no Transition Curb needed,,74,ZHD120S5,4
91b8f8a911bff655d08192b7e34f37d1,WCD120B400BA,,,74,ZHD120S5,4
91b8f8a911bff655d08192b7e34f37d1,WCD120B300BA,,,74,ZHD120S5,4
91b8f8a911bff655d08192b7e34f37d1,RHH120L,no Transition Curb needed,,74,ZHD120S5,4
91b8f8a911bff655d08192b7e34f37d1,RHS120S,no Transition Curb needed,,74,ZHD120S5,4
91b8f8a911bff655d08192b7e34f37d1,RHS120L,no Transition Curb needed,,74,ZHD120S5,4
91b8f8a911bff655d08192b7e34f37d1,WCD120BW00BA,,,74,ZHD120S5,4
91b8f8a911bff655d08192b7e34f37d1,WCD120C300BA,,,74,ZHD120S5,4
91b8f8a911bff655d08192b7e34f37d1,WCD120CW00BA,,,74,ZHD120S5,4
91b8f8a911bff655d08192b7e34f37d1,RHS102S,no Transition Curb needed,,73,ZHD102S5,4
91b8f8a911bff655d08192b7e34f37d1,50HCQA09,no Transition Curb needed,,73,ZHD102S5,4
91b8f8a911bff655d08192b7e34f37d1,50HCQD09,no Transition Curb needed,,73,ZHD102S5,4
91b8f8a911bff655d08192b7e34f37d1,50QJ009,no Transition Curb needed,,73,ZHD102S5,4
91b8f8a911bff655d08192b7e34f37d1,50HJQ009,no Transition Curb needed,,73,ZHD102S5,4
91b8f8a911bff655d08192b7e34f37d1,50TCQA09,,,73,ZHD102S5,4
91b8f8a911bff655d08192b7e34f37d1,50TCQD09,,,73,ZHD102S5,4
91b8f8a911bff655d08192b7e34f37d1,548DJX102,no Transition Curb needed,,73,ZHD102S5,4
91b8f8a911bff655d08192b7e34f37d1,548JE09,no Transition Curb needed,,73,ZHD102S5,4
91b8f8a911bff655d08192b7e34f37d1,548DPX102,no Transition Curb needed,,73,ZHD102S5,4
91b8f8a911bff655d08192b7e34f37d1,50TJQ009,no Transition Curb needed,,73,ZHD102S5,4
91b8f8a911bff655d08192b7e34f37d1,548DEX102,no Transition Curb needed,,73,ZHD102S5,4
91b8f8a911bff655d08192b7e34f37d1,548JP09,no Transition Curb needed,,73,ZHD102S5,4
91b8f8a911bff655d08192b7e34f37d1,50TFQ009,no Transition Curb needed,,73,ZHD102S5,4
91b8f8a911bff655d08192b7e34f37d1,548DTX102,no Transition Curb needed,,73,ZHD102S5,4
91b8f8a911bff655d08192b7e34f37d1,548JJ09,no Transition Curb needed,,73,ZHD102S5,4
91b8f8a911bff655d08192b7e34f37d1,548JT09,no Transition Curb needed,,73,ZHD102S5,4
91b8f8a911bff655d08192b7e34f37d1,PHH102H,no Transition Curb needed,,73,ZHD102S5,4
91b8f8a911bff655d08192b7e34f37d1,549BPX102,no Transition Curb needed,,73,ZHD102S5,4
91b8f8a911bff655d08192b7e34f37d1,PHE102H,no Transition Curb needed,,73,ZHD102S5,4
91b8f8a911bff655d08192b7e34f37d1,PHE102L,no Transition Curb needed,,73,ZHD102S5,4
91b8f8a911bff655d08192b7e34f37d1,DCH102,no Transition Curb needed,,73,ZHD102S5,4
91b8f8a911bff655d08192b7e34f37d1,PHE102S,no Transition Curb needed,,73,ZHD102S5,4
91b8f8a911bff655d08192b7e34f37d1,549BEX102,no Transition Curb needed,,73,ZHD102S5,4
91b8f8a911bff655d08192b7e34f37d1,LHA102,,,73,ZHD102S5,4
91b8f8a911bff655d08192b7e34f37d1,549BJX102,no Transition Curb needed,,73,ZHD102S5,4
91b8f8a911bff655d08192b7e34f37d1,PHH102L,no Transition Curb needed,,73,ZHD102S5,4
91b8f8a911bff655d08192b7e34f37d1,PHH102K,no Transition Curb needed,,73,ZHD102S5,4
91b8f8a911bff655d08192b7e34f37d1,RHS102L,no Transition Curb needed,,73,ZHD102S5,4
91b8f8a911bff655d08192b7e34f37d1,RHH102K,no Transition Curb needed,,73,ZHD102S5,4
91b8f8a911bff655d08192b7e34f37d1,RHH102H,no Transition Curb needed,,73,ZHD102S5,4
91b8f8a911bff655d08192b7e34f37d1,RHS102H,no Transition Curb needed,,73,ZHD102S5,4
91b8f8a911bff655d08192b7e34f37d1,RHS102K,no Transition Curb needed,,73,ZHD102S5,4
91b8f8a911bff655d08192b7e34f37d1,RHH102S,no Transition Curb needed,,73,ZHD102S5,4
91b8f8a911bff655d08192b7e34f37d1,RHH102L,no Transition Curb needed,,73,ZHD102S5,4
91b8f8a911bff655d08192b7e34f37d1,548JT08,no Transition Curb needed,,72,ZHD092S5,4
91b8f8a911bff655d08192b7e34f37d1,549BEX090,no Transition Curb needed,,72,ZHD092S5,4
91b8f8a911bff655d08192b7e34f37d1,WSC090H,,,72,ZHD092S5,4
91b8f8a911bff655d08192b7e34f37d1,50HCQA08,no Transition Curb needed,,72,ZHD092S5,4
91b8f8a911bff655d08192b7e34f37d1,50QD008-3,,,72,ZHD092S5,4
91b8f8a911bff655d08192b7e34f37d1,50QD008-1,,,72,ZHD092S5,4
91b8f8a911bff655d08192b7e34f37d1,50QD008-5,,,72,ZHD092S5,4
91b8f8a911bff655d08192b7e34f37d1,50LJQ008,no Transition Curb needed,,72,ZHD092S5,4
91b8f8a911bff655d08192b7e34f37d1,50HJQ008,no Transition Curb needed,,72,ZHD092S5,4
91b8f8a911bff655d08192b7e34f37d1,50QJ008,no Transition Curb needed,,72,ZHD092S5,4
91b8f8a911bff655d08192b7e34f37d1,50HCQD08,no Transition Curb needed,,72,ZHD092S5,4
91b8f8a911bff655d08192b7e34f37d1,50PQ008,,,72,ZHD092S5,4
91b8f8a911bff655d08192b7e34f37d1,50QD008-6,,,72,ZHD092S5,4
91b8f8a911bff655d08192b7e34f37d1,50RQ008,,,72,ZHD092S5,4
91b8f8a911bff655d08192b7e34f37d1,50TCQD08,no Transition Curb needed,,72,ZHD092S5,4
91b8f8a911bff655d08192b7e34f37d1,548CBX090,no Transition Curb needed,,72,ZHD092S5,4
91b8f8a911bff655d08192b7e34f37d1,548BEX090,no Transition Curb needed,,72,ZHD092S5,4
91b8f8a911bff655d08192b7e34f37d1,50TJQ008,no Transition Curb needed,,72,ZHD092S5,4
91b8f8a911bff655d08192b7e34f37d1,50TFQ008,no Transition Curb needed,,72,ZHD092S5,4
91b8f8a911bff655d08192b7e34f37d1,548BJX090,no Transition Curb needed,,72,ZHD092S5,4
91b8f8a911bff655d08192b7e34f37d1,50TCQA08,,,72,ZHD092S5,4
91b8f8a911bff655d08192b7e34f37d1,548BTX090,no Transition Curb needed,,72,ZHD092S5,4
91b8f8a911bff655d08192b7e34f37d1,548BBX090,no Transition Curb needed,,72,ZHD092S5,4
91b8f8a911bff655d08192b7e34f37d1,548BPX090,no Transition Curb needed,,72,ZHD092S5,4
91b8f8a911bff655d08192b7e34f37d1,548FPX090,no Transition Curb needed,,72,ZHD092S5,4
91b8f8a911bff655d08192b7e34f37d1,548CPX090,no Transition Curb needed,,72,ZHD092S5,4
91b8f8a911bff655d08192b7e34f37d1,548CEX090,no Transition Curb needed,,72,ZHD092S5,4
91b8f8a911bff655d08192b7e34f37d1,548DTX090,no Transition Curb needed,,72,ZHD092S5,4
91b8f8a911bff655d08192b7e34f37d1,548CJX090,no Transition Curb needed,,72,ZHD092S5,4
91b8f8a911bff655d08192b7e34f37d1,548FJX090,no Transition Curb needed,,72,ZHD092S5,4
91b8f8a911bff655d08192b7e34f37d1,548DJX090,no Transition Curb needed,,72,ZHD092S5,4
91b8f8a911bff655d08192b7e34f37d1,548FEX090,no Transition Curb needed,,72,ZHD092S5,4
91b8f8a911bff655d08192b7e34f37d1,548DPX090,no Transition Curb needed,,72,ZHD092S5,4
91b8f8a911bff655d08192b7e34f37d1,548CTX090,no Transition Curb needed,,72,ZHD092S5,4
91b8f8a911bff655d08192b7e34f37d1,548DEX090,no Transition Curb needed,,72,ZHD092S5,4
91b8f8a911bff655d08192b7e34f37d1,B3CH090A46,11J07,,72,ZHD092S5,4
91b8f8a911bff655d08192b7e34f37d1,548JP08,no Transition Curb needed,,72,ZHD092S5,4
91b8f8a911bff655d08192b7e34f37d1,548FTX090,no Transition Curb needed,,72,ZHD092S5,4
91b8f8a911bff655d08192b7e34f37d1,B3CH090A25,11J07,,72,ZHD092S5,4
91b8f8a911bff655d08192b7e34f37d1,548JJ08,no Transition Curb needed,,72,ZHD092S5,4
91b8f8a911bff655d08192b7e34f37d1,548JE08,no Transition Curb needed,,72,ZHD092S5,4
91b8f8a911bff655d08192b7e34f37d1,549BJX090,no Transition Curb needed,,72,ZHD092S5,4
91b8f8a911bff655d08192b7e34f37d1,549BPX090,no Transition Curb needed,,72,ZHD092S5,4
91b8f8a911bff655d08192b7e34f37d1,DCH090,,,72,ZHD092S5,4
91b8f8a911bff655d08192b7e34f37d1,B5CH090A58,11J07,,72,ZHD092S5,4
91b8f8a911bff655d08192b7e34f37d1,PHB090N2H,,,72,ZHD092S5,4
91b8f8a911bff655d08192b7e34f37d1,B4CH090A46,11J07,,72,ZHD092S5,4
91b8f8a911bff655d08192b7e34f37d1,B5CH090A25,11J07,,72,ZHD092S5,4
91b8f8a911bff655d08192b7e34f37d1,B4CH090A25,11J07,,72,ZHD092S5,4
91b8f8a911bff655d08192b7e34f37d1,PHB090N2L,,,72,ZHD092S5,4
91b8f8a911bff655d08192b7e34f37d1,B4CH090A58,11J07,,72,ZHD092S5,4
91b8f8a911bff655d08192b7e34f37d1,B5CH090A46,11J07,,72,ZHD092S5,4
91b8f8a911bff655d08192b7e34f37d1,B3CH090A58,11J07,,72,ZHD092S5,4
91b8f8a911bff655d08192b7e34f37d1,PHS090H,no Transition Curb needed,,72,ZHD092S5,4
91b8f8a911bff655d08192b7e34f37d1,PHE090S,no Transition Curb needed,,72,ZHD092S5,4
91b8f8a911bff655d08192b7e34f37d1,PHH090K,no Transition Curb needed,,72,ZHD092S5,4
91b8f8a911bff655d08192b7e34f37d1,Q6SP-090CA,,,72,ZHD092S5,4
91b8f8a911bff655d08192b7e34f37d1,PHH090H,no Transition Curb needed,,72,ZHD092S5,4
91b8f8a911bff655d08192b7e34f37d1,PHH090L,no Transition Curb needed,,72,ZHD092S5,4
91b8f8a911bff655d08192b7e34f37d1,PHS090S,no Transition Curb needed,,72,ZHD092S5,4
91b8f8a911bff655d08192b7e34f37d1,PHB090N2S,,,72,ZHD092S5,4
91b8f8a911bff655d08192b7e34f37d1,PHE090H,no Transition Curb needed,,72,ZHD092S5,4
91b8f8a911bff655d08192b7e34f37d1,PHE090L,no Transition Curb needed,,72,ZHD092S5,4
91b8f8a911bff655d08192b7e34f37d1,PHS090L,no Transition Curb needed,,72,ZHD092S5,4
91b8f8a911bff655d08192b7e34f37d1,WCD090A,,,72,ZHD092S5,4
91b8f8a911bff655d08192b7e34f37d1,RHH090K,no Transition Curb needed,,72,ZHD092S5,4
91b8f8a911bff655d08192b7e34f37d1,RHS090H,no Transition Curb needed,,72,ZHD092S5,4
91b8f8a911bff655d08192b7e34f37d1,RHH090H,no Transition Curb needed,,72,ZHD092S5,4
91b8f8a911bff655d08192b7e34f37d1,RHS090K,no Transition Curb needed,,72,ZHD092S5,4
91b8f8a911bff655d08192b7e34f37d1,RHS090L,no Transition Curb needed,,72,ZHD092S5,4
91b8f8a911bff655d08192b7e34f37d1,RHS090S,no Transition Curb needed,,72,ZHD092S5,4
91b8f8a911bff655d08192b7e34f37d1,RHH090L,no Transition Curb needed,,72,ZHD092S5,4
91b8f8a911bff655d08192b7e34f37d1,Q6SP-090DA,,,72,ZHD092S5,4
91b8f8a911bff655d08192b7e34f37d1,RHH090S,no Transition Curb needed,,72,ZHD092S5,4
91b8f8a911bff655d08192b7e34f37d1,WSC090A,,,72,ZHD092S5,4
91b8f8a911bff655d08192b7e34f37d1,WCD090C,,,72,ZHD092S5,4
91b8f8a911bff655d08192b7e34f37d1,WCD090B,,,72,ZHD092S5,4
91b8f8a911bff655d08192b7e34f37d1,WSC090E,,,72,ZHD092S5,4
91b8f8a911bff655d08192b7e34f37d1,548CEX060,no Transition Curb needed,,71,ZHD060S5,4
91b8f8a911bff655d08192b7e34f37d1,CHP16-651,31B67,,71,ZHD060S5,4
91b8f8a911bff655d08192b7e34f37d1,WCH060,,,71,ZHD060S5,4
91b8f8a911bff655d08192b7e34f37d1,13CHPXA-60,,,,ZHD060S5,
91b8f8a911bff655d08192b7e34f37d1,50HS060311,,,71,ZHD060S5,4
91b8f8a911bff655d08192b7e34f37d1,50HCQA06,no Transition Curb needed,,71,ZHD060S5,4
91b8f8a911bff655d08192b7e34f37d1,50HJQ006,no Transition Curb needed,,71,ZHD060S5,4
91b8f8a911bff655d08192b7e34f37d1,50HCQD06,no Transition Curb needed,,71,ZHD060S5,4
91b8f8a911bff655d08192b7e34f37d1,50KCQA06A3,no Transition Curb needed,,71,ZHD060S5,4
91b8f8a911bff655d08192b7e34f37d1,50LJQ006,no Transition Curb needed,,71,ZHD060S5,4
91b8f8a911bff655d08192b7e34f37d1,50PQ006,,,71,ZHD060S5,4
91b8f8a911bff655d08192b7e34f37d1,50KCQA06A0,no Transition Curb needed,,71,ZHD060S5,4
91b8f8a911bff655d08192b7e34f37d1,50KCQA06A2,no Transition Curb needed,,71,ZHD060S5,4
91b8f8a911bff655d08192b7e34f37d1,50KCQA06A1,no Transition Curb needed,,71,ZHD060S5,4
91b8f8a911bff655d08192b7e34f37d1,50HS060511,,,71,ZHD060S5,4
91b8f8a911bff655d08192b7e34f37d1,50QH006,,,71,ZHD060S5,4
91b8f8a911bff655d08192b7e34f37d1,50HS060611,,,71,ZHD060S5,4
91b8f8a911bff655d08192b7e34f37d1,50QD006,,,71,ZHD060S5,4
91b8f8a911bff655d08192b7e34f37d1,50TFQ006-3,no Transition Curb needed,,71,ZHD060S5,4
91b8f8a911bff655d08192b7e34f37d1,50QJ006-5,no Transition Curb needed,,71,ZHD060S5,4
91b8f8a911bff655d08192b7e34f37d1,50TFQ006-6,no Transition Curb needed,,71,ZHD060S5,4
91b8f8a911bff655d08192b7e34f37d1,50RQ006,,,71,ZHD060S5,4
91b8f8a911bff655d08192b7e34f37d1,50QJ006-6,no Transition Curb needed,,71,ZHD060S5,4
91b8f8a911bff655d08192b7e34f37d1,50TCQA06,no Transition Curb needed,,71,ZHD060S5,4
91b8f8a911bff655d08192b7e34f37d1,50TFQ006-1,no Transition Curb needed,,71,ZHD060S5,4
91b8f8a911bff655d08192b7e34f37d1,50TFQ006-5,no Transition Curb needed,,71,ZHD060S5,4
91b8f8a911bff655d08192b7e34f37d1,50TCQD06,no Transition Curb needed,,71,ZHD060S5,4
91b8f8a911bff655d08192b7e34f37d1,50QJ006-3,no Transition Curb needed,,71,ZHD060S5,4
91b8f8a911bff655d08192b7e34f37d1,50QJ006-1,no Transition Curb needed,,71,ZHD060S5,4
91b8f8a911bff655d08192b7e34f37d1,50TJQ006,no Transition Curb needed,,71,ZHD060S5,4
91b8f8a911bff655d08192b7e34f37d1,548BBX060,no Transition Curb needed,,71,ZHD060S5,4
91b8f8a911bff655d08192b7e34f37d1,548BEX060,no Transition Curb needed,,71,ZHD060S5,4
91b8f8a911bff655d08192b7e34f37d1,548BPX060,no Transition Curb needed,,71,ZHD060S5,4
91b8f8a911bff655d08192b7e34f37d1,548BTX060,no Transition Curb needed,,71,ZHD060S5,4
91b8f8a911bff655d08192b7e34f37d1,548CBX060,no Transition Curb needed,,71,ZHD060S5,4
91b8f8a911bff655d08192b7e34f37d1,548BJX060,no Transition Curb needed,,71,ZHD060S5,4
91b8f8a911bff655d08192b7e34f37d1,542GN060,,,71,ZHD060S5,4
91b8f8a911bff655d08192b7e34f37d1,542GP060,,,71,ZHD060S5,4
91b8f8a911bff655d08192b7e34f37d1,548FEX060,no Transition Curb needed,,71,ZHD060S5,4
91b8f8a911bff655d08192b7e34f37d1,548DPX060,no Transition Curb needed,,71,ZHD060S5,4
91b8f8a911bff655d08192b7e34f37d1,548DEX060,no Transition Curb needed,,71,ZHD060S5,4
91b8f8a911bff655d08192b7e34f37d1,548DJX060,no Transition Curb needed,,71,ZHD060S5,4
91b8f8a911bff655d08192b7e34f37d1,548FJX060,no Transition Curb needed,,71,ZHD060S5,4
91b8f8a911bff655d08192b7e34f37d1,548CTX060,no Transition Curb needed,,71,ZHD060S5,4
91b8f8a911bff655d08192b7e34f37d1,548CJX060,no Transition Curb needed,,71,ZHD060S5,4
91b8f8a911bff655d08192b7e34f37d1,548DTX060,no Transition Curb needed,,71,ZHD060S5,4
91b8f8a911bff655d08192b7e34f37d1,548FPX060,no Transition Curb needed,,71,ZHD060S5,4
91b8f8a911bff655d08192b7e34f37d1,548CPX060,no Transition Curb needed,,71,ZHD060S5,4
91b8f8a911bff655d08192b7e34f37d1,B1HA060A25,,,71,ZHD060S5,4
91b8f8a911bff655d08192b7e34f37d1,549BEX060,no Transition Curb needed,,71,ZHD060S5,4
91b8f8a911bff655d08192b7e34f37d1,548FTX060,no Transition Curb needed,,71,ZHD060S5,4
91b8f8a911bff655d08192b7e34f37d1,549BPX060,no Transition Curb needed,,71,ZHD060S5,4
91b8f8a911bff655d08192b7e34f37d1,548JE06,no Transition Curb needed,,71,ZHD060S5,4
91b8f8a911bff655d08192b7e34f37d1,B1HA060A06,,,71,ZHD060S5,4
91b8f8a911bff655d08192b7e34f37d1,548JT06,no Transition Curb needed,,71,ZHD060S5,4
91b8f8a911bff655d08192b7e34f37d1,548JP06,no Transition Curb needed,,71,ZHD060S5,4
91b8f8a911bff655d08192b7e34f37d1,549BJX060,no Transition Curb needed,,71,ZHD060S5,4
91b8f8a911bff655d08192b7e34f37d1,548JJ06,no Transition Curb needed,,71,ZHD060S5,4
91b8f8a911bff655d08192b7e34f37d1,B1HH060A06,,,71,ZHD060S5,4
91b8f8a911bff655d08192b7e34f37d1,B1HA060A46,,,71,ZHD060S5,4
91b8f8a911bff655d08192b7e34f37d1,BA-05C00AX,10L32,,71,ZHD060S5,4
91b8f8a911bff655d08192b7e34f37d1,BA-05C00AW,10L32,,71,ZHD060S5,4
91b8f8a911bff655d08192b7e34f37d1,BA-05C00AT,10L32,,71,ZHD060S5,4
91b8f8a911bff655d08192b7e34f37d1,B1HH060A58,,,71,ZHD060S5,4
91b8f8a911bff655d08192b7e34f37d1,BA-05C00NF,10L32,,71,ZHD060S5,4
91b8f8a911bff655d08192b7e34f37d1,BA-05C00AF,10L32,,71,ZHD060S5,4
91b8f8a911bff655d08192b7e34f37d1,B1HA060A58,,,71,ZHD060S5,4
91b8f8a911bff655d08192b7e34f37d1,B1HH060A25,,,71,ZHD060S5,4
91b8f8a911bff655d08192b7e34f37d1,B1HH060A46,,,71,ZHD060S5,4
91b8f8a911bff655d08192b7e34f37d1,CHP16-060,31B67,,71,ZHD060S5,4
91b8f8a911bff655d08192b7e34f37d1,BQ060,10L32,,71,ZHD060S5,4
91b8f8a911bff655d08192b7e34f37d1,CHP16R-651,31B67,,71,ZHD060S5,4
91b8f8a911bff655d08192b7e34f37d1,BA-05C00NX,10L32,,71,ZHD060S5,4
91b8f8a911bff655d08192b7e34f37d1,BA05E,10L32,,71,ZHD060S5,4
91b8f8a911bff655d08192b7e34f37d1,BA-05C00NT,10L32,,71,ZHD060S5,4
91b8f8a911bff655d08192b7e34f37d1,CHP20-060,31B67,,71,ZHD060S5,4
91b8f8a911bff655d08192b7e34f37d1,BA05C,10L32,,71,ZHD060S5,4
91b8f8a911bff655d08192b7e34f37d1,BA-05C00NW,10L32,,71,ZHD060S5,4
91b8f8a911bff655d08192b7e34f37d1,CPH060010,no Transition Curb needed,,71,ZHD060S5,4
91b8f8a911bff655d08192b7e34f37d1,CPH060018,no Transition Curb needed,,71,ZHD060S5,4
91b8f8a911bff655d08192b7e34f37d1,CPH060025,no Transition Curb needed,,71,ZHD060S5,4
91b8f8a911bff655d08192b7e34f37d1,CHP24-653,31B66,,71,ZHD060S5,4
91b8f8a911bff655d08192b7e34f37d1,CPH060016,no Transition Curb needed,,71,ZHD060S5,4
91b8f8a911bff655d08192b7e34f37d1,CPH060030,no Transition Curb needed,,71,ZHD060S5,4
91b8f8a911bff655d08192b7e34f37d1,CPH060020,no Transition Curb needed,,71,ZHD060S5,4
91b8f8a911bff655d08192b7e34f37d1,CPH060015,no Transition Curb needed,,71,ZHD060S5,4
91b8f8a911bff655d08192b7e34f37d1,CPH060,no Transition Curb needed,,71,ZHD060S5,4
91b8f8a911bff655d08192b7e34f37d1,CPH060045,no Transition Curb needed,,71,ZHD060S5,4
91b8f8a911bff655d08192b7e34f37d1,CPH060031,no Transition Curb needed,,71,ZHD060S5,4
91b8f8a911bff655d08192b7e34f37d1,PH13602-C,Ducting Transition may be required.,,71,ZHD060S5,4
91b8f8a911bff655d08192b7e34f37d1,CPH060XXX,no Transition Curb needed,,71,ZHD060S5,4
91b8f8a911bff655d08192b7e34f37d1,PH13602-B,Ducting Transition may be required.,,71,ZHD060S5,4
91b8f8a911bff655d08192b7e34f37d1,CPH060060,no Transition Curb needed,,71,ZHD060S5,4
91b8f8a911bff655d08192b7e34f37d1,PHB060N1H,,,71,ZHD060S5,4
91b8f8a911bff655d08192b7e34f37d1,CPH060046,no Transition Curb needed,,71,ZHD060S5,4
91b8f8a911bff655d08192b7e34f37d1,PH13602-A,Ducting Transition may be required.,,71,ZHD060S5,4
91b8f8a911bff655d08192b7e34f37d1,DCH060,no Transition Curb needed,,71,ZHD060S5,4
91b8f8a911bff655d08192b7e34f37d1,PHF060H000,,,71,ZHD060S5,4
91b8f8a911bff655d08192b7e34f37d1,PHH060H,no Transition Curb needed,,71,ZHD060S5,4
91b8f8a911bff655d08192b7e34f37d1,RHS060H,no Transition Curb needed,,71,ZHD060S5,4
91b8f8a911bff655d08192b7e34f37d1,RHS060S,no Transition Curb needed,,71,ZHD060S5,4
91b8f8a911bff655d08192b7e34f37d1,PHB060N1L,,,71,ZHD060S5,4
91b8f8a911bff655d08192b7e34f37d1,PHH060K,no Transition Curb needed,,71,ZHD060S5,4
91b8f8a911bff655d08192b7e34f37d1,RHS060L,no Transition Curb needed,,71,ZHD060S5,4
91b8f8a911bff655d08192b7e34f37d1,Q6SE-X60K,,,71,ZHD060S5,4
91b8f8a911bff655d08192b7e34f37d1,RHS060K,no Transition Curb needed,,71,ZHD060S5,4
91b8f8a911bff655d08192b7e34f37d1,PHF060L000,,,71,ZHD060S5,4
91b8f8a911bff655d08192b7e34f37d1,PHH060L,no Transition Curb needed,,71,ZHD060S5,4
91b8f8a911bff655d08192b7e34f37d1,WCD060(VOYAGER),,,71,ZHD060S5,4
91b8f8a911bff655d08192b7e34f37d1,WCC060F,,,71,ZHD060S5,4
91b8f8a911bff655d08192b7e34f37d1,RJNL-C060,,,71,ZHD060S5,4
91b8f8a911bff655d08192b7e34f37d1,THA060B2,,,71,ZHD060S5,4
91b8f8a911bff655d08192b7e34f37d1,THA060S2,,,71,ZHD060S5,4
91b8f8a911bff655d08192b7e34f37d1,WCD060,,,71,ZHD060S5,4
91b8f8a911bff655d08192b7e34f37d1,SPHO60001,,,71,ZHD060S5,4
91b8f8a911bff655d08192b7e34f37d1,RJPL-C060,,,71,ZHD060S5,4
91b8f8a911bff655d08192b7e34f37d1,548BEX048,no Transition Curb needed,,70,ZHD048S5,4
91b8f8a911bff655d08192b7e34f37d1,BA04E,10L32,,70,ZHD048S5,4
91b8f8a911bff655d08192b7e34f37d1,WCH048,,,70,ZHD048S5,4
91b8f8a911bff655d08192b7e34f37d1,50HCQA05,no Transition Curb needed,,70,ZHD048S5,4
91b8f8a911bff655d08192b7e34f37d1,50HCQD05,no Transition Curb needed,,70,ZHD048S5,4
91b8f8a911bff655d08192b7e34f37d1,50HS036511,,,70,ZHD048S5,4
91b8f8a911bff655d08192b7e34f37d1,13CHPXA-48,,,,ZHD048S5,
91b8f8a911bff655d08192b7e34f37d1,50HS042311,,,70,ZHD048S5,4
91b8f8a911bff655d08192b7e34f37d1,50HS042511,,,70,ZHD048S5,4
91b8f8a911bff655d08192b7e34f37d1,50HJQ005,no Transition Curb needed,,70,ZHD048S5,4
91b8f8a911bff655d08192b7e34f37d1,50HS048311,,,70,ZHD048S5,4
91b8f8a911bff655d08192b7e34f37d1,50QJ005-3,no Transition Curb needed,,70,ZHD048S5,4
91b8f8a911bff655d08192b7e34f37d1,50KCQA05A1,no Transition Curb needed,,70,ZHD048S5,4
91b8f8a911bff655d08192b7e34f37d1,50KCQA05A2,no Transition Curb needed,,70,ZHD048S5,4
91b8f8a911bff655d08192b7e34f37d1,50HS048511,,,70,ZHD048S5,4
91b8f8a911bff655d08192b7e34f37d1,50QJ004-3,no Transition Curb needed,,70,ZHD048S5,4
91b8f8a911bff655d08192b7e34f37d1,50LJQ005,no Transition Curb needed,,70,ZHD048S5,4
91b8f8a911bff655d08192b7e34f37d1,50KCQA05A3,no Transition Curb needed,,70,ZHD048S5,4
91b8f8a911bff655d08192b7e34f37d1,50KCQA05A0,no Transition Curb needed,,70,ZHD048S5,4
91b8f8a911bff655d08192b7e34f37d1,50QJ005-1,no Transition Curb needed,,70,ZHD048S5,4
91b8f8a911bff655d08192b7e34f37d1,50QJ005-6,no Transition Curb needed,,70,ZHD048S5,4
91b8f8a911bff655d08192b7e34f37d1,50TFQ005-1,no Transition Curb needed,,70,ZHD048S5,4
91b8f8a911bff655d08192b7e34f37d1,50TCQA05,no Transition Curb needed,,70,ZHD048S5,4
91b8f8a911bff655d08192b7e34f37d1,50QJ005-5,no Transition Curb needed,,70,ZHD048S5,4
91b8f8a911bff655d08192b7e34f37d1,50TCQD05,no Transition Curb needed,,70,ZHD048S5,4
91b8f8a911bff655d08192b7e34f37d1,548BBX048,no Transition Curb needed,,70,ZHD048S5,4
91b8f8a911bff655d08192b7e34f37d1,542GN048,,,70,ZHD048S5,4
91b8f8a911bff655d08192b7e34f37d1,50TFQ005-6,no Transition Curb needed,,70,ZHD048S5,4
91b8f8a911bff655d08192b7e34f37d1,548BPX048,no Transition Curb needed,,70,ZHD048S5,4
91b8f8a911bff655d08192b7e34f37d1,50TFQ005-5,no Transition Curb needed,,70,ZHD048S5,4
91b8f8a911bff655d08192b7e34f37d1,50TFQ005-3,no Transition Curb needed,,70,ZHD048S5,4
91b8f8a911bff655d08192b7e34f37d1,548BJX048,no Transition Curb needed,,70,ZHD048S5,4
91b8f8a911bff655d08192b7e34f37d1,542GN042,,,70,ZHD048S5,4
91b8f8a911bff655d08192b7e34f37d1,548BTX048,no Transition Curb needed,,70,ZHD048S5,4
91b8f8a911bff655d08192b7e34f37d1,50TJQ005,no Transition Curb needed,,70,ZHD048S5,4
91b8f8a911bff655d08192b7e34f37d1,548CPX048,no Transition Curb needed,,70,ZHD048S5,4
91b8f8a911bff655d08192b7e34f37d1,548CEX048,no Transition Curb needed,,70,ZHD048S5,4
91b8f8a911bff655d08192b7e34f37d1,548DTX048,no Transition Curb needed,,70,ZHD048S5,4
91b8f8a911bff655d08192b7e34f37d1,548CTX048,no Transition Curb needed,,70,ZHD048S5,4
91b8f8a911bff655d08192b7e34f37d1,548DPX048,no Transition Curb needed,,70,ZHD048S5,4
91b8f8a911bff655d08192b7e34f37d1,548FEX048,no Transition Curb needed,,70,ZHD048S5,4
91b8f8a911bff655d08192b7e34f37d1,548DEX048,no Transition Curb needed,,70,ZHD048S5,4
91b8f8a911bff655d08192b7e34f37d1,548DJX048,no Transition Curb needed,,70,ZHD048S5,4
91b8f8a911bff655d08192b7e34f37d1,548CJX048,no Transition Curb needed,,70,ZHD048S5,4
91b8f8a911bff655d08192b7e34f37d1,548CCX048,no Transition Curb needed,,70,ZHD048S5,4
91b8f8a911bff655d08192b7e34f37d1,549BPX048,no Transition Curb needed,,70,ZHD048S5,4
91b8f8a911bff655d08192b7e34f37d1,548JJ05,no Transition Curb needed,,70,ZHD048S5,4
91b8f8a911bff655d08192b7e34f37d1,548FTX048,no Transition Curb needed,,70,ZHD048S5,4
91b8f8a911bff655d08192b7e34f37d1,548FJX048,no Transition Curb needed,,70,ZHD048S5,4
91b8f8a911bff655d08192b7e34f37d1,548JP05,no Transition Curb needed,,70,ZHD048S5,4
91b8f8a911bff655d08192b7e34f37d1,549BEX048,no Transition Curb needed,,70,ZHD048S5,4
91b8f8a911bff655d08192b7e34f37d1,B1HA048A06,,,70,ZHD048S5,4
91b8f8a911bff655d08192b7e34f37d1,548JE05,no Transition Curb needed,,70,ZHD048S5,4
91b8f8a911bff655d08192b7e34f37d1,549BJX048,no Transition Curb needed,,70,ZHD048S5,4
91b8f8a911bff655d08192b7e34f37d1,548FPX048,no Transition Curb needed,,70,ZHD048S5,4
91b8f8a911bff655d08192b7e34f37d1,548JT05,no Transition Curb needed,,70,ZHD048S5,4
91b8f8a911bff655d08192b7e34f37d1,BA-04C00AW,10L32,,70,ZHD048S5,4
91b8f8a911bff655d08192b7e34f37d1,B1HA048A46,,,70,ZHD048S5,4
91b8f8a911bff655d08192b7e34f37d1,B1HH048A06,,,70,ZHD048S5,4
91b8f8a911bff655d08192b7e34f37d1,B1HH048A25,,,70,ZHD048S5,4
91b8f8a911bff655d08192b7e34f37d1,B1HH048A46,,,70,ZHD048S5,4
91b8f8a911bff655d08192b7e34f37d1,BA-04C00AF,10L32,,70,ZHD048S5,4
91b8f8a911bff655d08192b7e34f37d1,B1HA048A25,,,70,ZHD048S5,4
91b8f8a911bff655d08192b7e34f37d1,B1HA048A58,,,70,ZHD048S5,4
91b8f8a911bff655d08192b7e34f37d1,B1HH048A58,,,70,ZHD048S5,4
91b8f8a911bff655d08192b7e34f37d1,BA-04C00AT,10L32,,70,ZHD048S5,4
91b8f8a911bff655d08192b7e34f37d1,BA04C,10L32,,70,ZHD048S5,4
91b8f8a911bff655d08192b7e34f37d1,CHP16R-511,31B67,,70,ZHD048S5,4
91b8f8a911bff655d08192b7e34f37d1,CHP16-048,31B67,,70,ZHD048S5,4
91b8f8a911bff655d08192b7e34f37d1,BQ048,10L32,,70,ZHD048S5,4
91b8f8a911bff655d08192b7e34f37d1,BA-04C00NT,10L32,,70,ZHD048S5,4
91b8f8a911bff655d08192b7e34f37d1,BA-04C00NX,10L32,,70,ZHD048S5,4
91b8f8a911bff655d08192b7e34f37d1,BA-04C00AX,10L32,,70,ZHD048S5,4
91b8f8a911bff655d08192b7e34f37d1,BA-04C00NF,10L32,,70,ZHD048S5,4
91b8f8a911bff655d08192b7e34f37d1,BA-04C00NW,10L32,,70,ZHD048S5,4
91b8f8a911bff655d08192b7e34f37d1,CHP20-048,31B67,,70,ZHD048S5,4
91b8f8a911bff655d08192b7e34f37d1,CPH048016,,,70,ZHD048S5,4
91b8f8a911bff655d08192b7e34f37d1,CPH048015,,,70,ZHD048S5,4
91b8f8a911bff655d08192b7e34f37d1,CPH048018,,,70,ZHD048S5,4
91b8f8a911bff655d08192b7e34f37d1,CPH048010,,,70,ZHD048S5,4
91b8f8a911bff655d08192b7e34f37d1,CPH048025,,,70,ZHD048S5,4
91b8f8a911bff655d08192b7e34f37d1,CPH048020,,,70,ZHD048S5,4
91b8f8a911bff655d08192b7e34f37d1,CPH048,,,70,ZHD048S5,4
91b8f8a911bff655d08192b7e34f37d1,CPH048030,,,70,ZHD048S5,4
91b8f8a911bff655d08192b7e34f37d1,CPH048045,,,70,ZHD048S5,4
91b8f8a911bff655d08192b7e34f37d1,CPH048046,,,70,ZHD048S5,4
91b8f8a911bff655d08192b7e34f37d1,CPH048031,,,70,ZHD048S5,4
91b8f8a911bff655d08192b7e34f37d1,PH13482-C,Ducting Transition may be required.,,70,ZHD048S5,4
91b8f8a911bff655d08192b7e34f37d1,DCH048,,,70,ZHD048S5,4
91b8f8a911bff655d08192b7e34f37d1,CPH048XXX,,,70,ZHD048S5,4
91b8f8a911bff655d08192b7e34f37d1,PHB048N1H,,,70,ZHD048S5,4
91b8f8a911bff655d08192b7e34f37d1,CPH048060,,,70,ZHD048S5,4
91b8f8a911bff655d08192b7e34f37d1,PH13482-A,Ducting Transition may be required.,,70,ZHD048S5,4
91b8f8a911bff655d08192b7e34f37d1,PH13482-B,Ducting Transition may be required.,,70,ZHD048S5,4
91b8f8a911bff655d08192b7e34f37d1,PHF048H000,,,70,ZHD048S5,4
91b8f8a911bff655d08192b7e34f37d1,RHS048S,no Transition Curb needed,,70,ZHD048S5,4
91b8f8a911bff655d08192b7e34f37d1,PHH048L,no Transition Curb needed,,70,ZHD048S5,4
91b8f8a911bff655d08192b7e34f37d1,PHH048K,no Transition Curb needed,,70,ZHD048S5,4
91b8f8a911bff655d08192b7e34f37d1,Q6SE-X48K,,,70,ZHD048S5,4
91b8f8a911bff655d08192b7e34f37d1,PHF048L000,,,70,ZHD048S5,4
91b8f8a911bff655d08192b7e34f37d1,RHS048L,no Transition Curb needed,,70,ZHD048S5,4
91b8f8a911bff655d08192b7e34f37d1,PHH048H,no Transition Curb needed,,70,ZHD048S5,4
91b8f8a911bff655d08192b7e34f37d1,RHS048K,no Transition Curb needed,,70,ZHD048S5,4
91b8f8a911bff655d08192b7e34f37d1,PHB048N1L,,,70,ZHD048S5,4
91b8f8a911bff655d08192b7e34f37d1,RHS048H,no Transition Curb needed,,70,ZHD048S5,4
91b8f8a911bff655d08192b7e34f37d1,WCC048F,,,70,ZHD048S5,4
91b8f8a911bff655d08192b7e34f37d1,WCD048,,,70,ZHD048S5,4
91b8f8a911bff655d08192b7e34f37d1,RJNL-C048,,,70,ZHD048S5,4
91b8f8a911bff655d08192b7e34f37d1,THA048S2,,,70,ZHD048S5,4
91b8f8a911bff655d08192b7e34f37d1,RJPL-C048,,,70,ZHD048S5,4
91b8f8a911bff655d08192b7e34f37d1,SPHO48001,,,70,ZHD048S5,4
91b8f8a911bff655d08192b7e34f37d1,548BEX036,no Transition Curb needed,,69,ZHD036S5,4
91b8f8a911bff655d08192b7e34f37d1,BA03C,10L32,,69,ZHD036S5,4
91b8f8a911bff655d08192b7e34f37d1,WCH036,,,69,ZHD036S5,4
91b8f8a911bff655d08192b7e34f37d1,50HCQA04,no Transition Curb needed,,69,ZHD036S5,4
91b8f8a911bff655d08192b7e34f37d1,13CHPXA-36,,,,ZHD036S5,
91b8f8a911bff655d08192b7e34f37d1,50HS042311,,,69,ZHD036S5,4
91b8f8a911bff655d08192b7e34f37d1,50HS042611,,,69,ZHD036S5,4
91b8f8a911bff655d08192b7e34f37d1,50HCQD04,no Transition Curb needed,,69,ZHD036S5,4
91b8f8a911bff655d08192b7e34f37d1,50HS036311,,,69,ZHD036S5,4
91b8f8a911bff655d08192b7e34f37d1,50HS042511,,,69,ZHD036S5,4
91b8f8a911bff655d08192b7e34f37d1,50HJQ004,no Transition Curb needed,,69,ZHD036S5,4
91b8f8a911bff655d08192b7e34f37d1,50HS036611,,,69,ZHD036S5,4
91b8f8a911bff655d08192b7e34f37d1,50HS036511,,,69,ZHD036S5,4
91b8f8a911bff655d08192b7e34f37d1,50TCQA04,no Transition Curb needed,,69,ZHD036S5,4
91b8f8a911bff655d08192b7e34f37d1,50KCQA04A2,no Transition Curb needed,,69,ZHD036S5,4
91b8f8a911bff655d08192b7e34f37d1,50QJ004-3,no Transition Curb needed,,69,ZHD036S5,4
91b8f8a911bff655d08192b7e34f37d1,50QJ004-5,no Transition Curb needed,,69,ZHD036S5,4
91b8f8a911bff655d08192b7e34f37d1,50QJ004-1,no Transition Curb needed,,69,ZHD036S5,4
91b8f8a911bff655d08192b7e34f37d1,50KCQA04A3,no Transition Curb needed,,69,ZHD036S5,4
91b8f8a911bff655d08192b7e34f37d1,50KCQA04A1,no Transition Curb needed,,69,ZHD036S5,4
91b8f8a911bff655d08192b7e34f37d1,50QJ004-6,no Transition Curb needed,,69,ZHD036S5,4
91b8f8a911bff655d08192b7e34f37d1,50KCQA04A0,no Transition Curb needed,,69,ZHD036S5,4
91b8f8a911bff655d08192b7e34f37d1,50LJQ004,no Transition Curb needed,,69,ZHD036S5,4
91b8f8a911bff655d08192b7e34f37d1,548BBX036,no Transition Curb needed,,69,ZHD036S5,4
91b8f8a911bff655d08192b7e34f37d1,50TJQ004,no Transition Curb needed,,69,ZHD036S5,4
91b8f8a911bff655d08192b7e34f37d1,50TFQ004-1,no Transition Curb needed,,69,ZHD036S5,4
91b8f8a911bff655d08192b7e34f37d1,548BPX036,no Transition Curb needed,,69,ZHD036S5,4
91b8f8a911bff655d08192b7e34f37d1,548BJX036,no Transition Curb needed,,69,ZHD036S5,4
91b8f8a911bff655d08192b7e34f37d1,50TCQD04,no Transition Curb needed,,69,ZHD036S5,4
91b8f8a911bff655d08192b7e34f37d1,50TFQ004-5,no Transition Curb needed,,69,ZHD036S5,4
91b8f8a911bff655d08192b7e34f37d1,542GN036,,,69,ZHD036S5,4
91b8f8a911bff655d08192b7e34f37d1,50TFQ004-6,no Transition Curb needed,,69,ZHD036S5,4
91b8f8a911bff655d08192b7e34f37d1,50TFQ004-3,no Transition Curb needed,,69,ZHD036S5,4
91b8f8a911bff655d08192b7e34f37d1,548CTX036,no Transition Curb needed,,69,ZHD036S5,4
91b8f8a911bff655d08192b7e34f37d1,548DTX036,no Transition Curb needed,,69,ZHD036S5,4
91b8f8a911bff655d08192b7e34f37d1,548CJX036,no Transition Curb needed,,69,ZHD036S5,4
91b8f8a911bff655d08192b7e34f37d1,548DEX036,no Transition Curb needed,,69,ZHD036S5,4
91b8f8a911bff655d08192b7e34f37d1,548DPX036,no Transition Curb needed,,69,ZHD036S5,4
91b8f8a911bff655d08192b7e34f37d1,548CPX036,no Transition Curb needed,,69,ZHD036S5,4
91b8f8a911bff655d08192b7e34f37d1,548BTX036,no Transition Curb needed,,69,ZHD036S5,4
91b8f8a911bff655d08192b7e34f37d1,548CBX036,no Transition Curb needed,,69,ZHD036S5,4
91b8f8a911bff655d08192b7e34f37d1,548CEX036,no Transition Curb needed,,69,ZHD036S5,4
91b8f8a911bff655d08192b7e34f37d1,548DJX036,no Transition Curb needed,,69,ZHD036S5,4
91b8f8a911bff655d08192b7e34f37d1,548FPX036,no Transition Curb needed,,69,ZHD036S5,4
91b8f8a911bff655d08192b7e34f37d1,548JT04,no Transition Curb needed,,69,ZHD036S5,4
91b8f8a911bff655d08192b7e34f37d1,548FTX036,no Transition Curb needed,,69,ZHD036S5,4
91b8f8a911bff655d08192b7e34f37d1,548JP04,no Transition Curb needed,,69,ZHD036S5,4
91b8f8a911bff655d08192b7e34f37d1,549BEX036,no Transition Curb needed,,69,ZHD036S5,4
91b8f8a911bff655d08192b7e34f37d1,548JJ04,no Transition Curb needed,,69,ZHD036S5,4
91b8f8a911bff655d08192b7e34f37d1,548FEX036,no Transition Curb needed,,69,ZHD036S5,4
91b8f8a911bff655d08192b7e34f37d1,549BJX036,no Transition Curb needed,,69,ZHD036S5,4
91b8f8a911bff655d08192b7e34f37d1,548JE04,no Transition Curb needed,,69,ZHD036S5,4
91b8f8a911bff655d08192b7e34f37d1,548FJX036,no Transition Curb needed,,69,ZHD036S5,4
91b8f8a911bff655d08192b7e34f37d1,B1HH036A25,,,69,ZHD036S5,4
91b8f8a911bff655d08192b7e34f37d1,B1HH036A46,,,69,ZHD036S5,4
91b8f8a911bff655d08192b7e34f37d1,B1HA036A06,,,69,ZHD036S5,4
91b8f8a911bff655d08192b7e34f37d1,B1HA036A25,,,69,ZHD036S5,4
91b8f8a911bff655d08192b7e34f37d1,B1HH036A58,,,69,ZHD036S5,4
91b8f8a911bff655d08192b7e34f37d1,B1HA036A46,,,69,ZHD036S5,4
91b8f8a911bff655d08192b7e34f37d1,B1HH036A06,,,69,ZHD036S5,4
91b8f8a911bff655d08192b7e34f37d1,B1HA036A58,,,69,ZHD036S5,4
91b8f8a911bff655d08192b7e34f37d1,BA-03C00AF,10L32,,69,ZHD036S5,4
91b8f8a911bff655d08192b7e34f37d1,549BPX036,no Transition Curb needed,,69,ZHD036S5,4
91b8f8a911bff655d08192b7e34f37d1,BA-03C00NT,10L32,,69,ZHD036S5,4
91b8f8a911bff655d08192b7e34f37d1,BQ036,10L32,,69,ZHD036S5,4
91b8f8a911bff655d08192b7e34f37d1,BA-03C00NF,10L32,,69,ZHD036S5,4
91b8f8a911bff655d08192b7e34f37d1,BA-03C00AX,10L32,,69,ZHD036S5,4
91b8f8a911bff655d08192b7e34f37d1,CHP16-036,31B58,,69,ZHD036S5,4
91b8f8a911bff655d08192b7e34f37d1,BA-03C00NW,10L32,,69,ZHD036S5,4
91b8f8a911bff655d08192b7e34f37d1,BA-03C00AT,10L32,,69,ZHD036S5,4
91b8f8a911bff655d08192b7e34f37d1,BA-03C00NX,10L32,,69,ZHD036S5,4
91b8f8a911bff655d08192b7e34f37d1,BA03E,10L32,,69,ZHD036S5,4
91b8f8a911bff655d08192b7e34f37d1,BA-03C00AW,10L32,,69,ZHD036S5,4
91b8f8a911bff655d08192b7e34f37d1,CHP20-036,31B67,,69,ZHD036S5,4
91b8f8a911bff655d08192b7e34f37d1,CPH036025,,,69,ZHD036S5,4
91b8f8a911bff655d08192b7e34f37d1,CHP16R-411,31B67,,69,ZHD036S5,4
91b8f8a911bff655d08192b7e34f37d1,CPH036018,,,69,ZHD036S5,4
91b8f8a911bff655d08192b7e34f37d1,CPH036015,,,69,ZHD036S5,4
91b8f8a911bff655d08192b7e34f37d1,CPH036020,,,69,ZHD036S5,4
91b8f8a911bff655d08192b7e34f37d1,CPH036010,,,69,ZHD036S5,4
91b8f8a911bff655d08192b7e34f37d1,CPH036016,,,69,ZHD036S5,4
91b8f8a911bff655d08192b7e34f37d1,CPH036,,,69,ZHD036S5,4
91b8f8a911bff655d08192b7e34f37d1,CPH036030,,,69,ZHD036S5,4
91b8f8a911bff655d08192b7e34f37d1,CPH036XXX,,,69,ZHD036S5,4
91b8f8a911bff655d08192b7e34f37d1,CPH036046,,,69,ZHD036S5,4
91b8f8a911bff655d08192b7e34f37d1,CPH036060,,,69,ZHD036S5,4
91b8f8a911bff655d08192b7e34f37d1,DCH036,,,69,ZHD036S5,4
91b8f8a911bff655d08192b7e34f37d1,CPH036031,,,69,ZHD036S5,4
91b8f8a911bff655d08192b7e34f37d1,CPH036045,,,69,ZHD036S5,4
91b8f8a911bff655d08192b7e34f37d1,D2NA024N05606,,,69,ZHD036S5,4
91b8f8a911bff655d08192b7e34f37d1,PH13363-A,Ducting Transition may be required.,,69,ZHD036S5,4
91b8f8a911bff655d08192b7e34f37d1,PHB036N1H,,,69,ZHD036S5,4
91b8f8a911bff655d08192b7e34f37d1,PHF036L000,,,69,ZHD036S5,4
91b8f8a911bff655d08192b7e34f37d1,PHH036K,no Transition Curb needed,,69,ZHD036S5,4
91b8f8a911bff655d08192b7e34f37d1,PHH036L,no Transition Curb needed,,69,ZHD036S5,4
91b8f8a911bff655d08192b7e34f37d1,Q6SE-X36K,,,69,ZHD036S5,4
91b8f8a911bff655d08192b7e34f37d1,PHB036N1L,,,69,ZHD036S5,4
91b8f8a911bff655d08192b7e34f37d1,PHF036H000,,,69,ZHD036S5,4
91b8f8a911bff655d08192b7e34f37d1,PHH036H,no Transition Curb needed,,69,ZHD036S5,4
91b8f8a911bff655d08192b7e34f37d1,PH13363-B,Ducting Transition may be required.,,69,ZHD036S5,4
91b8f8a911bff655d08192b7e34f37d1,RHS036L,no Transition Curb needed,,69,ZHD036S5,4
91b8f8a911bff655d08192b7e34f37d1,RHS036H,no Transition Curb needed,,69,ZHD036S5,4
91b8f8a911bff655d08192b7e34f37d1,THA036S2,,,69,ZHD036S5,4
91b8f8a911bff655d08192b7e34f37d1,RHS036S,no Transition Curb needed,,69,ZHD036S5,4
91b8f8a911bff655d08192b7e34f37d1,SPHO36001,,,69,ZHD036S5,4
91b8f8a911bff655d08192b7e34f37d1,RJNL-C036,,,69,ZHD036S5,4
91b8f8a911bff655d08192b7e34f37d1,RHS036K,no Transition Curb needed,,69,ZHD036S5,4
91b8f8a911bff655d08192b7e34f37d1,WCC036F,,,69,ZHD036S5,4
91b8f8a911bff655d08192b7e34f37d1,RJPL-C036,,,69,ZHD036S5,4
91b8f8a911bff655d08192b7e34f37d1,WCD036,,,69,ZHD036S5,4
91b8f8a911bff655d08192b7e34f37d1,CPC150,no Transition Curb needed,,60,ZCD150S5,4
91b8f8a911bff655d08192b7e34f37d1,50DA016100,Ducting Transition may be required.,,60,ZCD150S5,4
91b8f8a911bff655d08192b7e34f37d1,50DA016400,Ducting Transition may be required.,,60,ZCD150S5,4
91b8f8a911bff655d08192b7e34f37d1,50DJ014,no Transition Curb needed,,60,ZCD150S5,4
91b8f8a911bff655d08192b7e34f37d1,50TC-B14,,,60,ZCD150S5,4
91b8f8a911bff655d08192b7e34f37d1,50DP014-5,,,60,ZCD150S5,4
91b8f8a911bff655d08192b7e34f37d1,50DA016600,Ducting Transition may be required.,,60,ZCD150S5,4
91b8f8a911bff655d08192b7e34f37d1,50DA016500,Ducting Transition may be required.,,60,ZCD150S5,4
91b8f8a911bff655d08192b7e34f37d1,50DP014-6,,,60,ZCD150S5,4
91b8f8a911bff655d08192b7e34f37d1,50DP014-1,,,60,ZCD150S5,4
91b8f8a911bff655d08192b7e34f37d1,50TC-A14,,,60,ZCD150S5,4
91b8f8a911bff655d08192b7e34f37d1,50HJ014,no Transition Curb needed,,60,ZCD150S5,4
91b8f8a911bff655d08192b7e34f37d1,50LJ014,no Transition Curb needed,,60,ZCD150S5,4
91b8f8a911bff655d08192b7e34f37d1,50TCB14,,,60,ZCD150S5,4
91b8f8a911bff655d08192b7e34f37d1,50TCE14,,,60,ZCD150S5,4
91b8f8a911bff655d08192b7e34f37d1,50TCD14,,,60,ZCD150S5,4
91b8f8a911bff655d08192b7e34f37d1,551BJX150,no Transition Curb needed,,60,ZCD150S5,4
91b8f8a911bff655d08192b7e34f37d1,50TM014,no Transition Curb needed,,60,ZCD150S5,4
91b8f8a911bff655d08192b7e34f37d1,50TJ014,no Transition Curb needed,,60,ZCD150S5,4
91b8f8a911bff655d08192b7e34f37d1,551BEX150,no Transition Curb needed,,60,ZCD150S5,4
91b8f8a911bff655d08192b7e34f37d1,50TC-E14,,,60,ZCD150S5,4
91b8f8a911bff655d08192b7e34f37d1,50TFF014,no Transition Curb needed,,60,ZCD150S5,4
91b8f8a911bff655d08192b7e34f37d1,50TC-D14,,,60,ZCD150S5,4
91b8f8a911bff655d08192b7e34f37d1,50TCA14,,,60,ZCD150S5,4
91b8f8a911bff655d08192b7e34f37d1,551BTX150,no Transition Curb needed,,60,ZCD150S5,4
91b8f8a911bff655d08192b7e34f37d1,558DEX150,no Transition Curb needed,,60,ZCD150S5,4
91b8f8a911bff655d08192b7e34f37d1,551BPX150,no Transition Curb needed,,60,ZCD150S5,4
91b8f8a911bff655d08192b7e34f37d1,558CTX150,no Transition Curb needed,,60,ZCD150S5,4
91b8f8a911bff655d08192b7e34f37d1,558CEX150,no Transition Curb needed,,60,ZCD150S5,4
91b8f8a911bff655d08192b7e34f37d1,558CPX150,no Transition Curb needed,,60,ZCD150S5,4
91b8f8a911bff655d08192b7e34f37d1,558DJX150,no Transition Curb needed,,60,ZCD150S5,4
91b8f8a911bff655d08192b7e34f37d1,558DPX150,no Transition Curb needed,,60,ZCD150S5,4
91b8f8a911bff655d08192b7e34f37d1,558CJX150,no Transition Curb needed,,60,ZCD150S5,4
91b8f8a911bff655d08192b7e34f37d1,558CBX150,no Transition Curb needed,,60,ZCD150S5,4
91b8f8a911bff655d08192b7e34f37d1,558FPX150,no Transition Curb needed,,60,ZCD150S5,4
91b8f8a911bff655d08192b7e34f37d1,D1EE150,,,60,ZCD150S5,4
91b8f8a911bff655d08192b7e34f37d1,558FTX150,no Transition Curb needed,,60,ZCD150S5,4
91b8f8a911bff655d08192b7e34f37d1,D2EE150,,,60,ZCD150S5,4
91b8f8a911bff655d08192b7e34f37d1,558FJX150,no Transition Curb needed,,60,ZCD150S5,4
91b8f8a911bff655d08192b7e34f37d1,558DTX150,no Transition Curb needed,,60,ZCD150S5,4
91b8f8a911bff655d08192b7e34f37d1,CHA24-1603,,,60,ZCD150S5,4
91b8f8a911bff655d08192b7e34f37d1,D3CE150,11J07,,60,ZCD150S5,4
91b8f8a911bff655d08192b7e34f37d1,558FEX150,no Transition Curb needed,,60,ZCD150S5,4
91b8f8a911bff655d08192b7e34f37d1,DF150C00,,,60,ZCD150S5,4
91b8f8a911bff655d08192b7e34f37d1,TCA150S2,,,60,ZCD150S5,4
91b8f8a911bff655d08192b7e34f37d1,DM150C00,,,60,ZCD150S5,4
91b8f8a911bff655d08192b7e34f37d1,D4CE150,11J07,,60,ZCD150S5,4
91b8f8a911bff655d08192b7e34f37d1,DCC150,,,60,ZCD150S5,4
91b8f8a911bff655d08192b7e34f37d1,LCC150,,,60,ZCD150S5,4
91b8f8a911bff655d08192b7e34f37d1,PAE150,no Transition Curb needed,,60,ZCD150S5,4
91b8f8a911bff655d08192b7e34f37d1,PAH150,no Transition Curb needed,,60,ZCD150S5,4
91b8f8a911bff655d08192b7e34f37d1,50TMF012---6,no Transition Curb needed,,59,ZCD120S5,4
91b8f8a911bff655d08192b7e34f37d1,RAH110K,no Transition Curb needed,,59,ZCD120S5,4
91b8f8a911bff655d08192b7e34f37d1,50DA012500,Ducting Transition may be required.,,59,ZCD120S5,4
91b8f8a911bff655d08192b7e34f37d1,50DJ012,no Transition Curb needed,,59,ZCD120S5,4
91b8f8a911bff655d08192b7e34f37d1,50DP012-1,,,59,ZCD120S5,4
91b8f8a911bff655d08192b7e34f37d1,50DA012100,Ducting Transition may be required.,,59,ZCD120S5,4
91b8f8a911bff655d08192b7e34f37d1,50DG012-1,,,59,ZCD120S5,4
91b8f8a911bff655d08192b7e34f37d1,50DG012-6,,,59,ZCD120S5,4
91b8f8a911bff655d08192b7e34f37d1,50DA012400,Ducting Transition may be required.,,59,ZCD120S5,4
91b8f8a911bff655d08192b7e34f37d1,50DA012600,Ducting Transition may be required.,,59,ZCD120S5,4
91b8f8a911bff655d08192b7e34f37d1,50DG012-5,,,59,ZCD120S5,4
91b8f8a911bff655d08192b7e34f37d1,50HJ012,no Transition Curb needed,,59,ZCD120S5,4
91b8f8a911bff655d08192b7e34f37d1,50TC-D12,,,59,ZCD120S5,4
91b8f8a911bff655d08192b7e34f37d1,50TC-E12,,,59,ZCD120S5,4
91b8f8a911bff655d08192b7e34f37d1,50LJ012,no Transition Curb needed,,59,ZCD120S5,4
91b8f8a911bff655d08192b7e34f37d1,50TC-A12,,,59,ZCD120S5,4
91b8f8a911bff655d08192b7e34f37d1,50TC-B12,,,59,ZCD120S5,4
91b8f8a911bff655d08192b7e34f37d1,50DP012-5,,,59,ZCD120S5,4
91b8f8a911bff655d08192b7e34f37d1,50DP012-6,,,59,ZCD120S5,4
91b8f8a911bff655d08192b7e34f37d1,50TCB12,,,59,ZCD120S5,4
91b8f8a911bff655d08192b7e34f37d1,50TCA12,,,59,ZCD120S5,4
91b8f8a911bff655d08192b7e34f37d1,50TCE12,,,59,ZCD120S5,4
91b8f8a911bff655d08192b7e34f37d1,50TMF012---5,no Transition Curb needed,,59,ZCD120S5,4
91b8f8a911bff655d08192b7e34f37d1,551BPX120,no Transition Curb needed,,59,ZCD120S5,4
91b8f8a911bff655d08192b7e34f37d1,50TM012,no Transition Curb needed,,59,ZCD120S5,4
91b8f8a911bff655d08192b7e34f37d1,50TCD12,,,59,ZCD120S5,4
91b8f8a911bff655d08192b7e34f37d1,50TFF012,no Transition Curb needed,,59,ZCD120S5,4
91b8f8a911bff655d08192b7e34f37d1,50TMF012---1,no Transition Curb needed,,59,ZCD120S5,4
91b8f8a911bff655d08192b7e34f37d1,551BEX120,no Transition Curb needed,,59,ZCD120S5,4
91b8f8a911bff655d08192b7e34f37d1,50TJ012,no Transition Curb needed,,59,ZCD120S5,4
91b8f8a911bff655d08192b7e34f37d1,551BJX120,no Transition Curb needed,,59,ZCD120S5,4
91b8f8a911bff655d08192b7e34f37d1,558CBX120,no Transition Curb needed,,59,ZCD120S5,4
91b8f8a911bff655d08192b7e34f37d1,551BTX120,no Transition Curb needed,,59,ZCD120S5,4
91b8f8a911bff655d08192b7e34f37d1,551JE12551JJ12,no Transition Curb needed,,59,ZCD120S5,4
91b8f8a911bff655d08192b7e34f37d1,551JT12,no Transition Curb needed,,59,ZCD120S5,4
91b8f8a911bff655d08192b7e34f37d1,558DEX102,no Transition Curb needed,,59,ZCD120S5,4
91b8f8a911bff655d08192b7e34f37d1,558CPX120,no Transition Curb needed,,59,ZCD120S5,4
91b8f8a911bff655d08192b7e34f37d1,551JP12,no Transition Curb needed,,59,ZCD120S5,4
91b8f8a911bff655d08192b7e34f37d1,558CTX120,no Transition Curb needed,,59,ZCD120S5,4
91b8f8a911bff655d08192b7e34f37d1,558CEX120,no Transition Curb needed,,59,ZCD120S5,4
91b8f8a911bff655d08192b7e34f37d1,558CJX120,no Transition Curb needed,,59,ZCD120S5,4
91b8f8a911bff655d08192b7e34f37d1,558JP12,no Transition Curb needed,,59,ZCD120S5,4
91b8f8a911bff655d08192b7e34f37d1,558DJX120,no Transition Curb needed,,59,ZCD120S5,4
91b8f8a911bff655d08192b7e34f37d1,CHA16-1353,11H99,,59,ZCD120S5,4
91b8f8a911bff655d08192b7e34f37d1,558FPX120,no Transition Curb needed,,59,ZCD120S5,4
91b8f8a911bff655d08192b7e34f37d1,558DPX120,no Transition Curb needed,,59,ZCD120S5,4
91b8f8a911bff655d08192b7e34f37d1,558JJ12,no Transition Curb needed,,59,ZCD120S5,4
91b8f8a911bff655d08192b7e34f37d1,558FEX120,no Transition Curb needed,,59,ZCD120S5,4
91b8f8a911bff655d08192b7e34f37d1,558JT12,no Transition Curb needed,,59,ZCD120S5,4
91b8f8a911bff655d08192b7e34f37d1,558FJX120,no Transition Curb needed,,59,ZCD120S5,4
91b8f8a911bff655d08192b7e34f37d1,558DTX120,no Transition Curb needed,,59,ZCD120S5,4
91b8f8a911bff655d08192b7e34f37d1,558FTX120,no Transition Curb needed,,59,ZCD120S5,4
91b8f8a911bff655d08192b7e34f37d1,558JE12,no Transition Curb needed,,59,ZCD120S5,4
91b8f8a911bff655d08192b7e34f37d1,D3CE120,11J07,,59,ZCD120S5,4
91b8f8a911bff655d08192b7e34f37d1,DCC120,,,59,ZCD120S5,4
91b8f8a911bff655d08192b7e34f37d1,D4CE120,11J07,,59,ZCD120S5,4
91b8f8a911bff655d08192b7e34f37d1,D2EE120,,,59,ZCD120S5,4
91b8f8a911bff655d08192b7e34f37d1,CPC120,,,59,ZCD120S5,4
91b8f8a911bff655d08192b7e34f37d1,DF120C00,,,59,ZCD120S5,4
91b8f8a911bff655d08192b7e34f37d1,DM120C00,,,59,ZCD120S5,4
91b8f8a911bff655d08192b7e34f37d1,D1EE120,,,59,ZCD120S5,4
91b8f8a911bff655d08192b7e34f37d1,CHA8-1353,11J04,,59,ZCD120S5,4
91b8f8a911bff655d08192b7e34f37d1,LCC120S,,,59,ZCD120S5,4
91b8f8a911bff655d08192b7e34f37d1,RAH110H,no Transition Curb needed,,59,ZCD120S5,4
91b8f8a911bff655d08192b7e34f37d1,P6SP-120DA,,,59,ZCD120S5,4
91b8f8a911bff655d08192b7e34f37d1,RAH120,no Transition Curb needed,,59,ZCD120S5,4
91b8f8a911bff655d08192b7e34f37d1,RAH110L,no Transition Curb needed,,59,ZCD120S5,4
91b8f8a911bff655d08192b7e34f37d1,RAH110,no Transition Curb needed,,59,ZCD120S5,4
91b8f8a911bff655d08192b7e34f37d1,P6SP-120CA,,,59,ZCD120S5,4
91b8f8a911bff655d08192b7e34f37d1,RAH110S,no Transition Curb needed,,59,ZCD120S5,4
91b8f8a911bff655d08192b7e34f37d1,PAH120,no Transition Curb needed,,59,ZCD120S5,4
91b8f8a911bff655d08192b7e34f37d1,RAH120L,no Transition Curb needed,,59,ZCD120S5,4
91b8f8a911bff655d08192b7e34f37d1,RAH120H,no Transition Curb needed,,59,ZCD120S5,4
91b8f8a911bff655d08192b7e34f37d1,RRCF-100CK,,,59,ZCD120S5,4
91b8f8a911bff655d08192b7e34f37d1,RAH120K,no Transition Curb needed,,59,ZCD120S5,4
91b8f8a911bff655d08192b7e34f37d1,TCA120S2,,,59,ZCD120S5,4
91b8f8a911bff655d08192b7e34f37d1,RRCF-100YK,,,59,ZCD120S5,4
91b8f8a911bff655d08192b7e34f37d1,RRCF-100DK,,,59,ZCD120S5,4
91b8f8a911bff655d08192b7e34f37d1,RAH120SPAE120,no Transition Curb needed,,59,ZCD120S5,4
91b8f8a911bff655d08192b7e34f37d1,551JP09,no Transition Curb needed,,58,ZCD102S5,4
91b8f8a911bff655d08192b7e34f37d1,RRCF-100C,,,58,ZCD102S5,4
91b8f8a911bff655d08192b7e34f37d1,50CH009-6,Horizontal Only,,58,ZCD102S5,4
91b8f8a911bff655d08192b7e34f37d1,50CH009-5,Horizontal Only,,58,ZCD102S5,4
91b8f8a911bff655d08192b7e34f37d1,50DA009610,Ducting Transition may be required.,,58,ZCD102S5,4
91b8f8a911bff655d08192b7e34f37d1,50CD009-5,,,58,ZCD102S5,4
91b8f8a911bff655d08192b7e34f37d1,50CD009-1,,,58,ZCD102S5,4
91b8f8a911bff655d08192b7e34f37d1,50CH009-1,Horizontal Only,,58,ZCD102S5,4
91b8f8a911bff655d08192b7e34f37d1,50DA009400,Ducting Transition may be required.,,58,ZCD102S5,4
91b8f8a911bff655d08192b7e34f37d1,50DA009110,Ducting Transition may be required.,,58,ZCD102S5,4
91b8f8a911bff655d08192b7e34f37d1,50DA009510,Ducting Transition may be required.,,58,ZCD102S5,4
91b8f8a911bff655d08192b7e34f37d1,50CD009-6,,,58,ZCD102S5,4
91b8f8a911bff655d08192b7e34f37d1,50DJ009,no Transition Curb needed,,58,ZCD102S5,4
91b8f8a911bff655d08192b7e34f37d1,50DG009-1,,,58,ZCD102S5,4
91b8f8a911bff655d08192b7e34f37d1,50DP009-6,,,58,ZCD102S5,4
91b8f8a911bff655d08192b7e34f37d1,50LJ009,no Transition Curb needed,,58,ZCD102S5,4
91b8f8a911bff655d08192b7e34f37d1,50DP009-1,,,58,ZCD102S5,4
91b8f8a911bff655d08192b7e34f37d1,50DP009-5,,,58,ZCD102S5,4
91b8f8a911bff655d08192b7e34f37d1,50HJ009,no Transition Curb needed,,58,ZCD102S5,4
91b8f8a911bff655d08192b7e34f37d1,50TC-A09,,,58,ZCD102S5,4
91b8f8a911bff655d08192b7e34f37d1,50DG009-5,,,58,ZCD102S5,4
91b8f8a911bff655d08192b7e34f37d1,50DG009-6,,,58,ZCD102S5,4
91b8f8a911bff655d08192b7e34f37d1,50TC-E09,,,58,ZCD102S5,4
91b8f8a911bff655d08192b7e34f37d1,50TCD09,,,58,ZCD102S5,4
91b8f8a911bff655d08192b7e34f37d1,50TM009,no Transition Curb needed,,58,ZCD102S5,4
91b8f8a911bff655d08192b7e34f37d1,50TCE09,,,58,ZCD102S5,4
91b8f8a911bff655d08192b7e34f37d1,50TCA09,,,58,ZCD102S5,4
91b8f8a911bff655d08192b7e34f37d1,50TFF009,no Transition Curb needed,,58,ZCD102S5,4
91b8f8a911bff655d08192b7e34f37d1,50TJ009,no Transition Curb needed,,58,ZCD102S5,4
91b8f8a911bff655d08192b7e34f37d1,50TC-D09,,,58,ZCD102S5,4
91b8f8a911bff655d08192b7e34f37d1,50TCB09,,,58,ZCD102S5,4
91b8f8a911bff655d08192b7e34f37d1,50TC-B09,,,58,ZCD102S5,4
91b8f8a911bff655d08192b7e34f37d1,551BPX102,no Transition Curb needed,,58,ZCD102S5,4
91b8f8a911bff655d08192b7e34f37d1,558CBX102,no Transition Curb needed,,58,ZCD102S5,4
91b8f8a911bff655d08192b7e34f37d1,551BTX102,no Transition Curb needed,,58,ZCD102S5,4
91b8f8a911bff655d08192b7e34f37d1,551JJ09,no Transition Curb needed,,58,ZCD102S5,4
91b8f8a911bff655d08192b7e34f37d1,551JE09,no Transition Curb needed,,58,ZCD102S5,4
91b8f8a911bff655d08192b7e34f37d1,558CEX102,no Transition Curb needed,,58,ZCD102S5,4
91b8f8a911bff655d08192b7e34f37d1,551JT09,no Transition Curb needed,,58,ZCD102S5,4
91b8f8a911bff655d08192b7e34f37d1,551BEX102,no Transition Curb needed,,58,ZCD102S5,4
91b8f8a911bff655d08192b7e34f37d1,551BJX102,no Transition Curb needed,,58,ZCD102S5,4
91b8f8a911bff655d08192b7e34f37d1,558FJX102,no Transition Curb needed,,58,ZCD102S5,4
91b8f8a911bff655d08192b7e34f37d1,558DEX102,no Transition Curb needed,,58,ZCD102S5,4
91b8f8a911bff655d08192b7e34f37d1,558DTX102,no Transition Curb needed,,58,ZCD102S5,4
91b8f8a911bff655d08192b7e34f37d1,558DPX102,no Transition Curb needed,,58,ZCD102S5,4
91b8f8a911bff655d08192b7e34f37d1,558DJX102,no Transition Curb needed,,58,ZCD102S5,4
91b8f8a911bff655d08192b7e34f37d1,558CPX102,no Transition Curb needed,,58,ZCD102S5,4
91b8f8a911bff655d08192b7e34f37d1,558CJX102,no Transition Curb needed,,58,ZCD102S5,4
91b8f8a911bff655d08192b7e34f37d1,558CTX102,no Transition Curb needed,,58,ZCD102S5,4
91b8f8a911bff655d08192b7e34f37d1,558FEX102,no Transition Curb needed,,58,ZCD102S5,4
91b8f8a911bff655d08192b7e34f37d1,558JT09,no Transition Curb needed,,58,ZCD102S5,4
91b8f8a911bff655d08192b7e34f37d1,558JP09,no Transition Curb needed,,58,ZCD102S5,4
91b8f8a911bff655d08192b7e34f37d1,D2EE120,,,58,ZCD102S5,4
91b8f8a911bff655d08192b7e34f37d1,558FPX102,no Transition Curb needed,,58,ZCD102S5,4
91b8f8a911bff655d08192b7e34f37d1,558JE09,no Transition Curb needed,,58,ZCD102S5,4
91b8f8a911bff655d08192b7e34f37d1,558JJ09,no Transition Curb needed,,58,ZCD102S5,4
91b8f8a911bff655d08192b7e34f37d1,D1EE120,,,58,ZCD102S5,4
91b8f8a911bff655d08192b7e34f37d1,CPC102,,,58,ZCD102S5,4
91b8f8a911bff655d08192b7e34f37d1,558FTX102,no Transition Curb needed,,58,ZCD102S5,4
91b8f8a911bff655d08192b7e34f37d1,DF102C00,,,58,ZCD102S5,4
91b8f8a911bff655d08192b7e34f37d1,DM102C00A4,,,58,ZCD102S5,4
91b8f8a911bff655d08192b7e34f37d1,DM102C00A5,,,58,ZCD102S5,4
91b8f8a911bff655d08192b7e34f37d1,DCC102,,,58,ZCD102S5,4
91b8f8a911bff655d08192b7e34f37d1,D3CE102,11J07,,58,ZCD102S5,4
91b8f8a911bff655d08192b7e34f37d1,D4CE102,11J07,,58,ZCD102S5,4
91b8f8a911bff655d08192b7e34f37d1,PAH102,no Transition Curb needed,,58,ZCD102S5,4
91b8f8a911bff655d08192b7e34f37d1,DM102C00A2,,,58,ZCD102S5,4
91b8f8a911bff655d08192b7e34f37d1,RAH102,no Transition Curb needed,,58,ZCD102S5,4
91b8f8a911bff655d08192b7e34f37d1,PAE102,no Transition Curb needed,,58,ZCD102S5,4
91b8f8a911bff655d08192b7e34f37d1,RRCF-085YK,,,58,ZCD102S5,4
91b8f8a911bff655d08192b7e34f37d1,RAH102S,no Transition Curb needed,,58,ZCD102S5,4
91b8f8a911bff655d08192b7e34f37d1,RAH102L,no Transition Curb needed,,58,ZCD102S5,4
91b8f8a911bff655d08192b7e34f37d1,RRCF-100Y,,,58,ZCD102S5,4
91b8f8a911bff655d08192b7e34f37d1,RRCF-100D,,,58,ZCD102S5,4
91b8f8a911bff655d08192b7e34f37d1,RAH102K,no Transition Curb needed,,58,ZCD102S5,4
91b8f8a911bff655d08192b7e34f37d1,RAH102H,no Transition Curb needed,,58,ZCD102S5,4
91b8f8a911bff655d08192b7e34f37d1,RRCF-085DK,,,58,ZCD102S5,4
91b8f8a911bff655d08192b7e34f37d1,RRCF-085CK,,,58,ZCD102S5,4
91b8f8a911bff655d08192b7e34f37d1,RREF-015100D,,,58,ZCD102S5,4
91b8f8a911bff655d08192b7e34f37d1,RREF-030100D,,,58,ZCD102S5,4
91b8f8a911bff655d08192b7e34f37d1,RREF-015100C,,,58,ZCD102S5,4
91b8f8a911bff655d08192b7e34f37d1,RREF-020100C,,,58,ZCD102S5,4
91b8f8a911bff655d08192b7e34f37d1,RREF-030100C,,,58,ZCD102S5,4
91b8f8a911bff655d08192b7e34f37d1,RREF-015100Y,,,58,ZCD102S5,4
91b8f8a911bff655d08192b7e34f37d1,RREF-030100Y,,,58,ZCD102S5,4
91b8f8a911bff655d08192b7e34f37d1,RREF-020100D,,,58,ZCD102S5,4
91b8f8a911bff655d08192b7e34f37d1,RREF-020100Y,,,58,ZCD102S5,4
91b8f8a911bff655d08192b7e34f37d1,TCA102S2,,,58,ZCD102S5,4
91b8f8a911bff655d08192b7e34f37d1,50CHD008-5,Horizontal Only,,57,ZCD092S5,4
91b8f8a911bff655d08192b7e34f37d1,50CHD008-6,Horizontal Only,,57,ZCD092S5,4
91b8f8a911bff655d08192b7e34f37d1,558CEX090,no Transition Curb needed,,57,ZCD092S5,4
91b8f8a911bff655d08192b7e34f37d1,RREF-015085D,,,57,ZCD092S5,4
91b8f8a911bff655d08192b7e34f37d1,50CDD008-1,,,57,ZCD092S5,4
91b8f8a911bff655d08192b7e34f37d1,50CD008-6,,,57,ZCD092S5,4
91b8f8a911bff655d08192b7e34f37d1,50CD008-5,,,57,ZCD092S5,4
91b8f8a911bff655d08192b7e34f37d1,50CDD008-6,,,57,ZCD092S5,4
91b8f8a911bff655d08192b7e34f37d1,50CDD008-5,,,57,ZCD092S5,4
91b8f8a911bff655d08192b7e34f37d1,50CHD008-1,Horizontal Only,,57,ZCD092S5,4
91b8f8a911bff655d08192b7e34f37d1,50CDE008-6,,,57,ZCD092S5,4
91b8f8a911bff655d08192b7e34f37d1,50CHE008-5,Ducting Transition may be required.,,57,ZCD092S5,4
91b8f8a911bff655d08192b7e34f37d1,50CH008-5,51W25 - Ducting Transition may be required.,,57,ZCD092S5,4
91b8f8a911bff655d08192b7e34f37d1,50CH008-6,51W25 - Ducting Transition may be required.,,57,ZCD092S5,4
91b8f8a911bff655d08192b7e34f37d1,50CDE008-5,,,57,ZCD092S5,4
91b8f8a911bff655d08192b7e34f37d1,50DA008110,Ducting Transition may be required.,,57,ZCD092S5,4
91b8f8a911bff655d08192b7e34f37d1,50CHE008-6,Ducting Transition may be required.,,57,ZCD092S5,4
91b8f8a911bff655d08192b7e34f37d1,50DA008400,Ducting Transition may be required.,,57,ZCD092S5,4
91b8f8a911bff655d08192b7e34f37d1,50DP008-1,,,57,ZCD092S5,4
91b8f8a911bff655d08192b7e34f37d1,50DJ008,no Transition Curb needed,,57,ZCD092S5,4
91b8f8a911bff655d08192b7e34f37d1,50DG008-1,,,57,ZCD092S5,4
91b8f8a911bff655d08192b7e34f37d1,50DG008-6,,,57,ZCD092S5,4
91b8f8a911bff655d08192b7e34f37d1,50DG008-5,,,57,ZCD092S5,4
91b8f8a911bff655d08192b7e34f37d1,50DA008610,Ducting Transition may be required.,,57,ZCD092S5,4
91b8f8a911bff655d08192b7e34f37d1,50DA008510,Ducting Transition may be required.,,57,ZCD092S5,4
91b8f8a911bff655d08192b7e34f37d1,50HJ008,no Transition Curb needed,,57,ZCD092S5,4
91b8f8a911bff655d08192b7e34f37d1,50TC-E08,,,57,ZCD092S5,4
91b8f8a911bff655d08192b7e34f37d1,50TC-A08,,,57,ZCD092S5,4
91b8f8a911bff655d08192b7e34f37d1,50DP008-5,,,57,ZCD092S5,4
91b8f8a911bff655d08192b7e34f37d1,50TCA08,,,57,ZCD092S5,4
91b8f8a911bff655d08192b7e34f37d1,50TC-D08,,,57,ZCD092S5,4
91b8f8a911bff655d08192b7e34f37d1,50DP008-6,,,57,ZCD092S5,4
91b8f8a911bff655d08192b7e34f37d1,50LJ008,no Transition Curb needed,,57,ZCD092S5,4
91b8f8a911bff655d08192b7e34f37d1,50TC-B08,,,57,ZCD092S5,4
91b8f8a911bff655d08192b7e34f37d1,50TFF008,no Transition Curb needed,,57,ZCD092S5,4
91b8f8a911bff655d08192b7e34f37d1,50TM008,no Transition Curb needed,,57,ZCD092S5,4
91b8f8a911bff655d08192b7e34f37d1,50TCD08,,,57,ZCD092S5,4
91b8f8a911bff655d08192b7e34f37d1,551BEX090,no Transition Curb needed,,57,ZCD092S5,4
91b8f8a911bff655d08192b7e34f37d1,50TJ008,no Transition Curb needed,,57,ZCD092S5,4
91b8f8a911bff655d08192b7e34f37d1,50TMF008---5,no Transition Curb needed,,57,ZCD092S5,4
91b8f8a911bff655d08192b7e34f37d1,50TCE08,,,57,ZCD092S5,4
91b8f8a911bff655d08192b7e34f37d1,50TMF008---1,no Transition Curb needed,,57,ZCD092S5,4
91b8f8a911bff655d08192b7e34f37d1,50TMF008---6,no Transition Curb needed,,57,ZCD092S5,4
91b8f8a911bff655d08192b7e34f37d1,50TCB08,,,57,ZCD092S5,4
91b8f8a911bff655d08192b7e34f37d1,551JJ08,no Transition Curb needed,,57,ZCD092S5,4
91b8f8a911bff655d08192b7e34f37d1,551BPX090,no Transition Curb needed,,57,ZCD092S5,4
91b8f8a911bff655d08192b7e34f37d1,558CBX090,no Transition Curb needed,,57,ZCD092S5,4
91b8f8a911bff655d08192b7e34f37d1,551JT08,no Transition Curb needed,,57,ZCD092S5,4
91b8f8a911bff655d08192b7e34f37d1,551JE08,no Transition Curb needed,,57,ZCD092S5,4
91b8f8a911bff655d08192b7e34f37d1,558CJC090,no Transition Curb needed,,57,ZCD092S5,4
91b8f8a911bff655d08192b7e34f37d1,551BTX090,no Transition Curb needed,,57,ZCD092S5,4
91b8f8a911bff655d08192b7e34f37d1,551JP08,no Transition Curb needed,,57,ZCD092S5,4
91b8f8a911bff655d08192b7e34f37d1,558CPX090,no Transition Curb needed,,57,ZCD092S5,4
91b8f8a911bff655d08192b7e34f37d1,551BJX090,no Transition Curb needed,,57,ZCD092S5,4
91b8f8a911bff655d08192b7e34f37d1,558FEX090,no Transition Curb needed,,57,ZCD092S5,4
91b8f8a911bff655d08192b7e34f37d1,558DJX090,no Transition Curb needed,,57,ZCD092S5,4
91b8f8a911bff655d08192b7e34f37d1,558DEX090,no Transition Curb needed,,57,ZCD092S5,4
91b8f8a911bff655d08192b7e34f37d1,558JJ08,no Transition Curb needed,,57,ZCD092S5,4
91b8f8a911bff655d08192b7e34f37d1,558FJX090,no Transition Curb needed,,57,ZCD092S5,4
91b8f8a911bff655d08192b7e34f37d1,558JP08,no Transition Curb needed,,57,ZCD092S5,4
91b8f8a911bff655d08192b7e34f37d1,558JE08,no Transition Curb needed,,57,ZCD092S5,4
91b8f8a911bff655d08192b7e34f37d1,558FPX090,no Transition Curb needed,,57,ZCD092S5,4
91b8f8a911bff655d08192b7e34f37d1,558DTX090,no Transition Curb needed,,57,ZCD092S5,4
91b8f8a911bff655d08192b7e34f37d1,558FTX090,no Transition Curb needed,,57,ZCD092S5,4
91b8f8a911bff655d08192b7e34f37d1,558DPX090,no Transition Curb needed,,57,ZCD092S5,4
91b8f8a911bff655d08192b7e34f37d1,D2EE090,,,57,ZCD092S5,4
91b8f8a911bff655d08192b7e34f37d1,CHA24-953,31B68,,57,ZCD092S5,4
91b8f8a911bff655d08192b7e34f37d1,CPC090,,,57,ZCD092S5,4
91b8f8a911bff655d08192b7e34f37d1,CHA16-090,31B68,,57,ZCD092S5,4
91b8f8a911bff655d08192b7e34f37d1,D3CE090,11J07,,57,ZCD092S5,4
91b8f8a911bff655d08192b7e34f37d1,DCC090,,,57,ZCD092S5,4
91b8f8a911bff655d08192b7e34f37d1,D1EE090,,,57,ZCD092S5,4
91b8f8a911bff655d08192b7e34f37d1,558JT08,no Transition Curb needed,,57,ZCD092S5,4
91b8f8a911bff655d08192b7e34f37d1,D4CE090,11J07,,57,ZCD092S5,4
91b8f8a911bff655d08192b7e34f37d1,559CTX090,no Transition Curb needed,,57,ZCD092S5,4
91b8f8a911bff655d08192b7e34f37d1,RAH090,no Transition Curb needed,,57,ZCD092S5,4
91b8f8a911bff655d08192b7e34f37d1,RAH090K,no Transition Curb needed,,57,ZCD092S5,4
91b8f8a911bff655d08192b7e34f37d1,PAE090,no Transition Curb needed,,57,ZCD092S5,4
91b8f8a911bff655d08192b7e34f37d1,PAH090,no Transition Curb needed,,57,ZCD092S5,4
91b8f8a911bff655d08192b7e34f37d1,P6SP-090CA,,,57,ZCD092S5,4
91b8f8a911bff655d08192b7e34f37d1,P6SP-090DA,,,57,ZCD092S5,4
91b8f8a911bff655d08192b7e34f37d1,RAH090H,no Transition Curb needed,,57,ZCD092S5,4
91b8f8a911bff655d08192b7e34f37d1,RAH090L,no Transition Curb needed,,57,ZCD092S5,4
91b8f8a911bff655d08192b7e34f37d1,DM090C00,,,57,ZCD092S5,4
91b8f8a911bff655d08192b7e34f37d1,DF090C00,,,57,ZCD092S5,4
91b8f8a911bff655d08192b7e34f37d1,RREF-015085C,,,57,ZCD092S5,4
91b8f8a911bff655d08192b7e34f37d1,RRCF-085C,,,57,ZCD092S5,4
91b8f8a911bff655d08192b7e34f37d1,RAS090,no Transition Curb needed,,57,ZCD092S5,4
91b8f8a911bff655d08192b7e34f37d1,RREF-020085C,,,57,ZCD092S5,4
91b8f8a911bff655d08192b7e34f37d1,RREF-020085D,,,57,ZCD092S5,4
91b8f8a911bff655d08192b7e34f37d1,RRCF085Y,,,57,ZCD092S5,4
91b8f8a911bff655d08192b7e34f37d1,RAH090S,no Transition Curb needed,,57,ZCD092S5,4
91b8f8a911bff655d08192b7e34f37d1,RRCG-085D,,,57,ZCD092S5,4
91b8f8a911bff655d08192b7e34f37d1,RREF-015085Y,,,57,ZCD092S5,4
91b8f8a911bff655d08192b7e34f37d1,TCA090S2,,,57,ZCD092S5,4
91b8f8a911bff655d08192b7e34f37d1,RREF-030085D,,,57,ZCD092S5,4
91b8f8a911bff655d08192b7e34f37d1,RREF-020085Y,,,57,ZCD092S5,4
91b8f8a911bff655d08192b7e34f37d1,TCD090D,11J05,,57,ZCD092S5,4
91b8f8a911bff655d08192b7e34f37d1,RREF-030085C,,,57,ZCD092S5,4
91b8f8a911bff655d08192b7e34f37d1,RREF-030085Y,,,57,ZCD092S5,4
91b8f8a911bff655d08192b7e34f37d1,TCD090C,11J05,,57,ZCD092S5,4
91b8f8a911bff655d08192b7e34f37d1,TCD090B,11J05,,57,ZCD092S5,4
91b8f8a911bff655d08192b7e34f37d1,TCD090A,11J05,,57,ZCD092S5,4
91b8f8a911bff655d08192b7e34f37d1,50TMF007--6,no Transition Curb needed,,56,ZCD074S5,4
91b8f8a911bff655d08192b7e34f37d1,50CH007-1,Horizontal Only,,56,ZCD074S5,4
91b8f8a911bff655d08192b7e34f37d1,50DJ007-1,no Transition Curb needed,,56,ZCD074S5,4
91b8f8a911bff655d08192b7e34f37d1,50CH007-5,Horizontal Only,,56,ZCD074S5,4
91b8f8a911bff655d08192b7e34f37d1,50DJ007,no Transition Curb needed,,56,ZCD074S5,4
91b8f8a911bff655d08192b7e34f37d1,50DJ007-5,no Transition Curb needed,,56,ZCD074S5,4
91b8f8a911bff655d08192b7e34f37d1,50HC007,no Transition Curb needed,,56,ZCD074S5,4
91b8f8a911bff655d08192b7e34f37d1,50HJ007,no Transition Curb needed,,56,ZCD074S5,4
91b8f8a911bff655d08192b7e34f37d1,50DJ007-6,no Transition Curb needed,,56,ZCD074S5,4
91b8f8a911bff655d08192b7e34f37d1,50CH007-6,Horizontal Only,,56,ZCD074S5,4
91b8f8a911bff655d08192b7e34f37d1,50HJ007---1,no Transition Curb needed,,56,ZCD074S5,4
91b8f8a911bff655d08192b7e34f37d1,50TC-A07,no Transition Curb needed,,56,ZCD074S5,4
91b8f8a911bff655d08192b7e34f37d1,50HJ007---5,no Transition Curb needed,,56,ZCD074S5,4
91b8f8a911bff655d08192b7e34f37d1,50HJ007---6,no Transition Curb needed,,56,ZCD074S5,4
91b8f8a911bff655d08192b7e34f37d1,50TC-A07A1A5,no Transition Curb needed,,56,ZCD074S5,4
91b8f8a911bff655d08192b7e34f37d1,50TC-A07A1A1,no Transition Curb needed,,56,ZCD074S5,4
91b8f8a911bff655d08192b7e34f37d1,50LJ007,no Transition Curb needed,,56,ZCD074S5,4
91b8f8a911bff655d08192b7e34f37d1,50TC-A07A1A6,no Transition Curb needed,,56,ZCD074S5,4
91b8f8a911bff655d08192b7e34f37d1,50TCA07,no Transition Curb needed,,56,ZCD074S5,4
91b8f8a911bff655d08192b7e34f37d1,50HM007,no Transition Curb needed,,56,ZCD074S5,4
91b8f8a911bff655d08192b7e34f37d1,50TJ-007--6,no Transition Curb needed,,56,ZCD074S5,4
91b8f8a911bff655d08192b7e34f37d1,50TFF007---6,no Transition Curb needed,,56,ZCD074S5,4
91b8f8a911bff655d08192b7e34f37d1,50TJ007,no Transition Curb needed,,56,ZCD074S5,4
91b8f8a911bff655d08192b7e34f37d1,50TJ-007--5,no Transition Curb needed,,56,ZCD074S5,4
91b8f8a911bff655d08192b7e34f37d1,50TFF007---1,no Transition Curb needed,,56,ZCD074S5,4
91b8f8a911bff655d08192b7e34f37d1,50TJ-007,no Transition Curb needed,,56,ZCD074S5,4
91b8f8a911bff655d08192b7e34f37d1,50TFF007---5,no Transition Curb needed,,56,ZCD074S5,4
91b8f8a911bff655d08192b7e34f37d1,50TFF007,no Transition Curb needed,,56,ZCD074S5,4
91b8f8a911bff655d08192b7e34f37d1,50TF007,no Transition Curb needed,,56,ZCD074S5,4
91b8f8a911bff655d08192b7e34f37d1,50TJ-007--1,no Transition Curb needed,,56,ZCD074S5,4
91b8f8a911bff655d08192b7e34f37d1,558CTX072,no Transition Curb needed,,56,ZCD074S5,4
91b8f8a911bff655d08192b7e34f37d1,558CPX072,no Transition Curb needed,,56,ZCD074S5,4
91b8f8a911bff655d08192b7e34f37d1,558CEX072,no Transition Curb needed,,56,ZCD074S5,4
91b8f8a911bff655d08192b7e34f37d1,50TM007,no Transition Curb needed,,56,ZCD074S5,4
91b8f8a911bff655d08192b7e34f37d1,50TMF007--6*,no Transition Curb needed,,56,ZCD074S5,4
91b8f8a911bff655d08192b7e34f37d1,50TMF007--1,no Transition Curb needed,,56,ZCD074S5,4
91b8f8a911bff655d08192b7e34f37d1,558C072,no Transition Curb needed,,56,ZCD074S5,4
91b8f8a911bff655d08192b7e34f37d1,50TMF007--5*,no Transition Curb needed,,56,ZCD074S5,4
91b8f8a911bff655d08192b7e34f37d1,50TMF007--5,no Transition Curb needed,,56,ZCD074S5,4
91b8f8a911bff655d08192b7e34f37d1,50TMF007--1*,no Transition Curb needed,,56,ZCD074S5,4
91b8f8a911bff655d08192b7e34f37d1,558FTX072,no Transition Curb needed,,56,ZCD074S5,4
91b8f8a911bff655d08192b7e34f37d1,558DTX072,no Transition Curb needed,,56,ZCD074S5,4
91b8f8a911bff655d08192b7e34f37d1,558DEX072,no Transition Curb needed,,56,ZCD074S5,4
91b8f8a911bff655d08192b7e34f37d1,558FPX072,no Transition Curb needed,,56,ZCD074S5,4
91b8f8a911bff655d08192b7e34f37d1,558DPX072,no Transition Curb needed,,56,ZCD074S5,4
91b8f8a911bff655d08192b7e34f37d1,558FEX072,no Transition Curb needed,,56,ZCD074S5,4
91b8f8a911bff655d08192b7e34f37d1,CPC072,,,56,ZCD074S5,4
91b8f8a911bff655d08192b7e34f37d1,558D072,no Transition Curb needed,,56,ZCD074S5,4
91b8f8a911bff655d08192b7e34f37d1,558F072,no Transition Curb needed,,56,ZCD074S5,4
91b8f8a911bff655d08192b7e34f37d1,CPC072XXX3,,,56,ZCD074S5,4
91b8f8a911bff655d08192b7e34f37d1,CPC072XXX7,,,56,ZCD074S5,4
91b8f8a911bff655d08192b7e34f37d1,DCC072XXX4B,,,56,ZCD074S5,4
91b8f8a911bff655d08192b7e34f37d1,DM078C00A2,,,56,ZCD074S5,4
91b8f8a911bff655d08192b7e34f37d1,DM072E30P4,,,56,ZCD074S5,4
91b8f8a911bff655d08192b7e34f37d1,DCC072XXX3B,,,56,ZCD074S5,4
91b8f8a911bff655d08192b7e34f37d1,DM072E30P2,,,56,ZCD074S5,4
91b8f8a911bff655d08192b7e34f37d1,DCC072XXX7B,,,56,ZCD074S5,4
91b8f8a911bff655d08192b7e34f37d1,DCC072,,,56,ZCD074S5,4
91b8f8a911bff655d08192b7e34f37d1,CPC072XXX4,,,56,ZCD074S5,4
91b8f8a911bff655d08192b7e34f37d1,P6SP-072CA,,,56,ZCD074S5,4
91b8f8a911bff655d08192b7e34f37d1,PAB075,,,,ZCD074S5,4
91b8f8a911bff655d08192b7e34f37d1,DM078C00A4,,,56,ZCD074S5,4
91b8f8a911bff655d08192b7e34f37d1,DM078C00A5,,,56,ZCD074S5,4
91b8f8a911bff655d08192b7e34f37d1,PAB075N2H,,,56,ZCD074S5,4
91b8f8a911bff655d08192b7e34f37d1,RAS072L,no Transition Curb needed,,56,ZCD074S5,4
91b8f8a911bff655d08192b7e34f37d1,PAB075N2S,,,56,ZCD074S5,4
91b8f8a911bff655d08192b7e34f37d1,RAS072H,no Transition Curb needed,,56,ZCD074S5,4
91b8f8a911bff655d08192b7e34f37d1,P6SP-072DA,,,56,ZCD074S5,4
91b8f8a911bff655d08192b7e34f37d1,PAB075N2L,,,56,ZCD074S5,4
91b8f8a911bff655d08192b7e34f37d1,RAS072S,no Transition Curb needed,,56,ZCD074S5,4
91b8f8a911bff655d08192b7e34f37d1,TCD075A,,,56,ZCD074S5,4
91b8f8a911bff655d08192b7e34f37d1,TCD075B,,,56,ZCD074S5,4
91b8f8a911bff655d08192b7e34f37d1,TCD075C,,,56,ZCD074S5,4
91b8f8a911bff655d08192b7e34f37d1,50TM006,no Transition Curb needed,,55,ZCD060S5,4
91b8f8a911bff655d08192b7e34f37d1,50CD006-1,,,55,ZCD060S5,4
91b8f8a911bff655d08192b7e34f37d1,CPC060020,,,55,ZCD060S5,4
91b8f8a911bff655d08192b7e34f37d1,RAH060H,no Transition Curb needed,,55,ZCD060S5,4
91b8f8a911bff655d08192b7e34f37d1,50CD006-3,,,55,ZCD060S5,4
91b8f8a911bff655d08192b7e34f37d1,50CD006-5,,,55,ZCD060S5,4
91b8f8a911bff655d08192b7e34f37d1,50CD006-6,,,55,ZCD060S5,4
91b8f8a911bff655d08192b7e34f37d1,50CH006-6,Horizontal Only,,55,ZCD060S5,4
91b8f8a911bff655d08192b7e34f37d1,50CH006-3,Horizontal Only,,55,ZCD060S5,4
91b8f8a911bff655d08192b7e34f37d1,50CH006-5,Horizontal Only,,55,ZCD060S5,4
91b8f8a911bff655d08192b7e34f37d1,50DG006-1,,,55,ZCD060S5,4
91b8f8a911bff655d08192b7e34f37d1,50DA006110,Ducting Transition may be required.,,55,ZCD060S5,4
91b8f8a911bff655d08192b7e34f37d1,50CH006-1,Horizontal Only,,55,ZCD060S5,4
91b8f8a911bff655d08192b7e34f37d1,50DA006510,Ducting Transition may be required.,,55,ZCD060S5,4
91b8f8a911bff655d08192b7e34f37d1,50DA006610,Ducting Transition may be required.,,55,ZCD060S5,4
91b8f8a911bff655d08192b7e34f37d1,50DA006400,Ducting Transition may be required.,,55,ZCD060S5,4
91b8f8a911bff655d08192b7e34f37d1,50DA006310,Ducting Transition may be required.,,55,ZCD060S5,4
91b8f8a911bff655d08192b7e34f37d1,50DP006-1,,,55,ZCD060S5,4
91b8f8a911bff655d08192b7e34f37d1,50DG006-5,,,55,ZCD060S5,4
91b8f8a911bff655d08192b7e34f37d1,50DG006-3,,,55,ZCD060S5,4
91b8f8a911bff655d08192b7e34f37d1,50GS0603,,,55,ZCD060S5,4
91b8f8a911bff655d08192b7e34f37d1,50GS0605,,,55,ZCD060S5,4
91b8f8a911bff655d08192b7e34f37d1,50DJ006,no Transition Curb needed,,55,ZCD060S5,4
91b8f8a911bff655d08192b7e34f37d1,50DP006-6,,,55,ZCD060S5,4
91b8f8a911bff655d08192b7e34f37d1,50DG006-6,,,55,ZCD060S5,4
91b8f8a911bff655d08192b7e34f37d1,50DP006-3,,,55,ZCD060S5,4
91b8f8a911bff655d08192b7e34f37d1,50DP006-5,,,55,ZCD060S5,4
91b8f8a911bff655d08192b7e34f37d1,50TC-E06,no Transition Curb needed,,55,ZCD060S5,4
91b8f8a911bff655d08192b7e34f37d1,50KC-A06A2,no Transition Curb needed,,55,ZCD060S5,4
91b8f8a911bff655d08192b7e34f37d1,50HJ006,no Transition Curb needed,,55,ZCD060S5,4
91b8f8a911bff655d08192b7e34f37d1,50GS0606,,,55,ZCD060S5,4
91b8f8a911bff655d08192b7e34f37d1,50KC-A06A1,no Transition Curb needed,,55,ZCD060S5,4
91b8f8a911bff655d08192b7e34f37d1,50TC-A06,no Transition Curb needed,,55,ZCD060S5,4
91b8f8a911bff655d08192b7e34f37d1,50KC-A06A0,no Transition Curb needed,,55,ZCD060S5,4
91b8f8a911bff655d08192b7e34f37d1,50TC-B06,no Transition Curb needed,,55,ZCD060S5,4
91b8f8a911bff655d08192b7e34f37d1,50KC-A06A3,no Transition Curb needed,,55,ZCD060S5,4
91b8f8a911bff655d08192b7e34f37d1,50LJ006,no Transition Curb needed,,55,ZCD060S5,4
91b8f8a911bff655d08192b7e34f37d1,50TC-D06,no Transition Curb needed,,55,ZCD060S5,4
91b8f8a911bff655d08192b7e34f37d1,50TFF006,no Transition Curb needed,,55,ZCD060S5,4
91b8f8a911bff655d08192b7e34f37d1,551BEX060,no Transition Curb needed,,55,ZCD060S5,4
91b8f8a911bff655d08192b7e34f37d1,50TCA06,no Transition Curb needed,,55,ZCD060S5,4
91b8f8a911bff655d08192b7e34f37d1,551BJX060,no Transition Curb needed,,55,ZCD060S5,4
91b8f8a911bff655d08192b7e34f37d1,551BPX060,no Transition Curb needed,,55,ZCD060S5,4
91b8f8a911bff655d08192b7e34f37d1,50TCB06,no Transition Curb needed,,55,ZCD060S5,4
91b8f8a911bff655d08192b7e34f37d1,50TCD06,no Transition Curb needed,,55,ZCD060S5,4
91b8f8a911bff655d08192b7e34f37d1,50TJ006,no Transition Curb needed,,55,ZCD060S5,4
91b8f8a911bff655d08192b7e34f37d1,50TCE06,no Transition Curb needed,,55,ZCD060S5,4
91b8f8a911bff655d08192b7e34f37d1,558CEX060,no Transition Curb needed,,55,ZCD060S5,4
91b8f8a911bff655d08192b7e34f37d1,551JE06,no Transition Curb needed,,55,ZCD060S5,4
91b8f8a911bff655d08192b7e34f37d1,551JJ06,no Transition Curb needed,,55,ZCD060S5,4
91b8f8a911bff655d08192b7e34f37d1,551JP06,no Transition Curb needed,,55,ZCD060S5,4
91b8f8a911bff655d08192b7e34f37d1,558DEX060,no Transition Curb needed,,55,ZCD060S5,4
91b8f8a911bff655d08192b7e34f37d1,551JT06,no Transition Curb needed,,55,ZCD060S5,4
91b8f8a911bff655d08192b7e34f37d1,558CTX060,no Transition Curb needed,,55,ZCD060S5,4
91b8f8a911bff655d08192b7e34f37d1,558CBX060,no Transition Curb needed,,55,ZCD060S5,4
91b8f8a911bff655d08192b7e34f37d1,558CJX060,no Transition Curb needed,,55,ZCD060S5,4
91b8f8a911bff655d08192b7e34f37d1,558CPX060,no Transition Curb needed,,55,ZCD060S5,4
91b8f8a911bff655d08192b7e34f37d1,551BTX060,no Transition Curb needed,,55,ZCD060S5,4
91b8f8a911bff655d08192b7e34f37d1,558FTX060,no Transition Curb needed,,55,ZCD060S5,4
91b8f8a911bff655d08192b7e34f37d1,558DTX060,no Transition Curb needed,,55,ZCD060S5,4
91b8f8a911bff655d08192b7e34f37d1,558JE06,no Transition Curb needed,,55,ZCD060S5,4
91b8f8a911bff655d08192b7e34f37d1,558DPX060,no Transition Curb needed,,55,ZCD060S5,4
91b8f8a911bff655d08192b7e34f37d1,558FPX060,no Transition Curb needed,,55,ZCD060S5,4
91b8f8a911bff655d08192b7e34f37d1,558FEX060,no Transition Curb needed,,55,ZCD060S5,4
91b8f8a911bff655d08192b7e34f37d1,558FJX060,no Transition Curb needed,,55,ZCD060S5,4
91b8f8a911bff655d08192b7e34f37d1,558DJX060,no Transition Curb needed,,55,ZCD060S5,4
91b8f8a911bff655d08192b7e34f37d1,CHA15-651,,,55,ZCD060S5,4
91b8f8a911bff655d08192b7e34f37d1,CHA16-060,31B67,,55,ZCD060S5,4
91b8f8a911bff655d08192b7e34f37d1,558JT06,no Transition Curb needed,,55,ZCD060S5,4
91b8f8a911bff655d08192b7e34f37d1,559JT06,no Transition Curb needed,,55,ZCD060S5,4
91b8f8a911bff655d08192b7e34f37d1,558JJ06,no Transition Curb needed,,55,ZCD060S5,4
91b8f8a911bff655d08192b7e34f37d1,558JP06,no Transition Curb needed,,55,ZCD060S5,4
91b8f8a911bff655d08192b7e34f37d1,559JJ06,no Transition Curb needed,,55,ZCD060S5,4
91b8f8a911bff655d08192b7e34f37d1,559JE06,no Transition Curb needed,,55,ZCD060S5,4
91b8f8a911bff655d08192b7e34f37d1,CHA16-651,31B67,,55,ZCD060S5,4
91b8f8a911bff655d08192b7e34f37d1,559JP06,no Transition Curb needed,,55,ZCD060S5,4
91b8f8a911bff655d08192b7e34f37d1,CPC060,,,55,ZCD060S5,4
91b8f8a911bff655d08192b7e34f37d1,CPC060010,,,55,ZCD060S5,4
91b8f8a911bff655d08192b7e34f37d1,CPC060025,,,55,ZCD060S5,4
91b8f8a911bff655d08192b7e34f37d1,CHA16-653,31B67,,55,ZCD060S5,4
91b8f8a911bff655d08192b7e34f37d1,CPC060016,,,55,ZCD060S5,4
91b8f8a911bff655d08192b7e34f37d1,CPC060030,,,55,ZCD060S5,4
91b8f8a911bff655d08192b7e34f37d1,CPC060015,,,55,ZCD060S5,4
91b8f8a911bff655d08192b7e34f37d1,CHA24-653,31B66,,55,ZCD060S5,4
91b8f8a911bff655d08192b7e34f37d1,CPC060018,,,55,ZCD060S5,4
91b8f8a911bff655d08192b7e34f37d1,CPC060045,,,55,ZCD060S5,4
91b8f8a911bff655d08192b7e34f37d1,D1EE060A06,10L32,,55,ZCD060S5,4
91b8f8a911bff655d08192b7e34f37d1,CPC060060,,,55,ZCD060S5,4
91b8f8a911bff655d08192b7e34f37d1,D3CE060,10L32,,55,ZCD060S5,4
91b8f8a911bff655d08192b7e34f37d1,CPC060XXX,,,55,ZCD060S5,4
91b8f8a911bff655d08192b7e34f37d1,CPC060031,,,55,ZCD060S5,4
91b8f8a911bff655d08192b7e34f37d1,D1EE060A58,10L32,,55,ZCD060S5,4
91b8f8a911bff655d08192b7e34f37d1,D1EE060A46,10L32,,55,ZCD060S5,4
91b8f8a911bff655d08192b7e34f37d1,CPC060046,,,55,ZCD060S5,4
91b8f8a911bff655d08192b7e34f37d1,EBC060,,,55,ZCD060S5,4
91b8f8a911bff655d08192b7e34f37d1,LCA060SG,31B66,,55,ZCD060S5,4
91b8f8a911bff655d08192b7e34f37d1,DCC060,,,55,ZCD060S5,4
91b8f8a911bff655d08192b7e34f37d1,LCA060,31B66,,55,ZCD060S5,4
91b8f8a911bff655d08192b7e34f37d1,LCA060HP,31B66,,55,ZCD060S5,4
91b8f8a911bff655d08192b7e34f37d1,DJ060C00,10L32,,55,ZCD060S5,4
91b8f8a911bff655d08192b7e34f37d1,LCA060HG,31B66,,55,ZCD060S5,4
91b8f8a911bff655d08192b7e34f37d1,LCA060HJ,31B66,,55,ZCD060S5,4
91b8f8a911bff655d08192b7e34f37d1,LCA060HY,31B66,,55,ZCD060S5,4
91b8f8a911bff655d08192b7e34f37d1,LCA060SJ,31B66,,55,ZCD060S5,4
91b8f8a911bff655d08192b7e34f37d1,DH060C00,10L32,,55,ZCD060S5,4
91b8f8a911bff655d08192b7e34f37d1,PAE060S,no Transition Curb needed,,55,ZCD060S5,4
91b8f8a911bff655d08192b7e34f37d1,PA13602-C,Ducting Transition may be required.,,55,ZCD060S5,4
91b8f8a911bff655d08192b7e34f37d1,LCA060SY,31B66,,55,ZCD060S5,4
91b8f8a911bff655d08192b7e34f37d1,P3RA-060K,Ducting Transition may be required.,,55,ZCD060S5,4
91b8f8a911bff655d08192b7e34f37d1,LCA060SP,,,55,ZCD060S5,4
91b8f8a911bff655d08192b7e34f37d1,PA13602-A,Ducting Transition may be required.,,55,ZCD060S5,4
91b8f8a911bff655d08192b7e34f37d1,PA13602-B,Ducting Transition may be required.,,55,ZCD060S5,4
91b8f8a911bff655d08192b7e34f37d1,PAB060N2H,,,55,ZCD060S5,4
91b8f8a911bff655d08192b7e34f37d1,PAB060N2L,,,55,ZCD060S5,4
91b8f8a911bff655d08192b7e34f37d1,PAB060N2S,,,55,ZCD060S5,4
91b8f8a911bff655d08192b7e34f37d1,PCK060,,,55,ZCD060S5,4
91b8f8a911bff655d08192b7e34f37d1,PAK060K000,,,55,ZCD060S5,4
91b8f8a911bff655d08192b7e34f37d1,RAH060L,no Transition Curb needed,,55,ZCD060S5,4
91b8f8a911bff655d08192b7e34f37d1,PAH060K,no Transition Curb needed,,55,ZCD060S5,4
91b8f8a911bff655d08192b7e34f37d1,PAH060L,no Transition Curb needed,,55,ZCD060S5,4
91b8f8a911bff655d08192b7e34f37d1,PAH060H,no Transition Curb needed,,55,ZCD060S5,4
91b8f8a911bff655d08192b7e34f37d1,RAH060K,no Transition Curb needed,,55,ZCD060S5,4
91b8f8a911bff655d08192b7e34f37d1,PAH060S,no Transition Curb needed,,55,ZCD060S5,4
91b8f8a911bff655d08192b7e34f37d1,RAS060H,no Transition Curb needed,,55,ZCD060S5,4
91b8f8a911bff655d08192b7e34f37d1,SPCO60001,,,55,ZCD060S5,4
91b8f8a911bff655d08192b7e34f37d1,RAS060S,no Transition Curb needed,,55,ZCD060S5,4
91b8f8a911bff655d08192b7e34f37d1,TCA060S2,,,55,ZCD060S5,4
91b8f8a911bff655d08192b7e34f37d1,RAH060S,no Transition Curb needed,,55,ZCD060S5,4
91b8f8a911bff655d08192b7e34f37d1,RAS060K,no Transition Curb needed,,55,ZCD060S5,4
91b8f8a911bff655d08192b7e34f37d1,RAS060L,no Transition Curb needed,,55,ZCD060S5,4
91b8f8a911bff655d08192b7e34f37d1,SPCO60003,,,55,ZCD060S5,4
91b8f8a911bff655d08192b7e34f37d1,TCH060,,,55,ZCD060S5,4
91b8f8a911bff655d08192b7e34f37d1,TCP060,,,55,ZCD060S5,4
91b8f8a911bff655d08192b7e34f37d1,TCC060,,,55,ZCD060S5,4
91b8f8a911bff655d08192b7e34f37d1,TCD060,,,55,ZCD060S5,4
91b8f8a911bff655d08192b7e34f37d1,TCX060,,,55,ZCD060S5,4
91b8f8a911bff655d08192b7e34f37d1,TCY060,,,55,ZCD060S5,4
91b8f8a911bff655d08192b7e34f37d1,TCM060,,,55,ZCD060S5,4
91b8f8a911bff655d08192b7e34f37d1,50KC-A05A3,no Transition Curb needed,,54,ZCD048S5,4
91b8f8a911bff655d08192b7e34f37d1,559JP05,no Transition Curb needed,,54,ZCD048S5,4
91b8f8a911bff655d08192b7e34f37d1,PAK048K000,,,54,ZCD048S5,4
91b8f8a911bff655d08192b7e34f37d1,50CD005-6,,,54,ZCD048S5,4
91b8f8a911bff655d08192b7e34f37d1,50CD005-1,,,54,ZCD048S5,4
91b8f8a911bff655d08192b7e34f37d1,50CD005-5,,,54,ZCD048S5,4
91b8f8a911bff655d08192b7e34f37d1,50CD005-3,,,54,ZCD048S5,4
91b8f8a911bff655d08192b7e34f37d1,50DJ005,no Transition Curb needed,,54,ZCD048S5,4
91b8f8a911bff655d08192b7e34f37d1,50GS0486,,,54,ZCD048S5,4
91b8f8a911bff655d08192b7e34f37d1,50KC-A05A1,no Transition Curb needed,,54,ZCD048S5,4
91b8f8a911bff655d08192b7e34f37d1,50GS0483,,,54,ZCD048S5,4
91b8f8a911bff655d08192b7e34f37d1,50HJ005,no Transition Curb needed,,54,ZCD048S5,4
91b8f8a911bff655d08192b7e34f37d1,50KC-A05A2,no Transition Curb needed,,54,ZCD048S5,4
91b8f8a911bff655d08192b7e34f37d1,50GS0425,,,54,ZCD048S5,4
91b8f8a911bff655d08192b7e34f37d1,50KC-A05A0,no Transition Curb needed,,54,ZCD048S5,4
91b8f8a911bff655d08192b7e34f37d1,50GS0485,,,54,ZCD048S5,4
91b8f8a911bff655d08192b7e34f37d1,50GS0426,,,54,ZCD048S5,4
91b8f8a911bff655d08192b7e34f37d1,50TC-D05,no Transition Curb needed,,54,ZCD048S5,4
91b8f8a911bff655d08192b7e34f37d1,50TCB05,no Transition Curb needed,,54,ZCD048S5,4
91b8f8a911bff655d08192b7e34f37d1,50TC-A05,no Transition Curb needed,,54,ZCD048S5,4
91b8f8a911bff655d08192b7e34f37d1,50TC-B05,no Transition Curb needed,,54,ZCD048S5,4
91b8f8a911bff655d08192b7e34f37d1,50TCA05,no Transition Curb needed,,54,ZCD048S5,4
91b8f8a911bff655d08192b7e34f37d1,50TC-E05,no Transition Curb needed,,54,ZCD048S5,4
91b8f8a911bff655d08192b7e34f37d1,50LJ005,no Transition Curb needed,,54,ZCD048S5,4
91b8f8a911bff655d08192b7e34f37d1,551BJX048,no Transition Curb needed,,54,ZCD048S5,4
91b8f8a911bff655d08192b7e34f37d1,50TM005,no Transition Curb needed,,54,ZCD048S5,4
91b8f8a911bff655d08192b7e34f37d1,50TCE05,no Transition Curb needed,,54,ZCD048S5,4
91b8f8a911bff655d08192b7e34f37d1,551BTX048,no Transition Curb needed,,54,ZCD048S5,4
91b8f8a911bff655d08192b7e34f37d1,551BPX048,no Transition Curb needed,,54,ZCD048S5,4
91b8f8a911bff655d08192b7e34f37d1,551BEX048,no Transition Curb needed,,54,ZCD048S5,4
91b8f8a911bff655d08192b7e34f37d1,50TFF005,no Transition Curb needed,,54,ZCD048S5,4
91b8f8a911bff655d08192b7e34f37d1,50TCD05,no Transition Curb needed,,54,ZCD048S5,4
91b8f8a911bff655d08192b7e34f37d1,551JE05,no Transition Curb needed,,54,ZCD048S5,4
91b8f8a911bff655d08192b7e34f37d1,50TJ005,no Transition Curb needed,,54,ZCD048S5,4
91b8f8a911bff655d08192b7e34f37d1,558DEX048,no Transition Curb needed,,54,ZCD048S5,4
91b8f8a911bff655d08192b7e34f37d1,558CTX048,no Transition Curb needed,,54,ZCD048S5,4
91b8f8a911bff655d08192b7e34f37d1,558CBX048,no Transition Curb needed,,54,ZCD048S5,4
91b8f8a911bff655d08192b7e34f37d1,551JP05,no Transition Curb needed,,54,ZCD048S5,4
91b8f8a911bff655d08192b7e34f37d1,558CJX048,no Transition Curb needed,,54,ZCD048S5,4
91b8f8a911bff655d08192b7e34f37d1,551JT05,no Transition Curb needed,,54,ZCD048S5,4
91b8f8a911bff655d08192b7e34f37d1,558DJX048,no Transition Curb needed,,54,ZCD048S5,4
91b8f8a911bff655d08192b7e34f37d1,551JJ05,no Transition Curb needed,,54,ZCD048S5,4
91b8f8a911bff655d08192b7e34f37d1,558CPX048,no Transition Curb needed,,54,ZCD048S5,4
91b8f8a911bff655d08192b7e34f37d1,558CEX048,no Transition Curb needed,,54,ZCD048S5,4
91b8f8a911bff655d08192b7e34f37d1,558JP05,no Transition Curb needed,,54,ZCD048S5,4
91b8f8a911bff655d08192b7e34f37d1,558FPX048,no Transition Curb needed,,54,ZCD048S5,4
91b8f8a911bff655d08192b7e34f37d1,558FJX048,no Transition Curb needed,,54,ZCD048S5,4
91b8f8a911bff655d08192b7e34f37d1,558JE05,no Transition Curb needed,,54,ZCD048S5,4
91b8f8a911bff655d08192b7e34f37d1,558JJ05,no Transition Curb needed,,54,ZCD048S5,4
91b8f8a911bff655d08192b7e34f37d1,558DPX048,no Transition Curb needed,,54,ZCD048S5,4
91b8f8a911bff655d08192b7e34f37d1,558FEX048,no Transition Curb needed,,54,ZCD048S5,4
91b8f8a911bff655d08192b7e34f37d1,558JT05,no Transition Curb needed,,54,ZCD048S5,4
91b8f8a911bff655d08192b7e34f37d1,559JE05,no Transition Curb needed,,54,ZCD048S5,4
91b8f8a911bff655d08192b7e34f37d1,558DTX048,no Transition Curb needed,,54,ZCD048S5,4
91b8f8a911bff655d08192b7e34f37d1,558FTX048,no Transition Curb needed,,54,ZCD048S5,4
91b8f8a911bff655d08192b7e34f37d1,559JT05,no Transition Curb needed,,54,ZCD048S5,4
91b8f8a911bff655d08192b7e34f37d1,559JJ05,no Transition Curb needed,,54,ZCD048S5,4
91b8f8a911bff655d08192b7e34f37d1,CHA16-048,31B67,,54,ZCD048S5,4
91b8f8a911bff655d08192b7e34f37d1,CHA16-511,31B67,,54,ZCD048S5,4
91b8f8a911bff655d08192b7e34f37d1,CHA15-511,,,54,ZCD048S5,4
91b8f8a911bff655d08192b7e34f37d1,CHA10-513,,,54,ZCD048S5,4
91b8f8a911bff655d08192b7e34f37d1,CPC048010,,,54,ZCD048S5,4
91b8f8a911bff655d08192b7e34f37d1,CPC048015,,,54,ZCD048S5,4
91b8f8a911bff655d08192b7e34f37d1,CPC048,,,54,ZCD048S5,4
91b8f8a911bff655d08192b7e34f37d1,CPC048045,,,54,ZCD048S5,4
91b8f8a911bff655d08192b7e34f37d1,CPC048018,,,54,ZCD048S5,4
91b8f8a911bff655d08192b7e34f37d1,CPC048030,,,54,ZCD048S5,4
91b8f8a911bff655d08192b7e34f37d1,CPC048031,,,54,ZCD048S5,4
91b8f8a911bff655d08192b7e34f37d1,CPC048016,,,54,ZCD048S5,4
91b8f8a911bff655d08192b7e34f37d1,CPC048020,,,54,ZCD048S5,4
91b8f8a911bff655d08192b7e34f37d1,CPC048060,,,54,ZCD048S5,4
91b8f8a911bff655d08192b7e34f37d1,CPC048046,,,54,ZCD048S5,4
91b8f8a911bff655d08192b7e34f37d1,CPC048025,,,54,ZCD048S5,4
91b8f8a911bff655d08192b7e34f37d1,CPC048XXX,,,54,ZCD048S5,4
91b8f8a911bff655d08192b7e34f37d1,D3CE048,10L32,,54,ZCD048S5,4
91b8f8a911bff655d08192b7e34f37d1,D1EE048A58,10L32,,54,ZCD048S5,4
91b8f8a911bff655d08192b7e34f37d1,P3RA-048K,Ducting Transition may be required.,,54,ZCD048S5,4
91b8f8a911bff655d08192b7e34f37d1,EBC048,,,54,ZCD048S5,4
91b8f8a911bff655d08192b7e34f37d1,D1EE048A46,10L32,,54,ZCD048S5,4
91b8f8a911bff655d08192b7e34f37d1,DH048C00,10L32,,54,ZCD048S5,4
91b8f8a911bff655d08192b7e34f37d1,D1EE048A25,10L32,,54,ZCD048S5,4
91b8f8a911bff655d08192b7e34f37d1,DJ048C00,10L32,,54,ZCD048S5,4
91b8f8a911bff655d08192b7e34f37d1,DCC048,,,54,ZCD048S5,4
91b8f8a911bff655d08192b7e34f37d1,D1EE048A06,10L32,,54,ZCD048S5,4
91b8f8a911bff655d08192b7e34f37d1,PAH048K,no Transition Curb needed,,54,ZCD048S5,4
91b8f8a911bff655d08192b7e34f37d1,PAB048N2L,,,54,ZCD048S5,4
91b8f8a911bff655d08192b7e34f37d1,PAH048L,no Transition Curb needed,,54,ZCD048S5,4
91b8f8a911bff655d08192b7e34f37d1,PA13482-A,Ducting Transition may be required.,,54,ZCD048S5,4
91b8f8a911bff655d08192b7e34f37d1,PA13482-B,Ducting Transition may be required.,,54,ZCD048S5,4
91b8f8a911bff655d08192b7e34f37d1,PAB048N2S,,,54,ZCD048S5,4
91b8f8a911bff655d08192b7e34f37d1,PA13482-C,Ducting Transition may be required.,,54,ZCD048S5,4
91b8f8a911bff655d08192b7e34f37d1,PAB048N2H,,,54,ZCD048S5,4
91b8f8a911bff655d08192b7e34f37d1,PAE048S,no Transition Curb needed,,54,ZCD048S5,4
91b8f8a911bff655d08192b7e34f37d1,PAH048H,no Transition Curb needed,,54,ZCD048S5,4
91b8f8a911bff655d08192b7e34f37d1,RAS048H,no Transition Curb needed,,54,ZCD048S5,4
91b8f8a911bff655d08192b7e34f37d1,RAH048H,no Transition Curb needed,,54,ZCD048S5,4
91b8f8a911bff655d08192b7e34f37d1,RAH048L,no Transition Curb needed,,54,ZCD048S5,4
91b8f8a911bff655d08192b7e34f37d1,RAS048K,no Transition Curb needed,,54,ZCD048S5,4
91b8f8a911bff655d08192b7e34f37d1,SPCO48001,,,54,ZCD048S5,4
91b8f8a911bff655d08192b7e34f37d1,RAS048L,no Transition Curb needed,,54,ZCD048S5,4
91b8f8a911bff655d08192b7e34f37d1,PAH048S,no Transition Curb needed,,54,ZCD048S5,4
91b8f8a911bff655d08192b7e34f37d1,RAS048S,no Transition Curb needed,,54,ZCD048S5,4
91b8f8a911bff655d08192b7e34f37d1,RAH048K,no Transition Curb needed,,54,ZCD048S5,4
91b8f8a911bff655d08192b7e34f37d1,RAH048S,no Transition Curb needed,,54,ZCD048S5,4
91b8f8a911bff655d08192b7e34f37d1,TCH048,,,54,ZCD048S5,4
91b8f8a911bff655d08192b7e34f37d1,TCP048,,,54,ZCD048S5,4
91b8f8a911bff655d08192b7e34f37d1,TCX048,,,54,ZCD048S5,4
91b8f8a911bff655d08192b7e34f37d1,TCD048,,,54,ZCD048S5,4
91b8f8a911bff655d08192b7e34f37d1,TCC048,,,54,ZCD048S5,4
91b8f8a911bff655d08192b7e34f37d1,SPCO48003,,,54,ZCD048S5,4
91b8f8a911bff655d08192b7e34f37d1,TCY048,,,54,ZCD048S5,4
91b8f8a911bff655d08192b7e34f37d1,TCM048,,,54,ZCD048S5,4
91b8f8a911bff655d08192b7e34f37d1,TCA048S2,,,54,ZCD048S5,4
91b8f8a911bff655d08192b7e34f37d1,50LJ004,no Transition Curb needed,,53,ZCD036S5,4
91b8f8a911bff655d08192b7e34f37d1,559JT04,no Transition Curb needed,,53,ZCD036S5,4
91b8f8a911bff655d08192b7e34f37d1,RAH036K,no Transition Curb needed,,53,ZCD036S5,4
91b8f8a911bff655d08192b7e34f37d1,50CD004-3,,,53,ZCD036S5,4
91b8f8a911bff655d08192b7e34f37d1,50GS0365,,,53,ZCD036S5,4
91b8f8a911bff655d08192b7e34f37d1,50CD004-6,,,53,ZCD036S5,4
91b8f8a911bff655d08192b7e34f37d1,50KC-A04A0,no Transition Curb needed,,53,ZCD036S5,4
91b8f8a911bff655d08192b7e34f37d1,50GS0426,,,53,ZCD036S5,4
91b8f8a911bff655d08192b7e34f37d1,50GS0425,,,53,ZCD036S5,4
91b8f8a911bff655d08192b7e34f37d1,50GS0366,,,53,ZCD036S5,4
91b8f8a911bff655d08192b7e34f37d1,50GS0363,,,53,ZCD036S5,4
91b8f8a911bff655d08192b7e34f37d1,50CD004-5,,,53,ZCD036S5,4
91b8f8a911bff655d08192b7e34f37d1,50DJ004,no Transition Curb needed,,53,ZCD036S5,4
91b8f8a911bff655d08192b7e34f37d1,50HJ004,no Transition Curb needed,,53,ZCD036S5,4
91b8f8a911bff655d08192b7e34f37d1,50TCA04,no Transition Curb needed,,53,ZCD036S5,4
91b8f8a911bff655d08192b7e34f37d1,50KC-A04A3,no Transition Curb needed,,53,ZCD036S5,4
91b8f8a911bff655d08192b7e34f37d1,50TCB04,no Transition Curb needed,,53,ZCD036S5,4
91b8f8a911bff655d08192b7e34f37d1,50TC-E04,no Transition Curb needed,,53,ZCD036S5,4
91b8f8a911bff655d08192b7e34f37d1,50TC-D04,no Transition Curb needed,,53,ZCD036S5,4
91b8f8a911bff655d08192b7e34f37d1,50TC-A04,no Transition Curb needed,,53,ZCD036S5,4
91b8f8a911bff655d08192b7e34f37d1,50KC-A04A1,no Transition Curb needed,,53,ZCD036S5,4
91b8f8a911bff655d08192b7e34f37d1,50TC-B04,no Transition Curb needed,,53,ZCD036S5,4
91b8f8a911bff655d08192b7e34f37d1,50KC-A04A2,no Transition Curb needed,,53,ZCD036S5,4
91b8f8a911bff655d08192b7e34f37d1,50TCD04,no Transition Curb needed,,53,ZCD036S5,4
91b8f8a911bff655d08192b7e34f37d1,551BTX036,no Transition Curb needed,,53,ZCD036S5,4
91b8f8a911bff655d08192b7e34f37d1,50TJ004,no Transition Curb needed,,53,ZCD036S5,4
91b8f8a911bff655d08192b7e34f37d1,551BJX036,no Transition Curb needed,,53,ZCD036S5,4
91b8f8a911bff655d08192b7e34f37d1,551JJ04,no Transition Curb needed,,53,ZCD036S5,4
91b8f8a911bff655d08192b7e34f37d1,50TM004,no Transition Curb needed,,53,ZCD036S5,4
91b8f8a911bff655d08192b7e34f37d1,551BPX036,no Transition Curb needed,,53,ZCD036S5,4
91b8f8a911bff655d08192b7e34f37d1,50TCE04,no Transition Curb needed,,53,ZCD036S5,4
91b8f8a911bff655d08192b7e34f37d1,50TFF004,no Transition Curb needed,,53,ZCD036S5,4
91b8f8a911bff655d08192b7e34f37d1,551JE04,no Transition Curb needed,,53,ZCD036S5,4
91b8f8a911bff655d08192b7e34f37d1,551BEX036,no Transition Curb needed,,53,ZCD036S5,4
91b8f8a911bff655d08192b7e34f37d1,558CBX036,no Transition Curb needed,,53,ZCD036S5,4
91b8f8a911bff655d08192b7e34f37d1,551JP04,no Transition Curb needed,,53,ZCD036S5,4
91b8f8a911bff655d08192b7e34f37d1,558CPX036,no Transition Curb needed,,53,ZCD036S5,4
91b8f8a911bff655d08192b7e34f37d1,551JT04,no Transition Curb needed,,53,ZCD036S5,4
91b8f8a911bff655d08192b7e34f37d1,558CEX036,no Transition Curb needed,,53,ZCD036S5,4
91b8f8a911bff655d08192b7e34f37d1,558CJX036,no Transition Curb needed,,53,ZCD036S5,4
91b8f8a911bff655d08192b7e34f37d1,558DJX036,no Transition Curb needed,,53,ZCD036S5,4
91b8f8a911bff655d08192b7e34f37d1,558FEX036,no Transition Curb needed,,53,ZCD036S5,4
91b8f8a911bff655d08192b7e34f37d1,558FPX036,no Transition Curb needed,,53,ZCD036S5,4
91b8f8a911bff655d08192b7e34f37d1,558FJX036,no Transition Curb needed,,53,ZCD036S5,4
91b8f8a911bff655d08192b7e34f37d1,558JE04,no Transition Curb needed,,53,ZCD036S5,4
91b8f8a911bff655d08192b7e34f37d1,558CTX036,no Transition Curb needed,,53,ZCD036S5,4
91b8f8a911bff655d08192b7e34f37d1,558DTX036,no Transition Curb needed,,53,ZCD036S5,4
91b8f8a911bff655d08192b7e34f37d1,558JJ04,no Transition Curb needed,,53,ZCD036S5,4
91b8f8a911bff655d08192b7e34f37d1,558DEX036,no Transition Curb needed,,53,ZCD036S5,4
91b8f8a911bff655d08192b7e34f37d1,558DPX036,no Transition Curb needed,,53,ZCD036S5,4
91b8f8a911bff655d08192b7e34f37d1,558FTX036,no Transition Curb needed,,53,ZCD036S5,4
91b8f8a911bff655d08192b7e34f37d1,559JP04,no Transition Curb needed,,53,ZCD036S5,4
91b8f8a911bff655d08192b7e34f37d1,CHA16-036,31B58,,53,ZCD036S5,4
91b8f8a911bff655d08192b7e34f37d1,701ANX036,,,53,ZCD036S5,4
91b8f8a911bff655d08192b7e34f37d1,558JP04,no Transition Curb needed,,53,ZCD036S5,4
91b8f8a911bff655d08192b7e34f37d1,CHA16-411,31B58,,53,ZCD036S5,4
91b8f8a911bff655d08192b7e34f37d1,559JE04,no Transition Curb needed,,53,ZCD036S5,4
91b8f8a911bff655d08192b7e34f37d1,558JT04,no Transition Curb needed,,53,ZCD036S5,4
91b8f8a911bff655d08192b7e34f37d1,559JJ04,no Transition Curb needed,,53,ZCD036S5,4
91b8f8a911bff655d08192b7e34f37d1,CHA15-411,,,53,ZCD036S5,4
91b8f8a911bff655d08192b7e34f37d1,CPC036016,,,53,ZCD036S5,4
91b8f8a911bff655d08192b7e34f37d1,CPC036031,,,53,ZCD036S5,4
91b8f8a911bff655d08192b7e34f37d1,CPC036010,,,53,ZCD036S5,4
91b8f8a911bff655d08192b7e34f37d1,CPC036015,,,53,ZCD036S5,4
91b8f8a911bff655d08192b7e34f37d1,CPC036,,,53,ZCD036S5,4
91b8f8a911bff655d08192b7e34f37d1,CPC036020,,,53,ZCD036S5,4
91b8f8a911bff655d08192b7e34f37d1,CPC036045,,,53,ZCD036S5,4
91b8f8a911bff655d08192b7e34f37d1,CPC036030,,,53,ZCD036S5,4
91b8f8a911bff655d08192b7e34f37d1,CPC036018,,,53,ZCD036S5,4
91b8f8a911bff655d08192b7e34f37d1,CPC036025,,,53,ZCD036S5,4
91b8f8a911bff655d08192b7e34f37d1,DCC036,,,53,ZCD036S5,4
91b8f8a911bff655d08192b7e34f37d1,D3CE036,10L32,,53,ZCD036S5,4
91b8f8a911bff655d08192b7e34f37d1,D1EE036A46,10L32,,53,ZCD036S5,4
91b8f8a911bff655d08192b7e34f37d1,CPC036060,,,53,ZCD036S5,4
91b8f8a911bff655d08192b7e34f37d1,D1EE036A58,10L32,,53,ZCD036S5,4
91b8f8a911bff655d08192b7e34f37d1,CPC036XXX,,,53,ZCD036S5,4
91b8f8a911bff655d08192b7e34f37d1,D1EE036A06,10L32,,53,ZCD036S5,4
91b8f8a911bff655d08192b7e34f37d1,D1EE036A25,10L32,,53,ZCD036S5,4
91b8f8a911bff655d08192b7e34f37d1,CPC036046,,,53,ZCD036S5,4
91b8f8a911bff655d08192b7e34f37d1,DJ036C00,10L32,,53,ZCD036S5,4
91b8f8a911bff655d08192b7e34f37d1,DH036C00,10L32,,53,ZCD036S5,4
91b8f8a911bff655d08192b7e34f37d1,P3RA-036K,Ducting Transition may be required.,,53,ZCD036S5,4
91b8f8a911bff655d08192b7e34f37d1,PAB036N2S,,,53,ZCD036S5,4
91b8f8a911bff655d08192b7e34f37d1,EBC036,,,53,ZCD036S5,4
91b8f8a911bff655d08192b7e34f37d1,PA13362-B,Ducting Transition may be required.,,53,ZCD036S5,4
91b8f8a911bff655d08192b7e34f37d1,PAB036N2H,,,53,ZCD036S5,4
91b8f8a911bff655d08192b7e34f37d1,PA13362-C,Ducting Transition may be required.,,53,ZCD036S5,4
91b8f8a911bff655d08192b7e34f37d1,PAB036N2L,,,53,ZCD036S5,4
91b8f8a911bff655d08192b7e34f37d1,PA13362-A,Ducting Transition may be required.,,53,ZCD036S5,4
91b8f8a911bff655d08192b7e34f37d1,PAE036S,no Transition Curb needed,,53,ZCD036S5,4
91b8f8a911bff655d08192b7e34f37d1,PAK036H,no Transition Curb needed,,53,ZCD036S5,4
91b8f8a911bff655d08192b7e34f37d1,RAH036H,no Transition Curb needed,,53,ZCD036S5,4
91b8f8a911bff655d08192b7e34f37d1,RAS036H,no Transition Curb needed,,53,ZCD036S5,4
91b8f8a911bff655d08192b7e34f37d1,PAH036L,no Transition Curb needed,,53,ZCD036S5,4
91b8f8a911bff655d08192b7e34f37d1,PAH036K,no Transition Curb needed,,53,ZCD036S5,4
91b8f8a911bff655d08192b7e34f37d1,RAH036L,no Transition Curb needed,,53,ZCD036S5,4
91b8f8a911bff655d08192b7e34f37d1,PAH036S,no Transition Curb needed,,53,ZCD036S5,4
91b8f8a911bff655d08192b7e34f37d1,PAK036K000,,,53,ZCD036S5,4
91b8f8a911bff655d08192b7e34f37d1,RAH036S,no Transition Curb needed,,53,ZCD036S5,4
91b8f8a911bff655d08192b7e34f37d1,TCH036,,,53,ZCD036S5,4
91b8f8a911bff655d08192b7e34f37d1,TCC036,,,53,ZCD036S5,4
91b8f8a911bff655d08192b7e34f37d1,TCD036,,,53,ZCD036S5,4
91b8f8a911bff655d08192b7e34f37d1,TCA036S2,,,53,ZCD036S5,4
91b8f8a911bff655d08192b7e34f37d1,RAS036L,no Transition Curb needed,,53,ZCD036S5,4
91b8f8a911bff655d08192b7e34f37d1,SPCO36003,,,53,ZCD036S5,4
91b8f8a911bff655d08192b7e34f37d1,SPCO36001,,,53,ZCD036S5,4
91b8f8a911bff655d08192b7e34f37d1,RAS036S,no Transition Curb needed,,53,ZCD036S5,4
91b8f8a911bff655d08192b7e34f37d1,RAS036K,no Transition Curb needed,,53,ZCD036S5,4
91b8f8a911bff655d08192b7e34f37d1,TCM036,,,53,ZCD036S5,4
91b8f8a911bff655d08192b7e34f37d1,TCY036,,,53,ZCD036S5,4
91b8f8a911bff655d08192b7e34f37d1,TCX036,,,53,ZCD036S5,4
91b8f8a911bff655d08192b7e34f37d1,TCP036,,,53,ZCD036S5,4
91b8f8a911bff655d08192b7e34f37d1,48HC-F14,no Transition Curb needed,,68,ZGD150S5,4
91b8f8a911bff655d08192b7e34f37d1,48HC-D14,no Transition Curb needed,,68,ZGD150S5,4
91b8f8a911bff655d08192b7e34f37d1,48HC-B14,no Transition Curb needed,,68,ZGD150S5,4
91b8f8a911bff655d08192b7e34f37d1,48HC-E14,no Transition Curb needed,,68,ZGD150S5,4
91b8f8a911bff655d08192b7e34f37d1,48DJD014,no Transition Curb needed,,68,ZGD150S5,4
91b8f8a911bff655d08192b7e34f37d1,48DJE014,no Transition Curb needed,,68,ZGD150S5,4
91b8f8a911bff655d08192b7e34f37d1,48HC-A14,no Transition Curb needed,,68,ZGD150S5,4
91b8f8a911bff655d08192b7e34f37d1,48HCEA14,no Transition Curb needed,,68,ZGD150S5,4
91b8f8a911bff655d08192b7e34f37d1,48HC-G14,no Transition Curb needed,,68,ZGD150S5,4
91b8f8a911bff655d08192b7e34f37d1,48HCDB14,no Transition Curb needed,,68,ZGD150S5,4
91b8f8a911bff655d08192b7e34f37d1,48HCDE14,no Transition Curb needed,,68,ZGD150S5,4
91b8f8a911bff655d08192b7e34f37d1,48HCDD14,no Transition Curb needed,,68,ZGD150S5,4
91b8f8a911bff655d08192b7e34f37d1,48HCDA14,no Transition Curb needed,,68,ZGD150S5,4
91b8f8a911bff655d08192b7e34f37d1,48HCDG14,no Transition Curb needed,,68,ZGD150S5,4
91b8f8a911bff655d08192b7e34f37d1,48HCDF14,no Transition Curb needed,,68,ZGD150S5,4
91b8f8a911bff655d08192b7e34f37d1,48HCFA14,no Transition Curb needed,,68,ZGD150S5,4
91b8f8a911bff655d08192b7e34f37d1,48HCFE14,no Transition Curb needed,,68,ZGD150S5,4
91b8f8a911bff655d08192b7e34f37d1,48HCEG14,no Transition Curb needed,,68,ZGD150S5,4
91b8f8a911bff655d08192b7e34f37d1,48HCEB14,no Transition Curb needed,,68,ZGD150S5,4
91b8f8a911bff655d08192b7e34f37d1,48HCEE14,no Transition Curb needed,,68,ZGD150S5,4
91b8f8a911bff655d08192b7e34f37d1,48HCFD14,no Transition Curb needed,,68,ZGD150S5,4
91b8f8a911bff655d08192b7e34f37d1,48HCEF14,no Transition Curb needed,,68,ZGD150S5,4
91b8f8a911bff655d08192b7e34f37d1,48HCFG14,no Transition Curb needed,,68,ZGD150S5,4
91b8f8a911bff655d08192b7e34f37d1,48HCED14,no Transition Curb needed,,68,ZGD150S5,4
91b8f8a911bff655d08192b7e34f37d1,48HCFF14,no Transition Curb needed,,68,ZGD150S5,4
91b8f8a911bff655d08192b7e34f37d1,48HCFB14,no Transition Curb needed,,68,ZGD150S5,4
91b8f8a911bff655d08192b7e34f37d1,48HCMA14,no Transition Curb needed,,68,ZGD150S5,4
91b8f8a911bff655d08192b7e34f37d1,48HCMD14,no Transition Curb needed,,68,ZGD150S5,4
91b8f8a911bff655d08192b7e34f37d1,48HCLB14,no Transition Curb needed,,68,ZGD150S5,4
91b8f8a911bff655d08192b7e34f37d1,48HCLD14,no Transition Curb needed,,68,ZGD150S5,4
91b8f8a911bff655d08192b7e34f37d1,48HCMB14,no Transition Curb needed,,68,ZGD150S5,4
91b8f8a911bff655d08192b7e34f37d1,48HCLA14,no Transition Curb needed,,68,ZGD150S5,4
91b8f8a911bff655d08192b7e34f37d1,48HCLG14,no Transition Curb needed,,68,ZGD150S5,4
91b8f8a911bff655d08192b7e34f37d1,48HCLF14,no Transition Curb needed,,68,ZGD150S5,4
91b8f8a911bff655d08192b7e34f37d1,48HCME14,no Transition Curb needed,,68,ZGD150S5,4
91b8f8a911bff655d08192b7e34f37d1,48HCLE14,no Transition Curb needed,,68,ZGD150S5,4
91b8f8a911bff655d08192b7e34f37d1,48HCRB14,no Transition Curb needed,,68,ZGD150S5,4
91b8f8a911bff655d08192b7e34f37d1,48HCNA14,no Transition Curb needed,,68,ZGD150S5,4
91b8f8a911bff655d08192b7e34f37d1,48HCMF14,no Transition Curb needed,,68,ZGD150S5,4
91b8f8a911bff655d08192b7e34f37d1,48HCNE14,no Transition Curb needed,,68,ZGD150S5,4
91b8f8a911bff655d08192b7e34f37d1,48HCNG14,no Transition Curb needed,,68,ZGD150S5,4
91b8f8a911bff655d08192b7e34f37d1,48HCRA14,no Transition Curb needed,,68,ZGD150S5,4
91b8f8a911bff655d08192b7e34f37d1,48HCND14,no Transition Curb needed,,68,ZGD150S5,4
91b8f8a911bff655d08192b7e34f37d1,48HCNB14,no Transition Curb needed,,68,ZGD150S5,4
91b8f8a911bff655d08192b7e34f37d1,48HCRD14,no Transition Curb needed,,68,ZGD150S5,4
91b8f8a911bff655d08192b7e34f37d1,48HCMG14,no Transition Curb needed,,68,ZGD150S5,4
91b8f8a911bff655d08192b7e34f37d1,48HCNF14,no Transition Curb needed,,68,ZGD150S5,4
91b8f8a911bff655d08192b7e34f37d1,48HCRF14,no Transition Curb needed,,68,ZGD150S5,4
91b8f8a911bff655d08192b7e34f37d1,48HCSD14,no Transition Curb needed,,68,ZGD150S5,4
91b8f8a911bff655d08192b7e34f37d1,48HCSA14,no Transition Curb needed,,68,ZGD150S5,4
91b8f8a911bff655d08192b7e34f37d1,48HCSB14,no Transition Curb needed,,68,ZGD150S5,4
91b8f8a911bff655d08192b7e34f37d1,48HCSE14,no Transition Curb needed,,68,ZGD150S5,4
91b8f8a911bff655d08192b7e34f37d1,48HCSG14,no Transition Curb needed,,68,ZGD150S5,4
91b8f8a911bff655d08192b7e34f37d1,48HCRG14,no Transition Curb needed,,68,ZGD150S5,4
91b8f8a911bff655d08192b7e34f37d1,48HCRE14,no Transition Curb needed,,68,ZGD150S5,4
91b8f8a911bff655d08192b7e34f37d1,48HCSF14,no Transition Curb needed,,68,ZGD150S5,4
91b8f8a911bff655d08192b7e34f37d1,48HCTA14,no Transition Curb needed,,68,ZGD150S5,4
91b8f8a911bff655d08192b7e34f37d1,48HCTE14,no Transition Curb needed,,68,ZGD150S5,4
91b8f8a911bff655d08192b7e34f37d1,48HCTF14,no Transition Curb needed,,68,ZGD150S5,4
91b8f8a911bff655d08192b7e34f37d1,48HJH014,no Transition Curb needed,,68,ZGD150S5,4
91b8f8a911bff655d08192b7e34f37d1,48HCTB14,no Transition Curb needed,,68,ZGD150S5,4
91b8f8a911bff655d08192b7e34f37d1,48HJG014,no Transition Curb needed,,68,ZGD150S5,4
91b8f8a911bff655d08192b7e34f37d1,48HJD014,no Transition Curb needed,,68,ZGD150S5,4
91b8f8a911bff655d08192b7e34f37d1,48HJK014,no Transition Curb needed,,68,ZGD150S5,4
91b8f8a911bff655d08192b7e34f37d1,48HJE014,no Transition Curb needed,,68,ZGD150S5,4
91b8f8a911bff655d08192b7e34f37d1,48HCTG14,no Transition Curb needed,,68,ZGD150S5,4
91b8f8a911bff655d08192b7e34f37d1,48HCTD14,no Transition Curb needed,,68,ZGD150S5,4
91b8f8a911bff655d08192b7e34f37d1,48HJF014,no Transition Curb needed,,68,ZGD150S5,4
91b8f8a911bff655d08192b7e34f37d1,48HJM014,no Transition Curb needed,,68,ZGD150S5,4
91b8f8a911bff655d08192b7e34f37d1,48HJS014,no Transition Curb needed,,68,ZGD150S5,4
91b8f8a911bff655d08192b7e34f37d1,48LJD014,no Transition Curb needed,,68,ZGD150S5,4
91b8f8a911bff655d08192b7e34f37d1,48HJT014,no Transition Curb needed,,68,ZGD150S5,4
91b8f8a911bff655d08192b7e34f37d1,48LJD014-5,no Transition Curb needed,,68,ZGD150S5,4
91b8f8a911bff655d08192b7e34f37d1,48HJR014,no Transition Curb needed,,68,ZGD150S5,4
91b8f8a911bff655d08192b7e34f37d1,48LJD014-6,no Transition Curb needed,,68,ZGD150S5,4
91b8f8a911bff655d08192b7e34f37d1,48LJD014-1,no Transition Curb needed,,68,ZGD150S5,4
91b8f8a911bff655d08192b7e34f37d1,48HJL014,no Transition Curb needed,,68,ZGD150S5,4
91b8f8a911bff655d08192b7e34f37d1,48HJN014,no Transition Curb needed,,68,ZGD150S5,4
91b8f8a911bff655d08192b7e34f37d1,48TCF014,,,68,ZGD150S5,4
91b8f8a911bff655d08192b7e34f37d1,48LJE014,no Transition Curb needed,,68,ZGD150S5,4
91b8f8a911bff655d08192b7e34f37d1,48TCED14,,,68,ZGD150S5,4
91b8f8a911bff655d08192b7e34f37d1,48TCD014,,,68,ZGD150S5,4
91b8f8a911bff655d08192b7e34f37d1,48TCE014,,,68,ZGD150S5,4
91b8f8a911bff655d08192b7e34f37d1,48TFD014,no Transition Curb needed,,68,ZGD150S5,4
91b8f8a911bff655d08192b7e34f37d1,48LJF014,no Transition Curb needed,,68,ZGD150S5,4
91b8f8a911bff655d08192b7e34f37d1,48TFL014,no Transition Curb needed,,68,ZGD150S5,4
91b8f8a911bff655d08192b7e34f37d1,48TFF014,no Transition Curb needed,,68,ZGD150S5,4
91b8f8a911bff655d08192b7e34f37d1,48TFE014,no Transition Curb needed,,68,ZGD150S5,4
91b8f8a911bff655d08192b7e34f37d1,48TJF014,no Transition Curb needed,,68,ZGD150S5,4
91b8f8a911bff655d08192b7e34f37d1,48TMF014,no Transition Curb needed,,68,ZGD150S5,4
91b8f8a911bff655d08192b7e34f37d1,48TJE014,no Transition Curb needed,,68,ZGD150S5,4
91b8f8a911bff655d08192b7e34f37d1,48TJD014,no Transition Curb needed,,68,ZGD150S5,4
91b8f8a911bff655d08192b7e34f37d1,48TFN014,no Transition Curb needed,,68,ZGD150S5,4
91b8f8a911bff655d08192b7e34f37d1,48TFM014,no Transition Curb needed,,68,ZGD150S5,4
91b8f8a911bff655d08192b7e34f37d1,48TMM014,no Transition Curb needed,,68,ZGD150S5,4
91b8f8a911bff655d08192b7e34f37d1,48TME014,no Transition Curb needed,,68,ZGD150S5,4
91b8f8a911bff655d08192b7e34f37d1,48TML014,no Transition Curb needed,,68,ZGD150S5,4
91b8f8a911bff655d08192b7e34f37d1,48TMD014,no Transition Curb needed,,68,ZGD150S5,4
91b8f8a911bff655d08192b7e34f37d1,579C150,,,68,ZGD150S5,4
91b8f8a911bff655d08192b7e34f37d1,48TMN014,no Transition Curb needed,,68,ZGD150S5,4
91b8f8a911bff655d08192b7e34f37d1,580CJV150,no Transition Curb needed,,68,ZGD150S5,4
91b8f8a911bff655d08192b7e34f37d1,580DT150,no Transition Curb needed,,68,ZGD150S5,4
91b8f8a911bff655d08192b7e34f37d1,580DE150,no Transition Curb needed,,68,ZGD150S5,4
91b8f8a911bff655d08192b7e34f37d1,580CTV150,no Transition Curb needed,,68,ZGD150S5,4
91b8f8a911bff655d08192b7e34f37d1,580CEV150,no Transition Curb needed,,68,ZGD150S5,4
91b8f8a911bff655d08192b7e34f37d1,580CBV150,no Transition Curb needed,,68,ZGD150S5,4
91b8f8a911bff655d08192b7e34f37d1,580DP150,no Transition Curb needed,,68,ZGD150S5,4
91b8f8a911bff655d08192b7e34f37d1,580CPV150,no Transition Curb needed,,68,ZGD150S5,4
91b8f8a911bff655d08192b7e34f37d1,581BT150,no Transition Curb needed,,68,ZGD150S5,4
91b8f8a911bff655d08192b7e34f37d1,580FP150,no Transition Curb needed,,68,ZGD150S5,4
91b8f8a911bff655d08192b7e34f37d1,580F*V150,no Transition Curb needed,,68,ZGD150S5,4
91b8f8a911bff655d08192b7e34f37d1,580F*V151,no Transition Curb needed,,68,ZGD150S5,4
91b8f8a911bff655d08192b7e34f37d1,580FT150,no Transition Curb needed,,68,ZGD150S5,4
91b8f8a911bff655d08192b7e34f37d1,581BP150,no Transition Curb needed,,68,ZGD150S5,4
91b8f8a911bff655d08192b7e34f37d1,581BE150,no Transition Curb needed,,68,ZGD150S5,4
91b8f8a911bff655d08192b7e34f37d1,580FP151,no Transition Curb needed,,68,ZGD150S5,4
91b8f8a911bff655d08192b7e34f37d1,580FE151,no Transition Curb needed,,68,ZGD150S5,4
91b8f8a911bff655d08192b7e34f37d1,580FE150,no Transition Curb needed,,68,ZGD150S5,4
91b8f8a911bff655d08192b7e34f37d1,580FT151,no Transition Curb needed,,68,ZGD150S5,4
91b8f8a911bff655d08192b7e34f37d1,CPG150210,,,68,ZGD150S5,4
91b8f8a911bff655d08192b7e34f37d1,CPG150140,,,68,ZGD150S5,4
91b8f8a911bff655d08192b7e34f37d1,CPG150350,,,68,ZGD150S5,4
91b8f8a911bff655d08192b7e34f37d1,CPG150400,,,68,ZGD150S5,4
91b8f8a911bff655d08192b7e34f37d1,CPG150090,,,68,ZGD150S5,4
91b8f8a911bff655d08192b7e34f37d1,CPG150045,,,68,ZGD150S5,4
91b8f8a911bff655d08192b7e34f37d1,CPG150115,,,68,ZGD150S5,4
91b8f8a911bff655d08192b7e34f37d1,DCG150 (Daikin),,,68,ZGD150S5,4
91b8f8a911bff655d08192b7e34f37d1,D4CG150N,,,68,ZGD150S5,4
91b8f8a911bff655d08192b7e34f37d1,GCS16-150-270,,,68,ZGD150S5,4
91b8f8a911bff655d08192b7e34f37d1,D3CG150N,11J07,,68,ZGD150S5,4
91b8f8a911bff655d08192b7e34f37d1,GCS16-1603-270,,,68,ZGD150S5,4
91b8f8a911bff655d08192b7e34f37d1,D1CG150N,11J07,,68,ZGD150S5,4
91b8f8a911bff655d08192b7e34f37d1,PGB150 (ICP),,,68,ZGD150S5,4
91b8f8a911bff655d08192b7e34f37d1,D2CG150N,11J07,,68,ZGD150S5,4
91b8f8a911bff655d08192b7e34f37d1,DM150N,,,68,ZGD150S5,4
91b8f8a911bff655d08192b7e34f37d1,PGD150,,,,ZGD150S5,4
91b8f8a911bff655d08192b7e34f37d1,PGH150,,,68,ZGD150S5,4
91b8f8a911bff655d08192b7e34f37d1,PGS150L224A,,,68,ZGD150S5,4
91b8f8a911bff655d08192b7e34f37d1,PGS150H224A,,,68,ZGD150S5,4
91b8f8a911bff655d08192b7e34f37d1,RKNL-C151C,,,68,ZGD150S5,4
91b8f8a911bff655d08192b7e34f37d1,PGE150L,,,68,ZGD150S5,4
91b8f8a911bff655d08192b7e34f37d1,RGS150,no Transition Curb needed,,68,ZGD150S5,4
91b8f8a911bff655d08192b7e34f37d1,PGS150H250A,,,68,ZGD150S5,4
91b8f8a911bff655d08192b7e34f37d1,PGE150H,,,68,ZGD150S5,4
91b8f8a911bff655d08192b7e34f37d1,PGE150S,,,68,ZGD150S5,4
91b8f8a911bff655d08192b7e34f37d1,PGS150L250A,,,68,ZGD150S5,4
91b8f8a911bff655d08192b7e34f37d1,RKNL-G151,,,68,ZGD150S5,4
91b8f8a911bff655d08192b7e34f37d1,RKNL151C,,,68,ZGD150S5,4
91b8f8a911bff655d08192b7e34f37d1,RKNL-C151D,,,68,ZGD150S5,4
91b8f8a911bff655d08192b7e34f37d1,RKNL-C151Y,,,68,ZGD150S5,4
91b8f8a911bff655d08192b7e34f37d1,RKNL-H151D,,,68,ZGD150S5,4
91b8f8a911bff655d08192b7e34f37d1,RKNL-G151C,,,68,ZGD150S5,4
91b8f8a911bff655d08192b7e34f37d1,RKNL-H151C,,,68,ZGD150S5,4
91b8f8a911bff655d08192b7e34f37d1,RKNL151D,,,68,ZGD150S5,4
91b8f8a911bff655d08192b7e34f37d1,RKNL-H151Y,,,68,ZGD150S5,4
91b8f8a911bff655d08192b7e34f37d1,RKNL-G151D,,,68,ZGD150S5,4
91b8f8a911bff655d08192b7e34f37d1,YCD150D,,,68,ZGD150S5,4
91b8f8a911bff655d08192b7e34f37d1,YCD151B,,,68,ZGD150S5,4
91b8f8a911bff655d08192b7e34f37d1,YCD150F,,,68,ZGD150S5,4
91b8f8a911bff655d08192b7e34f37d1,TGA150S2BM,,,68,ZGD150S5,4
91b8f8a911bff655d08192b7e34f37d1,YCD150A,,,68,ZGD150S5,4
91b8f8a911bff655d08192b7e34f37d1,YCD150B,,,68,ZGD150S5,4
91b8f8a911bff655d08192b7e34f37d1,TGA150S2BH*,,,68,ZGD150S5,4
91b8f8a911bff655d08192b7e34f37d1,RKNL151Y,,,68,ZGD150S5,4
91b8f8a911bff655d08192b7e34f37d1,YCD150E,,,68,ZGD150S5,4
91b8f8a911bff655d08192b7e34f37d1,YCD150C,11J06,,68,ZGD150S5,4
91b8f8a911bff655d08192b7e34f37d1,YCD151E,,,68,ZGD150S5,4
91b8f8a911bff655d08192b7e34f37d1,YCH151,,,68,ZGD150S5,4
91b8f8a911bff655d08192b7e34f37d1,YCH150,Ducting Transition may be required.,,68,ZGD150S5,4
91b8f8a911bff655d08192b7e34f37d1,YCD151C,,,68,ZGD150S5,4
91b8f8a911bff655d08192b7e34f37d1,YCD151F,,,68,ZGD150S5,4
91b8f8a911bff655d08192b7e34f37d1,48HC-B12,no Transition Curb needed,,67,ZGD120S5,4
91b8f8a911bff655d08192b7e34f37d1,48HCFF11,no Transition Curb needed,,67,ZGD120S5,4
91b8f8a911bff655d08192b7e34f37d1,48HCNG12,no Transition Curb needed,,67,ZGD120S5,4
91b8f8a911bff655d08192b7e34f37d1,48HJG012,no Transition Curb needed,,67,ZGD120S5,4
91b8f8a911bff655d08192b7e34f37d1,48TFF012,no Transition Curb needed,,67,ZGD120S5,4
91b8f8a911bff655d08192b7e34f37d1,581JT12,no Transition Curb needed,,67,ZGD120S5,4
91b8f8a911bff655d08192b7e34f37d1,PGS120L250A,,,67,ZGD120S5,4
91b8f8a911bff655d08192b7e34f37d1,YCH120,,,67,ZGD120S5,4
91b8f8a911bff655d08192b7e34f37d1,48DD012,,,67,ZGD120S5,4
91b8f8a911bff655d08192b7e34f37d1,300SBC120,,,67,ZGD120S5,4
91b8f8a911bff655d08192b7e34f37d1,48DJD012,no Transition Curb needed,,67,ZGD120S5,4
91b8f8a911bff655d08192b7e34f37d1,48GJD012,no Transition Curb needed,,67,ZGD120S5,4
91b8f8a911bff655d08192b7e34f37d1,48DJE012,no Transition Curb needed,,67,ZGD120S5,4
91b8f8a911bff655d08192b7e34f37d1,48HC-A12,no Transition Curb needed,,67,ZGD120S5,4
91b8f8a911bff655d08192b7e34f37d1,48HC-B11,no Transition Curb needed,,67,ZGD120S5,4
91b8f8a911bff655d08192b7e34f37d1,48HC-D11,no Transition Curb needed,,67,ZGD120S5,4
91b8f8a911bff655d08192b7e34f37d1,48HC-D12,no Transition Curb needed,,67,ZGD120S5,4
91b8f8a911bff655d08192b7e34f37d1,48HC-E11,no Transition Curb needed,,67,ZGD120S5,4
91b8f8a911bff655d08192b7e34f37d1,48HC-A11,no Transition Curb needed,,67,ZGD120S5,4
91b8f8a911bff655d08192b7e34f37d1,48HC-E12,no Transition Curb needed,,67,ZGD120S5,4
91b8f8a911bff655d08192b7e34f37d1,48GJF012,no Transition Curb needed,,67,ZGD120S5,4
91b8f8a911bff655d08192b7e34f37d1,48GJE012,no Transition Curb needed,,67,ZGD120S5,4
91b8f8a911bff655d08192b7e34f37d1,48HC-F11,no Transition Curb needed,,67,ZGD120S5,4
91b8f8a911bff655d08192b7e34f37d1,48HCDD12,no Transition Curb needed,,67,ZGD120S5,4
91b8f8a911bff655d08192b7e34f37d1,48HCDB11,no Transition Curb needed,,67,ZGD120S5,4
91b8f8a911bff655d08192b7e34f37d1,48HC-G11,no Transition Curb needed,,67,ZGD120S5,4
91b8f8a911bff655d08192b7e34f37d1,48HCDA11,no Transition Curb needed,,67,ZGD120S5,4
91b8f8a911bff655d08192b7e34f37d1,48HC-F12,no Transition Curb needed,,67,ZGD120S5,4
91b8f8a911bff655d08192b7e34f37d1,48HCDA12,no Transition Curb needed,,67,ZGD120S5,4
91b8f8a911bff655d08192b7e34f37d1,48HCDE11,no Transition Curb needed,,67,ZGD120S5,4
91b8f8a911bff655d08192b7e34f37d1,48HCDD11,no Transition Curb needed,,67,ZGD120S5,4
91b8f8a911bff655d08192b7e34f37d1,48HCDB12,no Transition Curb needed,,67,ZGD120S5,4
91b8f8a911bff655d08192b7e34f37d1,48HC-G12,no Transition Curb needed,,67,ZGD120S5,4
91b8f8a911bff655d08192b7e34f37d1,48HCEA11,no Transition Curb needed,,67,ZGD120S5,4
91b8f8a911bff655d08192b7e34f37d1,48HCDG12,no Transition Curb needed,,67,ZGD120S5,4
91b8f8a911bff655d08192b7e34f37d1,48HCDG11,no Transition Curb needed,,67,ZGD120S5,4
91b8f8a911bff655d08192b7e34f37d1,48HCEB12,no Transition Curb needed,,67,ZGD120S5,4
91b8f8a911bff655d08192b7e34f37d1,48HCEB11,no Transition Curb needed,,67,ZGD120S5,4
91b8f8a911bff655d08192b7e34f37d1,48HCEA12,no Transition Curb needed,,67,ZGD120S5,4
91b8f8a911bff655d08192b7e34f37d1,48HCDE12,no Transition Curb needed,,67,ZGD120S5,4
91b8f8a911bff655d08192b7e34f37d1,48HCDF11,no Transition Curb needed,,67,ZGD120S5,4
91b8f8a911bff655d08192b7e34f37d1,48HCDF12,no Transition Curb needed,,67,ZGD120S5,4
91b8f8a911bff655d08192b7e34f37d1,48HCED12,no Transition Curb needed,,67,ZGD120S5,4
91b8f8a911bff655d08192b7e34f37d1,48HCEF11,no Transition Curb needed,,67,ZGD120S5,4
91b8f8a911bff655d08192b7e34f37d1,48HCEG11,no Transition Curb needed,,67,ZGD120S5,4
91b8f8a911bff655d08192b7e34f37d1,48HCEE11,no Transition Curb needed,,67,ZGD120S5,4
91b8f8a911bff655d08192b7e34f37d1,48HCEF12,no Transition Curb needed,,67,ZGD120S5,4
91b8f8a911bff655d08192b7e34f37d1,48HCFA11,no Transition Curb needed,,67,ZGD120S5,4
91b8f8a911bff655d08192b7e34f37d1,48HCFA12,no Transition Curb needed,,67,ZGD120S5,4
91b8f8a911bff655d08192b7e34f37d1,48HCFB11,no Transition Curb needed,,67,ZGD120S5,4
91b8f8a911bff655d08192b7e34f37d1,48HCED11,no Transition Curb needed,,67,ZGD120S5,4
91b8f8a911bff655d08192b7e34f37d1,48HCEE12,no Transition Curb needed,,67,ZGD120S5,4
91b8f8a911bff655d08192b7e34f37d1,48HCEG12,no Transition Curb needed,,67,ZGD120S5,4
91b8f8a911bff655d08192b7e34f37d1,48HCFE12,no Transition Curb needed,,67,ZGD120S5,4
91b8f8a911bff655d08192b7e34f37d1,48HCLA11,no Transition Curb needed,,67,ZGD120S5,4
91b8f8a911bff655d08192b7e34f37d1,48HCFF12,no Transition Curb needed,,67,ZGD120S5,4
91b8f8a911bff655d08192b7e34f37d1,48HCFG12,no Transition Curb needed,,67,ZGD120S5,4
91b8f8a911bff655d08192b7e34f37d1,48HCFB12,no Transition Curb needed,,67,ZGD120S5,4
91b8f8a911bff655d08192b7e34f37d1,48HCFE11,no Transition Curb needed,,67,ZGD120S5,4
91b8f8a911bff655d08192b7e34f37d1,48HCFD12,no Transition Curb needed,,67,ZGD120S5,4
91b8f8a911bff655d08192b7e34f37d1,48HCFG11,no Transition Curb needed,,67,ZGD120S5,4
91b8f8a911bff655d08192b7e34f37d1,48HCFD11,no Transition Curb needed,,67,ZGD120S5,4
91b8f8a911bff655d08192b7e34f37d1,48HCLF11,no Transition Curb needed,,67,ZGD120S5,4
91b8f8a911bff655d08192b7e34f37d1,48HCLE12,no Transition Curb needed,,67,ZGD120S5,4
91b8f8a911bff655d08192b7e34f37d1,48HCLD12,no Transition Curb needed,,67,ZGD120S5,4
91b8f8a911bff655d08192b7e34f37d1,48HCLF12,no Transition Curb needed,,67,ZGD120S5,4
91b8f8a911bff655d08192b7e34f37d1,48HCLB12,no Transition Curb needed,,67,ZGD120S5,4
91b8f8a911bff655d08192b7e34f37d1,48HCLB11,no Transition Curb needed,,67,ZGD120S5,4
91b8f8a911bff655d08192b7e34f37d1,48HCLA12,no Transition Curb needed,,67,ZGD120S5,4
91b8f8a911bff655d08192b7e34f37d1,48HCLE11,no Transition Curb needed,,67,ZGD120S5,4
91b8f8a911bff655d08192b7e34f37d1,48HCLD11,no Transition Curb needed,,67,ZGD120S5,4
91b8f8a911bff655d08192b7e34f37d1,48HCLG11,no Transition Curb needed,,67,ZGD120S5,4
91b8f8a911bff655d08192b7e34f37d1,48HCLG12,no Transition Curb needed,,67,ZGD120S5,4
91b8f8a911bff655d08192b7e34f37d1,48HCMB11,no Transition Curb needed,,67,ZGD120S5,4
91b8f8a911bff655d08192b7e34f37d1,48HCMA11,no Transition Curb needed,,67,ZGD120S5,4
91b8f8a911bff655d08192b7e34f37d1,48HCME11,no Transition Curb needed,,67,ZGD120S5,4
91b8f8a911bff655d08192b7e34f37d1,48HCMA12,no Transition Curb needed,,67,ZGD120S5,4
91b8f8a911bff655d08192b7e34f37d1,48HCMF11,no Transition Curb needed,,67,ZGD120S5,4
91b8f8a911bff655d08192b7e34f37d1,48HCMF12,no Transition Curb needed,,67,ZGD120S5,4
91b8f8a911bff655d08192b7e34f37d1,48HCMB12,no Transition Curb needed,,67,ZGD120S5,4
91b8f8a911bff655d08192b7e34f37d1,48HCME12,no Transition Curb needed,,67,ZGD120S5,4
91b8f8a911bff655d08192b7e34f37d1,48HCMD11,no Transition Curb needed,,67,ZGD120S5,4
91b8f8a911bff655d08192b7e34f37d1,48HCMD12,no Transition Curb needed,,67,ZGD120S5,4
91b8f8a911bff655d08192b7e34f37d1,48HCNB11,no Transition Curb needed,,67,ZGD120S5,4
91b8f8a911bff655d08192b7e34f37d1,48HCNF11,no Transition Curb needed,,67,ZGD120S5,4
91b8f8a911bff655d08192b7e34f37d1,48HCND12,no Transition Curb needed,,67,ZGD120S5,4
91b8f8a911bff655d08192b7e34f37d1,48HCMG12,no Transition Curb needed,,67,ZGD120S5,4
91b8f8a911bff655d08192b7e34f37d1,48HCNB12,no Transition Curb needed,,67,ZGD120S5,4
91b8f8a911bff655d08192b7e34f37d1,48HCNA12,no Transition Curb needed,,67,ZGD120S5,4
91b8f8a911bff655d08192b7e34f37d1,48HCNE12,no Transition Curb needed,,67,ZGD120S5,4
91b8f8a911bff655d08192b7e34f37d1,48HCMG11,no Transition Curb needed,,67,ZGD120S5,4
91b8f8a911bff655d08192b7e34f37d1,48HCND11,no Transition Curb needed,,67,ZGD120S5,4
91b8f8a911bff655d08192b7e34f37d1,48HCNA11,no Transition Curb needed,,67,ZGD120S5,4
91b8f8a911bff655d08192b7e34f37d1,48HCNE11,no Transition Curb needed,,67,ZGD120S5,4
91b8f8a911bff655d08192b7e34f37d1,48HCRB11,no Transition Curb needed,,67,ZGD120S5,4
91b8f8a911bff655d08192b7e34f37d1,48HCNF12,no Transition Curb needed,,67,ZGD120S5,4
91b8f8a911bff655d08192b7e34f37d1,48HCNG11,no Transition Curb needed,,67,ZGD120S5,4
91b8f8a911bff655d08192b7e34f37d1,48HCRA11,no Transition Curb needed,,67,ZGD120S5,4
91b8f8a911bff655d08192b7e34f37d1,48HCRB12,no Transition Curb needed,,67,ZGD120S5,4
91b8f8a911bff655d08192b7e34f37d1,48HCRD11,no Transition Curb needed,,67,ZGD120S5,4
91b8f8a911bff655d08192b7e34f37d1,48HCRA12,no Transition Curb needed,,67,ZGD120S5,4
91b8f8a911bff655d08192b7e34f37d1,48HCRD12,no Transition Curb needed,,67,ZGD120S5,4
91b8f8a911bff655d08192b7e34f37d1,48HCSD11,no Transition Curb needed,,67,ZGD120S5,4
91b8f8a911bff655d08192b7e34f37d1,48HCSB12,no Transition Curb needed,,67,ZGD120S5,4
91b8f8a911bff655d08192b7e34f37d1,48HCSA11,no Transition Curb needed,,67,ZGD120S5,4
91b8f8a911bff655d08192b7e34f37d1,48HCRG12,no Transition Curb needed,,67,ZGD120S5,4
91b8f8a911bff655d08192b7e34f37d1,48HCRE11,no Transition Curb needed,,67,ZGD120S5,4
91b8f8a911bff655d08192b7e34f37d1,48HCRG11,no Transition Curb needed,,67,ZGD120S5,4
91b8f8a911bff655d08192b7e34f37d1,48HCRF12,no Transition Curb needed,,67,ZGD120S5,4
91b8f8a911bff655d08192b7e34f37d1,48HCRE12,no Transition Curb needed,,67,ZGD120S5,4
91b8f8a911bff655d08192b7e34f37d1,48HCSB11,no Transition Curb needed,,67,ZGD120S5,4
91b8f8a911bff655d08192b7e34f37d1,48HCSA12,no Transition Curb needed,,67,ZGD120S5,4
91b8f8a911bff655d08192b7e34f37d1,48HCRF11,no Transition Curb needed,,67,ZGD120S5,4
91b8f8a911bff655d08192b7e34f37d1,48HCSF12,no Transition Curb needed,,67,ZGD120S5,4
91b8f8a911bff655d08192b7e34f37d1,48HCTA11,no Transition Curb needed,,67,ZGD120S5,4
91b8f8a911bff655d08192b7e34f37d1,48HCTB11,no Transition Curb needed,,67,ZGD120S5,4
91b8f8a911bff655d08192b7e34f37d1,48HCSF11,no Transition Curb needed,,67,ZGD120S5,4
91b8f8a911bff655d08192b7e34f37d1,48HCSE11,no Transition Curb needed,,67,ZGD120S5,4
91b8f8a911bff655d08192b7e34f37d1,48HCSG12,no Transition Curb needed,,67,ZGD120S5,4
91b8f8a911bff655d08192b7e34f37d1,48HCSD12,no Transition Curb needed,,67,ZGD120S5,4
91b8f8a911bff655d08192b7e34f37d1,48HCTA12,no Transition Curb needed,,67,ZGD120S5,4
91b8f8a911bff655d08192b7e34f37d1,48HCSE12,no Transition Curb needed,,67,ZGD120S5,4
91b8f8a911bff655d08192b7e34f37d1,48HCSG11,no Transition Curb needed,,67,ZGD120S5,4
91b8f8a911bff655d08192b7e34f37d1,48HCTF11,no Transition Curb needed,,67,ZGD120S5,4
91b8f8a911bff655d08192b7e34f37d1,48HCTG12,no Transition Curb needed,,67,ZGD120S5,4
91b8f8a911bff655d08192b7e34f37d1,48HCTF12,no Transition Curb needed,,67,ZGD120S5,4
91b8f8a911bff655d08192b7e34f37d1,48HCTE11,no Transition Curb needed,,67,ZGD120S5,4
91b8f8a911bff655d08192b7e34f37d1,48HCTE12,no Transition Curb needed,,67,ZGD120S5,4
91b8f8a911bff655d08192b7e34f37d1,48HCTD11,no Transition Curb needed,,67,ZGD120S5,4
91b8f8a911bff655d08192b7e34f37d1,48HCTD12,no Transition Curb needed,,67,ZGD120S5,4
91b8f8a911bff655d08192b7e34f37d1,48HJD012,no Transition Curb needed,,67,ZGD120S5,4
91b8f8a911bff655d08192b7e34f37d1,48HCTB12,no Transition Curb needed,,67,ZGD120S5,4
91b8f8a911bff655d08192b7e34f37d1,48HCTG11,no Transition Curb needed,,67,ZGD120S5,4
91b8f8a911bff655d08192b7e34f37d1,48HJK012,no Transition Curb needed,,67,ZGD120S5,4
91b8f8a911bff655d08192b7e34f37d1,48HJE012,no Transition Curb needed,,67,ZGD120S5,4
91b8f8a911bff655d08192b7e34f37d1,48HJN012,no Transition Curb needed,,67,ZGD120S5,4
91b8f8a911bff655d08192b7e34f37d1,48HJH012,no Transition Curb needed,,67,ZGD120S5,4
91b8f8a911bff655d08192b7e34f37d1,48HJS012,no Transition Curb needed,,67,ZGD120S5,4
91b8f8a911bff655d08192b7e34f37d1,48HJM012,no Transition Curb needed,,67,ZGD120S5,4
91b8f8a911bff655d08192b7e34f37d1,48HJL012,no Transition Curb needed,,67,ZGD120S5,4
91b8f8a911bff655d08192b7e34f37d1,48HJF012,no Transition Curb needed,,67,ZGD120S5,4
91b8f8a911bff655d08192b7e34f37d1,48HJR012,no Transition Curb needed,,67,ZGD120S5,4
91b8f8a911bff655d08192b7e34f37d1,48LJD012-6,no Transition Curb needed,,67,ZGD120S5,4
91b8f8a911bff655d08192b7e34f37d1,48LCD012,,,67,ZGD120S5,4
91b8f8a911bff655d08192b7e34f37d1,48LJD012-1,no Transition Curb needed,,67,ZGD120S5,4
91b8f8a911bff655d08192b7e34f37d1,48LCS012,,,67,ZGD120S5,4
91b8f8a911bff655d08192b7e34f37d1,48HJT012,no Transition Curb needed,,67,ZGD120S5,4
91b8f8a911bff655d08192b7e34f37d1,48LCT012,,,67,ZGD120S5,4
91b8f8a911bff655d08192b7e34f37d1,48LCR012,,,67,ZGD120S5,4
91b8f8a911bff655d08192b7e34f37d1,48LCE012,,,67,ZGD120S5,4
91b8f8a911bff655d08192b7e34f37d1,48LCF012,,,67,ZGD120S5,4
91b8f8a911bff655d08192b7e34f37d1,48LJD012,no Transition Curb needed,,67,ZGD120S5,4
91b8f8a911bff655d08192b7e34f37d1,48LJD012-5,no Transition Curb needed,,67,ZGD120S5,4
91b8f8a911bff655d08192b7e34f37d1,48TCD012,,,67,ZGD120S5,4
91b8f8a911bff655d08192b7e34f37d1,48LJE012-1,no Transition Curb needed,,67,ZGD120S5,4
91b8f8a911bff655d08192b7e34f37d1,48TCDA12,no Transition Curb needed,,,ZGD120S5,4
91b8f8a911bff655d08192b7e34f37d1,48LJE012-6,no Transition Curb needed,,67,ZGD120S5,4
91b8f8a911bff655d08192b7e34f37d1,48LJE012,no Transition Curb needed,,67,ZGD120S5,4
91b8f8a911bff655d08192b7e34f37d1,48LJF012,no Transition Curb needed,,67,ZGD120S5,4
91b8f8a911bff655d08192b7e34f37d1,48LJE012-5,no Transition Curb needed,,67,ZGD120S5,4
91b8f8a911bff655d08192b7e34f37d1,48TCED12A1A6,,,67,ZGD120S5,4
91b8f8a911bff655d08192b7e34f37d1,48TCED12A1A1,,,67,ZGD120S5,4
91b8f8a911bff655d08192b7e34f37d1,48TCE012,,,67,ZGD120S5,4
91b8f8a911bff655d08192b7e34f37d1,48TCED12,no Transition Curb needed,,,ZGD120S5,4
91b8f8a911bff655d08192b7e34f37d1,48TCED12A1A5,,,67,ZGD120S5,4
91b8f8a911bff655d08192b7e34f37d1,48TCF012,,,67,ZGD120S5,4
91b8f8a911bff655d08192b7e34f37d1,48TMD012,no Transition Curb needed,,67,ZGD120S5,4
91b8f8a911bff655d08192b7e34f37d1,48TFM012,no Transition Curb needed,,67,ZGD120S5,4
91b8f8a911bff655d08192b7e34f37d1,48TFL012,no Transition Curb needed,,67,ZGD120S5,4
91b8f8a911bff655d08192b7e34f37d1,48TJD012,no Transition Curb needed,,67,ZGD120S5,4
91b8f8a911bff655d08192b7e34f37d1,48TME012,no Transition Curb needed,,67,ZGD120S5,4
91b8f8a911bff655d08192b7e34f37d1,48TFN012,no Transition Curb needed,,67,ZGD120S5,4
91b8f8a911bff655d08192b7e34f37d1,48TFD012,no Transition Curb needed,,67,ZGD120S5,4
91b8f8a911bff655d08192b7e34f37d1,48TJE012,no Transition Curb needed,,67,ZGD120S5,4
91b8f8a911bff655d08192b7e34f37d1,48TJF012,no Transition Curb needed,,67,ZGD120S5,4
91b8f8a911bff655d08192b7e34f37d1,48TFE012,no Transition Curb needed,,67,ZGD120S5,4
91b8f8a911bff655d08192b7e34f37d1,48TMN012,no Transition Curb needed,,67,ZGD120S5,4
91b8f8a911bff655d08192b7e34f37d1,580CPV120,no Transition Curb needed,,67,ZGD120S5,4
91b8f8a911bff655d08192b7e34f37d1,580CJV120,no Transition Curb needed,,67,ZGD120S5,4
91b8f8a911bff655d08192b7e34f37d1,580CBV120,no Transition Curb needed,,67,ZGD120S5,4
91b8f8a911bff655d08192b7e34f37d1,579C120,,,67,ZGD120S5,4
91b8f8a911bff655d08192b7e34f37d1,580CEV120,no Transition Curb needed,,67,ZGD120S5,4
91b8f8a911bff655d08192b7e34f37d1,580CTV120,no Transition Curb needed,,67,ZGD120S5,4
91b8f8a911bff655d08192b7e34f37d1,48TML012,no Transition Curb needed,,67,ZGD120S5,4
91b8f8a911bff655d08192b7e34f37d1,48TMM012,no Transition Curb needed,,67,ZGD120S5,4
91b8f8a911bff655d08192b7e34f37d1,48TMF012,no Transition Curb needed,,67,ZGD120S5,4
91b8f8a911bff655d08192b7e34f37d1,580F*V121,no Transition Curb needed,,67,ZGD120S5,4
91b8f8a911bff655d08192b7e34f37d1,580FT120,no Transition Curb needed,,67,ZGD120S5,4
91b8f8a911bff655d08192b7e34f37d1,580F*V120,no Transition Curb needed,,67,ZGD120S5,4
91b8f8a911bff655d08192b7e34f37d1,580FE120,no Transition Curb needed,,67,ZGD120S5,4
91b8f8a911bff655d08192b7e34f37d1,580DP120,no Transition Curb needed,,67,ZGD120S5,4
91b8f8a911bff655d08192b7e34f37d1,580FE121,no Transition Curb needed,,67,ZGD120S5,4
91b8f8a911bff655d08192b7e34f37d1,580DE120,no Transition Curb needed,,67,ZGD120S5,4
91b8f8a911bff655d08192b7e34f37d1,580DT120,no Transition Curb needed,,67,ZGD120S5,4
91b8f8a911bff655d08192b7e34f37d1,580FP121,no Transition Curb needed,,67,ZGD120S5,4
91b8f8a911bff655d08192b7e34f37d1,580FT121,no Transition Curb needed,,67,ZGD120S5,4
91b8f8a911bff655d08192b7e34f37d1,580FP120,no Transition Curb needed,,67,ZGD120S5,4
91b8f8a911bff655d08192b7e34f37d1,581JE12,no Transition Curb needed,,67,ZGD120S5,4
91b8f8a911bff655d08192b7e34f37d1,581BT120,no Transition Curb needed,,67,ZGD120S5,4
91b8f8a911bff655d08192b7e34f37d1,581BP120,no Transition Curb needed,,67,ZGD120S5,4
91b8f8a911bff655d08192b7e34f37d1,580JT12,no Transition Curb needed,,67,ZGD120S5,4
91b8f8a911bff655d08192b7e34f37d1,580JP12,no Transition Curb needed,,67,ZGD120S5,4
91b8f8a911bff655d08192b7e34f37d1,580JJ12,no Transition Curb needed,,67,ZGD120S5,4
91b8f8a911bff655d08192b7e34f37d1,580JE12,no Transition Curb needed,,67,ZGD120S5,4
91b8f8a911bff655d08192b7e34f37d1,581JP12,no Transition Curb needed,,67,ZGD120S5,4
91b8f8a911bff655d08192b7e34f37d1,581JJ12,no Transition Curb needed,,67,ZGD120S5,4
91b8f8a911bff655d08192b7e34f37d1,581BE120,no Transition Curb needed,,67,ZGD120S5,4
91b8f8a911bff655d08192b7e34f37d1,D1CG120,11J07,,67,ZGD120S5,4
91b8f8a911bff655d08192b7e34f37d1,CPG120115,,,67,ZGD120S5,4
91b8f8a911bff655d08192b7e34f37d1,CPG120400,,,67,ZGD120S5,4
91b8f8a911bff655d08192b7e34f37d1,CPG120210,,,67,ZGD120S5,4
91b8f8a911bff655d08192b7e34f37d1,CPG120140,,,67,ZGD120S5,4
91b8f8a911bff655d08192b7e34f37d1,CPG120045,,,67,ZGD120S5,4
91b8f8a911bff655d08192b7e34f37d1,CPG120350,,,67,ZGD120S5,4
91b8f8a911bff655d08192b7e34f37d1,D2CG120,11J07,,67,ZGD120S5,4
91b8f8a911bff655d08192b7e34f37d1,CPG120090,,,67,ZGD120S5,4
91b8f8a911bff655d08192b7e34f37d1,D3CG120,11J07,,67,ZGD120S5,4
91b8f8a911bff655d08192b7e34f37d1,D3CG120N,,,67,ZGD120S5,4
91b8f8a911bff655d08192b7e34f37d1,DL-10N,,,67,ZGD120S5,4
91b8f8a911bff655d08192b7e34f37d1,DCG120 (Daikin),,,67,ZGD120S5,4
91b8f8a911bff655d08192b7e34f37d1,GCS16-1353-270,11H99,,67,ZGD120S5,4
91b8f8a911bff655d08192b7e34f37d1,DM120N,,,67,ZGD120S5,4
91b8f8a911bff655d08192b7e34f37d1,GCS16-120-270,,,67,ZGD120S5,4
91b8f8a911bff655d08192b7e34f37d1,D4CG120N,,,67,ZGD120S5,4
91b8f8a911bff655d08192b7e34f37d1,GCS11-1353-230,11J02,,67,ZGD120S5,4
91b8f8a911bff655d08192b7e34f37d1,GPD120L240,,,67,ZGD120S5,4
91b8f8a911bff655d08192b7e34f37d1,GCS3-1353-175,11J04,,67,ZGD120S5,4
91b8f8a911bff655d08192b7e34f37d1,GCS3-1353-350,11J04,,67,ZGD120S5,4
91b8f8a911bff655d08192b7e34f37d1,PGB120 (ICP),,,67,ZGD120S5,4
91b8f8a911bff655d08192b7e34f37d1,GPD120H240,,,67,ZGD120S5,4
91b8f8a911bff655d08192b7e34f37d1,PGB120I2H,,,67,ZGD120S5,4
91b8f8a911bff655d08192b7e34f37d1,GPD120S240,,,67,ZGD120S5,4
91b8f8a911bff655d08192b7e34f37d1,GCS24-1353-270,11H99,,67,ZGD120S5,4
91b8f8a911bff655d08192b7e34f37d1,PGD120,,,,ZGD120S5,4
91b8f8a911bff655d08192b7e34f37d1,PGE120L,,,67,ZGD120S5,4
91b8f8a911bff655d08192b7e34f37d1,PGB120I2L,,,67,ZGD120S5,4
91b8f8a911bff655d08192b7e34f37d1,PGE120H,,,67,ZGD120S5,4
91b8f8a911bff655d08192b7e34f37d1,PGH120,,,67,ZGD120S5,4
91b8f8a911bff655d08192b7e34f37d1,PGC120225-4,,,67,ZGD120S5,4
91b8f8a911bff655d08192b7e34f37d1,PGC120225-3,,,67,ZGD120S5,4
91b8f8a911bff655d08192b7e34f37d1,PGS120H180A,,,67,ZGD120S5,4
91b8f8a911bff655d08192b7e34f37d1,PGB120I2S,,,67,ZGD120S5,4
91b8f8a911bff655d08192b7e34f37d1,PGE120S,,,67,ZGD120S5,4
91b8f8a911bff655d08192b7e34f37d1,RKNL-C120C,,,67,ZGD120S5,4
91b8f8a911bff655d08192b7e34f37d1,RKNL-C120D,,,67,ZGD120S5,4
91b8f8a911bff655d08192b7e34f37d1,RKKB-A120,,,67,ZGD120S5,4
91b8f8a911bff655d08192b7e34f37d1,PGS120H250A,,,67,ZGD120S5,4
91b8f8a911bff655d08192b7e34f37d1,RGS121,no Transition Curb needed,,67,ZGD120S5,4
91b8f8a911bff655d08192b7e34f37d1,R6GP-120C-235CA,,,67,ZGD120S5,4
91b8f8a911bff655d08192b7e34f37d1,R6GP-120D-235CA,,,67,ZGD120S5,4
91b8f8a911bff655d08192b7e34f37d1,RGS120,no Transition Curb needed,,67,ZGD120S5,4
91b8f8a911bff655d08192b7e34f37d1,PGS120L180A,,,67,ZGD120S5,4
91b8f8a911bff655d08192b7e34f37d1,RKNL-H120Y,,,67,ZGD120S5,4
91b8f8a911bff655d08192b7e34f37d1,RKNL-G120D,,,67,ZGD120S5,4
91b8f8a911bff655d08192b7e34f37d1,RKNL-G120C,,,67,ZGD120S5,4
91b8f8a911bff655d08192b7e34f37d1,RKNL-H120C,,,67,ZGD120S5,4
91b8f8a911bff655d08192b7e34f37d1,RKNL120Y,,,67,ZGD120S5,4
91b8f8a911bff655d08192b7e34f37d1,RKNL-H120D,,,67,ZGD120S5,4
91b8f8a911bff655d08192b7e34f37d1,RKNL120D,,,67,ZGD120S5,4
91b8f8a911bff655d08192b7e34f37d1,RKNL120C,,,67,ZGD120S5,4
91b8f8a911bff655d08192b7e34f37d1,RKNL-C120Y,,,67,ZGD120S5,4
91b8f8a911bff655d08192b7e34f37d1,RRGE-250100D,,,67,ZGD120S5,4
91b8f8a911bff655d08192b7e34f37d1,RRGF-250100Y,,,67,ZGD120S5,4
91b8f8a911bff655d08192b7e34f37d1,RRGF-250100CKR,,,67,ZGD120S5,4
91b8f8a911bff655d08192b7e34f37d1,RRGF-250100DKR,,,67,ZGD120S5,4
91b8f8a911bff655d08192b7e34f37d1,RRGF-250100C,,,67,ZGD120S5,4
91b8f8a911bff655d08192b7e34f37d1,RRGF-200100D,,,67,ZGD120S5,4
91b8f8a911bff655d08192b7e34f37d1,RRGF-200100YKR,,,67,ZGD120S5,4
91b8f8a911bff655d08192b7e34f37d1,RRGF-200100CKR,,,67,ZGD120S5,4
91b8f8a911bff655d08192b7e34f37d1,RRGF-200100Y,,,67,ZGD120S5,4
91b8f8a911bff655d08192b7e34f37d1,RRGF-200100C,,,67,ZGD120S5,4
91b8f8a911bff655d08192b7e34f37d1,RRGF-200100DKR,,,67,ZGD120S5,4
91b8f8a911bff655d08192b7e34f37d1,RRGF-250100YKR,,,67,ZGD120S5,4
91b8f8a911bff655d08192b7e34f37d1,YCD120A,,,67,ZGD120S5,4
91b8f8a911bff655d08192b7e34f37d1,TGA120S2BM,,,67,ZGD120S5,4
91b8f8a911bff655d08192b7e34f37d1,TGA120H,,,67,ZGD120S5,4
91b8f8a911bff655d08192b7e34f37d1,SFCBC104,,,67,ZGD120S5,4
91b8f8a911bff655d08192b7e34f37d1,YCD120B,,,67,ZGD120S5,4
91b8f8a911bff655d08192b7e34f37d1,SFCBC106,,,67,ZGD120S5,4
91b8f8a911bff655d08192b7e34f37d1,SFCBC103,,,67,ZGD120S5,4
91b8f8a911bff655d08192b7e34f37d1,SFCBC105,,,67,ZGD120S5,4
91b8f8a911bff655d08192b7e34f37d1,TGA120S2BH,,,67,ZGD120S5,4
91b8f8a911bff655d08192b7e34f37d1,YCH121,,,67,ZGD120S5,4
91b8f8a911bff655d08192b7e34f37d1,YCD121,,,67,ZGD120S5,4
91b8f8a911bff655d08192b7e34f37d1,YHC120A,,,67,ZGD120S5,4
91b8f8a911bff655d08192b7e34f37d1,YCD120C,11J05,,67,ZGD120S5,4
91b8f8a911bff655d08192b7e34f37d1,48HCLB09,no Transition Curb needed,,66,ZGD102S5,4
91b8f8a911bff655d08192b7e34f37d1,48HJL009,no Transition Curb needed,,66,ZGD102S5,4
91b8f8a911bff655d08192b7e34f37d1,48TFL009,no Transition Curb needed,,66,ZGD102S5,4
91b8f8a911bff655d08192b7e34f37d1,CPG102350,,,66,ZGD102S5,4
91b8f8a911bff655d08192b7e34f37d1,YCD103,,,66,ZGD102S5,4
91b8f8a911bff655d08192b7e34f37d1,48DJE009,no Transition Curb needed,,66,ZGD102S5,4
91b8f8a911bff655d08192b7e34f37d1,48HC-A09,no Transition Curb needed,,66,ZGD102S5,4
91b8f8a911bff655d08192b7e34f37d1,48HC-E09,no Transition Curb needed,,66,ZGD102S5,4
91b8f8a911bff655d08192b7e34f37d1,48DJD009,no Transition Curb needed,,66,ZGD102S5,4
91b8f8a911bff655d08192b7e34f37d1,48HC-D09,no Transition Curb needed,,66,ZGD102S5,4
91b8f8a911bff655d08192b7e34f37d1,48HC-B09,no Transition Curb needed,,66,ZGD102S5,4
91b8f8a911bff655d08192b7e34f37d1,48HCDG09,no Transition Curb needed,,66,ZGD102S5,4
91b8f8a911bff655d08192b7e34f37d1,48HCDA09,no Transition Curb needed,,66,ZGD102S5,4
91b8f8a911bff655d08192b7e34f37d1,48HCED09,no Transition Curb needed,,66,ZGD102S5,4
91b8f8a911bff655d08192b7e34f37d1,48HCEA09,no Transition Curb needed,,66,ZGD102S5,4
91b8f8a911bff655d08192b7e34f37d1,48HCDF09,no Transition Curb needed,,66,ZGD102S5,4
91b8f8a911bff655d08192b7e34f37d1,48HCDB09,no Transition Curb needed,,66,ZGD102S5,4
91b8f8a911bff655d08192b7e34f37d1,48HCEB09,no Transition Curb needed,,66,ZGD102S5,4
91b8f8a911bff655d08192b7e34f37d1,48HCDD09,no Transition Curb needed,,66,ZGD102S5,4
91b8f8a911bff655d08192b7e34f37d1,48HC-G09,no Transition Curb needed,,66,ZGD102S5,4
91b8f8a911bff655d08192b7e34f37d1,48HCDE09,no Transition Curb needed,,66,ZGD102S5,4
91b8f8a911bff655d08192b7e34f37d1,48HC-F09,no Transition Curb needed,,66,ZGD102S5,4
91b8f8a911bff655d08192b7e34f37d1,48HCFE09,no Transition Curb needed,,66,ZGD102S5,4
91b8f8a911bff655d08192b7e34f37d1,48HCEG09,no Transition Curb needed,,66,ZGD102S5,4
91b8f8a911bff655d08192b7e34f37d1,48HCEF09,no Transition Curb needed,,66,ZGD102S5,4
91b8f8a911bff655d08192b7e34f37d1,48HCEE09,no Transition Curb needed,,66,ZGD102S5,4
91b8f8a911bff655d08192b7e34f37d1,48HCFA09,no Transition Curb needed,,66,ZGD102S5,4
91b8f8a911bff655d08192b7e34f37d1,48HCLA09,no Transition Curb needed,,66,ZGD102S5,4
91b8f8a911bff655d08192b7e34f37d1,48HCFG09,no Transition Curb needed,,66,ZGD102S5,4
91b8f8a911bff655d08192b7e34f37d1,48HCFF09,no Transition Curb needed,,66,ZGD102S5,4
91b8f8a911bff655d08192b7e34f37d1,48HCFD09,no Transition Curb needed,,66,ZGD102S5,4
91b8f8a911bff655d08192b7e34f37d1,48HCFB09,no Transition Curb needed,,66,ZGD102S5,4
91b8f8a911bff655d08192b7e34f37d1,48HCMF09,no Transition Curb needed,,66,ZGD102S5,4
91b8f8a911bff655d08192b7e34f37d1,48HCMB09,no Transition Curb needed,,66,ZGD102S5,4
91b8f8a911bff655d08192b7e34f37d1,48HCLE09,no Transition Curb needed,,66,ZGD102S5,4
91b8f8a911bff655d08192b7e34f37d1,48HCLD09,no Transition Curb needed,,66,ZGD102S5,4
91b8f8a911bff655d08192b7e34f37d1,48HCMD09,no Transition Curb needed,,66,ZGD102S5,4
91b8f8a911bff655d08192b7e34f37d1,48HCMG09,no Transition Curb needed,,66,ZGD102S5,4
91b8f8a911bff655d08192b7e34f37d1,48HCLF09,no Transition Curb needed,,66,ZGD102S5,4
91b8f8a911bff655d08192b7e34f37d1,48HCLG09,no Transition Curb needed,,66,ZGD102S5,4
91b8f8a911bff655d08192b7e34f37d1,48HCMA09,no Transition Curb needed,,66,ZGD102S5,4
91b8f8a911bff655d08192b7e34f37d1,48HCME09,no Transition Curb needed,,66,ZGD102S5,4
91b8f8a911bff655d08192b7e34f37d1,48HCNG09,no Transition Curb needed,,66,ZGD102S5,4
91b8f8a911bff655d08192b7e34f37d1,48HCRB09,no Transition Curb needed,,66,ZGD102S5,4
91b8f8a911bff655d08192b7e34f37d1,48HCNA09,no Transition Curb needed,,66,ZGD102S5,4
91b8f8a911bff655d08192b7e34f37d1,48HCNF09,no Transition Curb needed,,66,ZGD102S5,4
91b8f8a911bff655d08192b7e34f37d1,48HCND09,no Transition Curb needed,,66,ZGD102S5,4
91b8f8a911bff655d08192b7e34f37d1,48HCRA09,no Transition Curb needed,,66,ZGD102S5,4
91b8f8a911bff655d08192b7e34f37d1,48HCRE09,no Transition Curb needed,,66,ZGD102S5,4
91b8f8a911bff655d08192b7e34f37d1,48HCRD09,no Transition Curb needed,,66,ZGD102S5,4
91b8f8a911bff655d08192b7e34f37d1,48HCNE09,no Transition Curb needed,,66,ZGD102S5,4
91b8f8a911bff655d08192b7e34f37d1,48HCNB09,no Transition Curb needed,,66,ZGD102S5,4
91b8f8a911bff655d08192b7e34f37d1,48HCSE09,no Transition Curb needed,,66,ZGD102S5,4
91b8f8a911bff655d08192b7e34f37d1,48HCSB09,no Transition Curb needed,,66,ZGD102S5,4
91b8f8a911bff655d08192b7e34f37d1,48HCSG09,no Transition Curb needed,,66,ZGD102S5,4
91b8f8a911bff655d08192b7e34f37d1,48HCTB09,no Transition Curb needed,,66,ZGD102S5,4
91b8f8a911bff655d08192b7e34f37d1,48HCSA09,no Transition Curb needed,,66,ZGD102S5,4
91b8f8a911bff655d08192b7e34f37d1,48HCTD09,no Transition Curb needed,,66,ZGD102S5,4
91b8f8a911bff655d08192b7e34f37d1,48HCSF09,no Transition Curb needed,,66,ZGD102S5,4
91b8f8a911bff655d08192b7e34f37d1,48HCRF09,no Transition Curb needed,,66,ZGD102S5,4
91b8f8a911bff655d08192b7e34f37d1,48HCSD09,no Transition Curb needed,,66,ZGD102S5,4
91b8f8a911bff655d08192b7e34f37d1,48HCTA09,no Transition Curb needed,,66,ZGD102S5,4
91b8f8a911bff655d08192b7e34f37d1,48HCRG09,no Transition Curb needed,,66,ZGD102S5,4
91b8f8a911bff655d08192b7e34f37d1,48HJK009,no Transition Curb needed,,66,ZGD102S5,4
91b8f8a911bff655d08192b7e34f37d1,48HCTE09,no Transition Curb needed,,66,ZGD102S5,4
91b8f8a911bff655d08192b7e34f37d1,48HJE009,no Transition Curb needed,,66,ZGD102S5,4
91b8f8a911bff655d08192b7e34f37d1,48HCTF09,no Transition Curb needed,,66,ZGD102S5,4
91b8f8a911bff655d08192b7e34f37d1,48HJD009,no Transition Curb needed,,66,ZGD102S5,4
91b8f8a911bff655d08192b7e34f37d1,48HCTG09,no Transition Curb needed,,66,ZGD102S5,4
91b8f8a911bff655d08192b7e34f37d1,48HJH009,no Transition Curb needed,,66,ZGD102S5,4
91b8f8a911bff655d08192b7e34f37d1,48HJF009,no Transition Curb needed,,66,ZGD102S5,4
91b8f8a911bff655d08192b7e34f37d1,48HJG009,no Transition Curb needed,,66,ZGD102S5,4
91b8f8a911bff655d08192b7e34f37d1,48LCS009,,,66,ZGD102S5,4
91b8f8a911bff655d08192b7e34f37d1,48LCT009,,,66,ZGD102S5,4
91b8f8a911bff655d08192b7e34f37d1,48LJD009,no Transition Curb needed,,66,ZGD102S5,4
91b8f8a911bff655d08192b7e34f37d1,48HJS009,no Transition Curb needed,,66,ZGD102S5,4
91b8f8a911bff655d08192b7e34f37d1,48LCD009,,,66,ZGD102S5,4
91b8f8a911bff655d08192b7e34f37d1,48HJR009,no Transition Curb needed,,66,ZGD102S5,4
91b8f8a911bff655d08192b7e34f37d1,48LCR009,,,66,ZGD102S5,4
91b8f8a911bff655d08192b7e34f37d1,48LCE009,,,66,ZGD102S5,4
91b8f8a911bff655d08192b7e34f37d1,48HJN009,no Transition Curb needed,,66,ZGD102S5,4
91b8f8a911bff655d08192b7e34f37d1,48LCF009,,,66,ZGD102S5,4
91b8f8a911bff655d08192b7e34f37d1,48HJM009,no Transition Curb needed,,66,ZGD102S5,4
91b8f8a911bff655d08192b7e34f37d1,48HJT009,no Transition Curb needed,,66,ZGD102S5,4
91b8f8a911bff655d08192b7e34f37d1,48LJE009,no Transition Curb needed,,66,ZGD102S5,4
91b8f8a911bff655d08192b7e34f37d1,48LJF009-1,no Transition Curb needed,,66,ZGD102S5,4
91b8f8a911bff655d08192b7e34f37d1,48LJD009-1,no Transition Curb needed,,66,ZGD102S5,4
91b8f8a911bff655d08192b7e34f37d1,48LJE009-5,no Transition Curb needed,,66,ZGD102S5,4
91b8f8a911bff655d08192b7e34f37d1,48LJD009-6,no Transition Curb needed,,66,ZGD102S5,4
91b8f8a911bff655d08192b7e34f37d1,48LJE009-6,no Transition Curb needed,,66,ZGD102S5,4
91b8f8a911bff655d08192b7e34f37d1,48LJD009-5,no Transition Curb needed,,66,ZGD102S5,4
91b8f8a911bff655d08192b7e34f37d1,48LJE009-1,no Transition Curb needed,,66,ZGD102S5,4
91b8f8a911bff655d08192b7e34f37d1,48LJF009,no Transition Curb needed,,66,ZGD102S5,4
91b8f8a911bff655d08192b7e34f37d1,48LJF009-5,no Transition Curb needed,,66,ZGD102S5,4
91b8f8a911bff655d08192b7e34f37d1,48TCD009,,,66,ZGD102S5,4
91b8f8a911bff655d08192b7e34f37d1,48LJF009-6,no Transition Curb needed,,66,ZGD102S5,4
91b8f8a911bff655d08192b7e34f37d1,48TCE009,,,66,ZGD102S5,4
91b8f8a911bff655d08192b7e34f37d1,48TCDD09A1A6,,,66,ZGD102S5,4
91b8f8a911bff655d08192b7e34f37d1,48TCDD09A1A5,,,66,ZGD102S5,4
91b8f8a911bff655d08192b7e34f37d1,48TCDA09,,,66,ZGD102S5,4
91b8f8a911bff655d08192b7e34f37d1,48TCFD09A1A6,,,66,ZGD102S5,4
91b8f8a911bff655d08192b7e34f37d1,48TCFD09A1A5,,,66,ZGD102S5,4
91b8f8a911bff655d08192b7e34f37d1,48TFM009,no Transition Curb needed,,66,ZGD102S5,4
91b8f8a911bff655d08192b7e34f37d1,48TFE009,no Transition Curb needed,,66,ZGD102S5,4
91b8f8a911bff655d08192b7e34f37d1,48TFD009,no Transition Curb needed,,66,ZGD102S5,4
91b8f8a911bff655d08192b7e34f37d1,48TCFD09A1A1,,,66,ZGD102S5,4
91b8f8a911bff655d08192b7e34f37d1,48TCF009,,,66,ZGD102S5,4
91b8f8a911bff655d08192b7e34f37d1,48TFF009,no Transition Curb needed,,66,ZGD102S5,4
91b8f8a911bff655d08192b7e34f37d1,48TML009,no Transition Curb needed,,66,ZGD102S5,4
91b8f8a911bff655d08192b7e34f37d1,48TJF009,no Transition Curb needed,,66,ZGD102S5,4
91b8f8a911bff655d08192b7e34f37d1,48TMN009,no Transition Curb needed,,66,ZGD102S5,4
91b8f8a911bff655d08192b7e34f37d1,48TJE009,no Transition Curb needed,,66,ZGD102S5,4
91b8f8a911bff655d08192b7e34f37d1,48TMF009,no Transition Curb needed,,66,ZGD102S5,4
91b8f8a911bff655d08192b7e34f37d1,48TMM009,no Transition Curb needed,,66,ZGD102S5,4
91b8f8a911bff655d08192b7e34f37d1,580CBV102,no Transition Curb needed,,66,ZGD102S5,4
91b8f8a911bff655d08192b7e34f37d1,48TFN009,no Transition Curb needed,,66,ZGD102S5,4
91b8f8a911bff655d08192b7e34f37d1,48TJD009,no Transition Curb needed,,66,ZGD102S5,4
91b8f8a911bff655d08192b7e34f37d1,48TMD009,no Transition Curb needed,,66,ZGD102S5,4
91b8f8a911bff655d08192b7e34f37d1,48TME009,no Transition Curb needed,,66,ZGD102S5,4
91b8f8a911bff655d08192b7e34f37d1,580FP102,no Transition Curb needed,,66,ZGD102S5,4
91b8f8a911bff655d08192b7e34f37d1,580FE103,no Transition Curb needed,,66,ZGD102S5,4
91b8f8a911bff655d08192b7e34f37d1,580DP102,no Transition Curb needed,,66,ZGD102S5,4
91b8f8a911bff655d08192b7e34f37d1,580CTV102,no Transition Curb needed,,66,ZGD102S5,4
91b8f8a911bff655d08192b7e34f37d1,580DT102,no Transition Curb needed,,66,ZGD102S5,4
91b8f8a911bff655d08192b7e34f37d1,580F*V102,no Transition Curb needed,,66,ZGD102S5,4
91b8f8a911bff655d08192b7e34f37d1,580CJV102,no Transition Curb needed,,66,ZGD102S5,4
91b8f8a911bff655d08192b7e34f37d1,580CPV102,no Transition Curb needed,,66,ZGD102S5,4
91b8f8a911bff655d08192b7e34f37d1,580DE102,no Transition Curb needed,,66,ZGD102S5,4
91b8f8a911bff655d08192b7e34f37d1,580CEV102,no Transition Curb needed,,66,ZGD102S5,4
91b8f8a911bff655d08192b7e34f37d1,580JT09,no Transition Curb needed,,66,ZGD102S5,4
91b8f8a911bff655d08192b7e34f37d1,581BT102,no Transition Curb needed,,66,ZGD102S5,4
91b8f8a911bff655d08192b7e34f37d1,580FT103,no Transition Curb needed,,66,ZGD102S5,4
91b8f8a911bff655d08192b7e34f37d1,580JP09,no Transition Curb needed,,66,ZGD102S5,4
91b8f8a911bff655d08192b7e34f37d1,581JP09,no Transition Curb needed,,66,ZGD102S5,4
91b8f8a911bff655d08192b7e34f37d1,581BP102,no Transition Curb needed,,66,ZGD102S5,4
91b8f8a911bff655d08192b7e34f37d1,580JE09,no Transition Curb needed,,66,ZGD102S5,4
91b8f8a911bff655d08192b7e34f37d1,581BE102,no Transition Curb needed,,66,ZGD102S5,4
91b8f8a911bff655d08192b7e34f37d1,581JE09,no Transition Curb needed,,66,ZGD102S5,4
91b8f8a911bff655d08192b7e34f37d1,580JJ09,no Transition Curb needed,,66,ZGD102S5,4
91b8f8a911bff655d08192b7e34f37d1,581JJ09,no Transition Curb needed,,66,ZGD102S5,4
91b8f8a911bff655d08192b7e34f37d1,CPG102115,,,66,ZGD102S5,4
91b8f8a911bff655d08192b7e34f37d1,D2CG102,11J07,,66,ZGD102S5,4
91b8f8a911bff655d08192b7e34f37d1,CPG102400,,,66,ZGD102S5,4
91b8f8a911bff655d08192b7e34f37d1,581JT09,no Transition Curb needed,,66,ZGD102S5,4
91b8f8a911bff655d08192b7e34f37d1,D1CG102,11J07,,66,ZGD102S5,4
91b8f8a911bff655d08192b7e34f37d1,CPG102140,,,66,ZGD102S5,4
91b8f8a911bff655d08192b7e34f37d1,CPG102210,,,66,ZGD102S5,4
91b8f8a911bff655d08192b7e34f37d1,CPG102090,,,66,ZGD102S5,4
91b8f8a911bff655d08192b7e34f37d1,CPG102045,,,66,ZGD102S5,4
91b8f8a911bff655d08192b7e34f37d1,DM102N10A4,,,66,ZGD102S5,4
91b8f8a911bff655d08192b7e34f37d1,DM102N15A4,,,66,ZGD102S5,4
91b8f8a911bff655d08192b7e34f37d1,DM102N15A5,,,66,ZGD102S5,4
91b8f8a911bff655d08192b7e34f37d1,DM102N10A5,,,66,ZGD102S5,4
91b8f8a911bff655d08192b7e34f37d1,DM102N15A2,,,66,ZGD102S5,4
91b8f8a911bff655d08192b7e34f37d1,D3CG102,11J07,,66,ZGD102S5,4
91b8f8a911bff655d08192b7e34f37d1,D3CG102N,,,66,ZGD102S5,4
91b8f8a911bff655d08192b7e34f37d1,DCG102 (Daikin),,,66,ZGD102S5,4
91b8f8a911bff655d08192b7e34f37d1,PGE102H,,,66,ZGD102S5,4
91b8f8a911bff655d08192b7e34f37d1,D4CG102N,,,66,ZGD102S5,4
91b8f8a911bff655d08192b7e34f37d1,DM102N10A2,,,66,ZGD102S5,4
91b8f8a911bff655d08192b7e34f37d1,RKNL-C102Y,,,66,ZGD102S5,4
91b8f8a911bff655d08192b7e34f37d1,RKNL-C102C,,,66,ZGD102S5,4
91b8f8a911bff655d08192b7e34f37d1,RGS101,no Transition Curb needed,,66,ZGD102S5,4
91b8f8a911bff655d08192b7e34f37d1,RKNL-H102C,,,66,ZGD102S5,4
91b8f8a911bff655d08192b7e34f37d1,PGH102,,,66,ZGD102S5,4
91b8f8a911bff655d08192b7e34f37d1,RKKB-A102,,,66,ZGD102S5,4
91b8f8a911bff655d08192b7e34f37d1,RGS102,no Transition Curb needed,,66,ZGD102S5,4
91b8f8a911bff655d08192b7e34f37d1,PGE102S,,,66,ZGD102S5,4
91b8f8a911bff655d08192b7e34f37d1,PGE102L,,,66,ZGD102S5,4
91b8f8a911bff655d08192b7e34f37d1,RKNL-C102D,,,66,ZGD102S5,4
91b8f8a911bff655d08192b7e34f37d1,RRGF-200085CKR,,,66,ZGD102S5,4
91b8f8a911bff655d08192b7e34f37d1,RKNL-H102D,,,66,ZGD102S5,4
91b8f8a911bff655d08192b7e34f37d1,RKNL102D,,,66,ZGD102S5,4
91b8f8a911bff655d08192b7e34f37d1,RKNL102C,,,66,ZGD102S5,4
91b8f8a911bff655d08192b7e34f37d1,RKNL-H102Y,,,66,ZGD102S5,4
91b8f8a911bff655d08192b7e34f37d1,RRGF-200085YKR,,,66,ZGD102S5,4
91b8f8a911bff655d08192b7e34f37d1,RRGF-200085DKR,,,66,ZGD102S5,4
91b8f8a911bff655d08192b7e34f37d1,TGA102S2BM,,,66,ZGD102S5,4
91b8f8a911bff655d08192b7e34f37d1,RKNL102Y,,,66,ZGD102S5,4
91b8f8a911bff655d08192b7e34f37d1,TGA102S2BH,,,66,ZGD102S5,4
91b8f8a911bff655d08192b7e34f37d1,YCD102C,11J05,,66,ZGD102S5,4
91b8f8a911bff655d08192b7e34f37d1,YCH102,,,66,ZGD102S5,4
91b8f8a911bff655d08192b7e34f37d1,TGA102S2BS,,,66,ZGD102S5,4
91b8f8a911bff655d08192b7e34f37d1,YCH103,,,66,ZGD102S5,4
91b8f8a911bff655d08192b7e34f37d1,YHC102E,,,66,ZGD102S5,4
91b8f8a911bff655d08192b7e34f37d1,YCD102B,11J06,,66,ZGD102S5,4
91b8f8a911bff655d08192b7e34f37d1,YCD102A,11J06,,66,ZGD102S5,4
91b8f8a911bff655d08192b7e34f37d1,YCH091,Ducting Transition may be required.,,65,ZGD092S5,4
91b8f8a911bff655d08192b7e34f37d1,GPD090H200,,,65,ZGD092S5,4
91b8f8a911bff655d08192b7e34f37d1,580JJ08,no Transition Curb needed,,65,ZGD092S5,4
91b8f8a911bff655d08192b7e34f37d1,48TFD008,no Transition Curb needed,,65,ZGD092S5,4
91b8f8a911bff655d08192b7e34f37d1,48LCD007,no Transition Curb needed,,65,ZGD092S5,4
91b8f8a911bff655d08192b7e34f37d1,48HCMF08,no Transition Curb needed,,65,ZGD092S5,4
91b8f8a911bff655d08192b7e34f37d1,250SBC90,,,65,ZGD092S5,4
91b8f8a911bff655d08192b7e34f37d1,PGC090195-4,,,65,ZGD092S5,4
91b8f8a911bff655d08192b7e34f37d1,48HCMA08,no Transition Curb needed,,65,ZGD092S5,4
91b8f8a911bff655d08192b7e34f37d1,580DE090,no Transition Curb needed,,65,ZGD092S5,4
91b8f8a911bff655d08192b7e34f37d1,48HCSF08,no Transition Curb needed,,65,ZGD092S5,4
91b8f8a911bff655d08192b7e34f37d1,580JP08,no Transition Curb needed,,65,ZGD092S5,4
91b8f8a911bff655d08192b7e34f37d1,580CPV090,no Transition Curb needed,,65,ZGD092S5,4
91b8f8a911bff655d08192b7e34f37d1,581JP08,no Transition Curb needed,,65,ZGD092S5,4
91b8f8a911bff655d08192b7e34f37d1,580JT08,no Transition Curb needed,,65,ZGD092S5,4
91b8f8a911bff655d08192b7e34f37d1,580CEV090,no Transition Curb needed,,65,ZGD092S5,4
91b8f8a911bff655d08192b7e34f37d1,580CJV090,no Transition Curb needed,,65,ZGD092S5,4
91b8f8a911bff655d08192b7e34f37d1,580CTV090,no Transition Curb needed,,65,ZGD092S5,4
91b8f8a911bff655d08192b7e34f37d1,48GJE008,no Transition Curb needed,,65,ZGD092S5,4
91b8f8a911bff655d08192b7e34f37d1,580JE08,no Transition Curb needed,,65,ZGD092S5,4
91b8f8a911bff655d08192b7e34f37d1,48LJF008-5,no Transition Curb needed,,65,ZGD092S5,4
91b8f8a911bff655d08192b7e34f37d1,48TJE008-6,no Transition Curb needed,,65,ZGD092S5,4
91b8f8a911bff655d08192b7e34f37d1,581JE08,no Transition Curb needed,,65,ZGD092S5,4
91b8f8a911bff655d08192b7e34f37d1,581JT08,no Transition Curb needed,,65,ZGD092S5,4
91b8f8a911bff655d08192b7e34f37d1,48GJD008,no Transition Curb needed,,65,ZGD092S5,4
91b8f8a911bff655d08192b7e34f37d1,48TJE008-5,no Transition Curb needed,,65,ZGD092S5,4
91b8f8a911bff655d08192b7e34f37d1,48GJF008,no Transition Curb needed,,65,ZGD092S5,4
91b8f8a911bff655d08192b7e34f37d1,581JJ08,no Transition Curb needed,,65,ZGD092S5,4
91b8f8a911bff655d08192b7e34f37d1,48HCRA08,no Transition Curb needed,,65,ZGD092S5,4
91b8f8a911bff655d08192b7e34f37d1,48HCRF08,no Transition Curb needed,,65,ZGD092S5,4
91b8f8a911bff655d08192b7e34f37d1,48TJD008-6,no Transition Curb needed,,65,ZGD092S5,4
91b8f8a911bff655d08192b7e34f37d1,580F*V090,no Transition Curb needed,,65,ZGD092S5,4
91b8f8a911bff655d08192b7e34f37d1,48LJF008-1,no Transition Curb needed,,65,ZGD092S5,4
91b8f8a911bff655d08192b7e34f37d1,48HCSG08,no Transition Curb needed,,65,ZGD092S5,4
91b8f8a911bff655d08192b7e34f37d1,580CBV090,no Transition Curb needed,,65,ZGD092S5,4
91b8f8a911bff655d08192b7e34f37d1,48LJF008-6,no Transition Curb needed,,65,ZGD092S5,4
91b8f8a911bff655d08192b7e34f37d1,48TJF008-5,no Transition Curb needed,,65,ZGD092S5,4
91b8f8a911bff655d08192b7e34f37d1,48TJF008-6,no Transition Curb needed,,65,ZGD092S5,4
91b8f8a911bff655d08192b7e34f37d1,48HCRB08,no Transition Curb needed,,65,ZGD092S5,4
91b8f8a911bff655d08192b7e34f37d1,48HCTG08,no Transition Curb needed,,65,ZGD092S5,4
91b8f8a911bff655d08192b7e34f37d1,48HCRE08,no Transition Curb needed,,65,ZGD092S5,4
91b8f8a911bff655d08192b7e34f37d1,580F*V091,no Transition Curb needed,,65,ZGD092S5,4
91b8f8a911bff655d08192b7e34f37d1,48HCRD08,no Transition Curb needed,,65,ZGD092S5,4
91b8f8a911bff655d08192b7e34f37d1,48HCTE08,no Transition Curb needed,,65,ZGD092S5,4
91b8f8a911bff655d08192b7e34f37d1,48HCRG08,no Transition Curb needed,,65,ZGD092S5,4
91b8f8a911bff655d08192b7e34f37d1,48HCTB08,no Transition Curb needed,,65,ZGD092S5,4
91b8f8a911bff655d08192b7e34f37d1,48HCTA08,no Transition Curb needed,,65,ZGD092S5,4
91b8f8a911bff655d08192b7e34f37d1,48HCTD08,no Transition Curb needed,,65,ZGD092S5,4
91b8f8a911bff655d08192b7e34f37d1,48LJF008,no Transition Curb needed,,65,ZGD092S5,4
91b8f8a911bff655d08192b7e34f37d1,48TCFD08A1A6,,,65,ZGD092S5,4
91b8f8a911bff655d08192b7e34f37d1,48LJD008-1,no Transition Curb needed,,65,ZGD092S5,4
91b8f8a911bff655d08192b7e34f37d1,48LJD008-5,no Transition Curb needed,,65,ZGD092S5,4
91b8f8a911bff655d08192b7e34f37d1,48LJD008-6,no Transition Curb needed,,65,ZGD092S5,4
91b8f8a911bff655d08192b7e34f37d1,48LJE008-5,no Transition Curb needed,,65,ZGD092S5,4
91b8f8a911bff655d08192b7e34f37d1,48LJE008,no Transition Curb needed,,65,ZGD092S5,4
91b8f8a911bff655d08192b7e34f37d1,48LJD008,no Transition Curb needed,,65,ZGD092S5,4
91b8f8a911bff655d08192b7e34f37d1,48LJE008-6,no Transition Curb needed,,65,ZGD092S5,4
91b8f8a911bff655d08192b7e34f37d1,48HCTF08,no Transition Curb needed,,65,ZGD092S5,4
91b8f8a911bff655d08192b7e34f37d1,CPG090140,,,65,ZGD092S5,4
91b8f8a911bff655d08192b7e34f37d1,48TCFD08A1A5,,,65,ZGD092S5,4
91b8f8a911bff655d08192b7e34f37d1,CPG090210,,,65,ZGD092S5,4
91b8f8a911bff655d08192b7e34f37d1,CPG090045,,,65,ZGD092S5,4
91b8f8a911bff655d08192b7e34f37d1,CPG090400,,,65,ZGD092S5,4
91b8f8a911bff655d08192b7e34f37d1,48LJE008-1,no Transition Curb needed,,65,ZGD092S5,4
91b8f8a911bff655d08192b7e34f37d1,CPG090090,,,65,ZGD092S5,4
91b8f8a911bff655d08192b7e34f37d1,DCG090 (Daikin),,,65,ZGD092S5,4
91b8f8a911bff655d08192b7e34f37d1,CPG090350,,,65,ZGD092S5,4
91b8f8a911bff655d08192b7e34f37d1,CPG090115,,,65,ZGD092S5,4
91b8f8a911bff655d08192b7e34f37d1,PGS090L125A,,,65,ZGD092S5,4
91b8f8a911bff655d08192b7e34f37d1,PGS090H125A,,,65,ZGD092S5,4
91b8f8a911bff655d08192b7e34f37d1,PGS090H224A,,,65,ZGD092S5,4
91b8f8a911bff655d08192b7e34f37d1,PGE090H,,,65,ZGD092S5,4
91b8f8a911bff655d08192b7e34f37d1,PGS090L224A,,,65,ZGD092S5,4
91b8f8a911bff655d08192b7e34f37d1,RGS090,no Transition Curb needed,,65,ZGD092S5,4
91b8f8a911bff655d08192b7e34f37d1,PGH090,,,65,ZGD092S5,4
91b8f8a911bff655d08192b7e34f37d1,TGA090S2BS,,,65,ZGD092S5,4
91b8f8a911bff655d08192b7e34f37d1,TGA090S2BM,,,65,ZGD092S5,4
91b8f8a911bff655d08192b7e34f37d1,PGE090S,,,65,ZGD092S5,4
91b8f8a911bff655d08192b7e34f37d1,PGE090L,no Transition Curb needed,,65,ZGD092S5,4
91b8f8a911bff655d08192b7e34f37d1,48TCDD08A1A5,,,65,ZGD092S5,4
91b8f8a911bff655d08192b7e34f37d1,48TCDD08A1A1,,,65,ZGD092S5,4
91b8f8a911bff655d08192b7e34f37d1,48TCDD08A1A6,,,65,ZGD092S5,4
91b8f8a911bff655d08192b7e34f37d1,48TCFD08A1A1,,,65,ZGD092S5,4
91b8f8a911bff655d08192b7e34f37d1,48TME008,no Transition Curb needed,,65,ZGD092S5,4
91b8f8a911bff655d08192b7e34f37d1,48TMF008,no Transition Curb needed,,65,ZGD092S5,4
91b8f8a911bff655d08192b7e34f37d1,48TMD008,no Transition Curb needed,,65,ZGD092S5,4
91b8f8a911bff655d08192b7e34f37d1,48HCSE08,no Transition Curb needed,,65,ZGD092S5,4
91b8f8a911bff655d08192b7e34f37d1,48HCSB08,no Transition Curb needed,,65,ZGD092S5,4
91b8f8a911bff655d08192b7e34f37d1,48TCD008,,,65,ZGD092S5,4
91b8f8a911bff655d08192b7e34f37d1,48TMM008,no Transition Curb needed,,65,ZGD092S5,4
91b8f8a911bff655d08192b7e34f37d1,48TFF008,no Transition Curb needed,,65,ZGD092S5,4
91b8f8a911bff655d08192b7e34f37d1,48TCF008,,,65,ZGD092S5,4
91b8f8a911bff655d08192b7e34f37d1,48TML008,no Transition Curb needed,,65,ZGD092S5,4
91b8f8a911bff655d08192b7e34f37d1,48TFE008,no Transition Curb needed,,65,ZGD092S5,4
91b8f8a911bff655d08192b7e34f37d1,48TCE008,,,65,ZGD092S5,4
91b8f8a911bff655d08192b7e34f37d1,48TMN008,no Transition Curb needed,,65,ZGD092S5,4
91b8f8a911bff655d08192b7e34f37d1,48DJD008,no Transition Curb needed,,65,ZGD092S5,4
91b8f8a911bff655d08192b7e34f37d1,48HJE008,no Transition Curb needed,,65,ZGD092S5,4
91b8f8a911bff655d08192b7e34f37d1,581EP090,no Transition Curb needed,,65,ZGD092S5,4
91b8f8a911bff655d08192b7e34f37d1,48LCE007,no Transition Curb needed,,65,ZGD092S5,4
91b8f8a911bff655d08192b7e34f37d1,48HJS008,no Transition Curb needed,,65,ZGD092S5,4
91b8f8a911bff655d08192b7e34f37d1,48HJD008,no Transition Curb needed,,65,ZGD092S5,4
91b8f8a911bff655d08192b7e34f37d1,48HJF008,no Transition Curb needed,,65,ZGD092S5,4
91b8f8a911bff655d08192b7e34f37d1,581TP090,no Transition Curb needed,,65,ZGD092S5,4
91b8f8a911bff655d08192b7e34f37d1,48DJE008,no Transition Curb needed,,65,ZGD092S5,4
91b8f8a911bff655d08192b7e34f37d1,581BE090,no Transition Curb needed,,65,ZGD092S5,4
91b8f8a911bff655d08192b7e34f37d1,580FT091,no Transition Curb needed,,65,ZGD092S5,4
91b8f8a911bff655d08192b7e34f37d1,48LCF007,no Transition Curb needed,,65,ZGD092S5,4
91b8f8a911bff655d08192b7e34f37d1,580DT090,no Transition Curb needed,,65,ZGD092S5,4
91b8f8a911bff655d08192b7e34f37d1,48HJR008,no Transition Curb needed,,65,ZGD092S5,4
91b8f8a911bff655d08192b7e34f37d1,48LCS007,no Transition Curb needed,,65,ZGD092S5,4
91b8f8a911bff655d08192b7e34f37d1,48LCR007,no Transition Curb needed,,65,ZGD092S5,4
91b8f8a911bff655d08192b7e34f37d1,581BT090,no Transition Curb needed,,65,ZGD092S5,4
91b8f8a911bff655d08192b7e34f37d1,580DP090,no Transition Curb needed,,65,ZGD092S5,4
91b8f8a911bff655d08192b7e34f37d1,581BP090,no Transition Curb needed,,65,ZGD092S5,4
91b8f8a911bff655d08192b7e34f37d1,48LCT007,no Transition Curb needed,,65,ZGD092S5,4
91b8f8a911bff655d08192b7e34f37d1,580FE090,no Transition Curb needed,,65,ZGD092S5,4
91b8f8a911bff655d08192b7e34f37d1,48TJE008-,no Transition Curb needed,,65,ZGD092S5,4
91b8f8a911bff655d08192b7e34f37d1,580FT090,no Transition Curb needed,,65,ZGD092S5,4
91b8f8a911bff655d08192b7e34f37d1,580FP091,no Transition Curb needed,,65,ZGD092S5,4
91b8f8a911bff655d08192b7e34f37d1,48TJF008-,no Transition Curb needed,,65,ZGD092S5,4
91b8f8a911bff655d08192b7e34f37d1,580FP090,no Transition Curb needed,,65,ZGD092S5,4
91b8f8a911bff655d08192b7e34f37d1,48TJD008-,no Transition Curb needed,,65,ZGD092S5,4
91b8f8a911bff655d08192b7e34f37d1,580FE091,no Transition Curb needed,,65,ZGD092S5,4
91b8f8a911bff655d08192b7e34f37d1,48HCLF08,no Transition Curb needed,,65,ZGD092S5,4
91b8f8a911bff655d08192b7e34f37d1,48HCFF08,no Transition Curb needed,,65,ZGD092S5,4
91b8f8a911bff655d08192b7e34f37d1,48HCLE08,no Transition Curb needed,,65,ZGD092S5,4
91b8f8a911bff655d08192b7e34f37d1,48HCLB08,no Transition Curb needed,,65,ZGD092S5,4
91b8f8a911bff655d08192b7e34f37d1,48HJH008,no Transition Curb needed,,65,ZGD092S5,4
91b8f8a911bff655d08192b7e34f37d1,48HCFG08,no Transition Curb needed,,65,ZGD092S5,4
91b8f8a911bff655d08192b7e34f37d1,48HCLD08,no Transition Curb needed,,65,ZGD092S5,4
91b8f8a911bff655d08192b7e34f37d1,48HCSD08,no Transition Curb needed,,65,ZGD092S5,4
91b8f8a911bff655d08192b7e34f37d1,48HCME08,no Transition Curb needed,,65,ZGD092S5,4
91b8f8a911bff655d08192b7e34f37d1,48HCND08,no Transition Curb needed,,65,ZGD092S5,4
91b8f8a911bff655d08192b7e34f37d1,48HCMD08,no Transition Curb needed,,65,ZGD092S5,4
91b8f8a911bff655d08192b7e34f37d1,48HCLG08,no Transition Curb needed,,65,ZGD092S5,4
91b8f8a911bff655d08192b7e34f37d1,48HJT008,no Transition Curb needed,,65,ZGD092S5,4
91b8f8a911bff655d08192b7e34f37d1,48HCLA08,no Transition Curb needed,,65,ZGD092S5,4
91b8f8a911bff655d08192b7e34f37d1,48HCMB08,no Transition Curb needed,,65,ZGD092S5,4
91b8f8a911bff655d08192b7e34f37d1,48HCNA08,no Transition Curb needed,,65,ZGD092S5,4
91b8f8a911bff655d08192b7e34f37d1,48HCNG08,no Transition Curb needed,,65,ZGD092S5,4
91b8f8a911bff655d08192b7e34f37d1,48HCFA08,no Transition Curb needed,,65,ZGD092S5,4
91b8f8a911bff655d08192b7e34f37d1,48HC-A08,no Transition Curb needed,,65,ZGD092S5,4
91b8f8a911bff655d08192b7e34f37d1,48HCFB08,no Transition Curb needed,,65,ZGD092S5,4
91b8f8a911bff655d08192b7e34f37d1,48HJL008,no Transition Curb needed,,65,ZGD092S5,4
91b8f8a911bff655d08192b7e34f37d1,48HCNE08,no Transition Curb needed,,65,ZGD092S5,4
91b8f8a911bff655d08192b7e34f37d1,48HCNF08,no Transition Curb needed,,65,ZGD092S5,4
91b8f8a911bff655d08192b7e34f37d1,48HCMG08,no Transition Curb needed,,65,ZGD092S5,4
91b8f8a911bff655d08192b7e34f37d1,48HCNB08,no Transition Curb needed,,65,ZGD092S5,4
91b8f8a911bff655d08192b7e34f37d1,48HCFD08,no Transition Curb needed,,65,ZGD092S5,4
91b8f8a911bff655d08192b7e34f37d1,48HCFE08,no Transition Curb needed,,65,ZGD092S5,4
91b8f8a911bff655d08192b7e34f37d1,48HCDE08,no Transition Curb needed,,65,ZGD092S5,4
91b8f8a911bff655d08192b7e34f37d1,48HCEB08,no Transition Curb needed,,65,ZGD092S5,4
91b8f8a911bff655d08192b7e34f37d1,48HC-F08,no Transition Curb needed,,65,ZGD092S5,4
91b8f8a911bff655d08192b7e34f37d1,48HJK008,no Transition Curb needed,,65,ZGD092S5,4
91b8f8a911bff655d08192b7e34f37d1,48HCSA08,no Transition Curb needed,,65,ZGD092S5,4
91b8f8a911bff655d08192b7e34f37d1,48HJN008,no Transition Curb needed,,65,ZGD092S5,4
91b8f8a911bff655d08192b7e34f37d1,48HC-B08,no Transition Curb needed,,65,ZGD092S5,4
91b8f8a911bff655d08192b7e34f37d1,48HJM008,no Transition Curb needed,,65,ZGD092S5,4
91b8f8a911bff655d08192b7e34f37d1,48HCDD08,no Transition Curb needed,,65,ZGD092S5,4
91b8f8a911bff655d08192b7e34f37d1,48HC-E08,no Transition Curb needed,,65,ZGD092S5,4
91b8f8a911bff655d08192b7e34f37d1,48HCDF08,no Transition Curb needed,,65,ZGD092S5,4
91b8f8a911bff655d08192b7e34f37d1,48HCDG08,no Transition Curb needed,,65,ZGD092S5,4
91b8f8a911bff655d08192b7e34f37d1,48HCEA08,no Transition Curb needed,,65,ZGD092S5,4
91b8f8a911bff655d08192b7e34f37d1,48HCDA08,no Transition Curb needed,,65,ZGD092S5,4
91b8f8a911bff655d08192b7e34f37d1,48HJG008,no Transition Curb needed,,65,ZGD092S5,4
91b8f8a911bff655d08192b7e34f37d1,48HC-D08,no Transition Curb needed,,65,ZGD092S5,4
91b8f8a911bff655d08192b7e34f37d1,48HC-G08,no Transition Curb needed,,65,ZGD092S5,4
91b8f8a911bff655d08192b7e34f37d1,48LCD008,,,65,ZGD092S5,4
91b8f8a911bff655d08192b7e34f37d1,R6GP-090D-200CA,,,65,ZGD092S5,4
91b8f8a911bff655d08192b7e34f37d1,48HCDB08,no Transition Curb needed,,65,ZGD092S5,4
91b8f8a911bff655d08192b7e34f37d1,PGC090195-3,,,65,ZGD092S5,4
91b8f8a911bff655d08192b7e34f37d1,DM090N15A4,,,65,ZGD092S5,4
91b8f8a911bff655d08192b7e34f37d1,48HCEE08,no Transition Curb needed,,65,ZGD092S5,4
91b8f8a911bff655d08192b7e34f37d1,48HCED08,no Transition Curb needed,,65,ZGD092S5,4
91b8f8a911bff655d08192b7e34f37d1,RKNL090C,,,65,ZGD092S5,4
91b8f8a911bff655d08192b7e34f37d1,DM090N15A5,,,65,ZGD092S5,4
91b8f8a911bff655d08192b7e34f37d1,48HCEG08,no Transition Curb needed,,65,ZGD092S5,4
91b8f8a911bff655d08192b7e34f37d1,48HCEF08,no Transition Curb needed,,65,ZGD092S5,4
91b8f8a911bff655d08192b7e34f37d1,DM090N15A2,,,65,ZGD092S5,4
91b8f8a911bff655d08192b7e34f37d1,RKNL-G090C,,,65,ZGD092S5,4
91b8f8a911bff655d08192b7e34f37d1,RKNL-C090Y,,,65,ZGD092S5,4
91b8f8a911bff655d08192b7e34f37d1,RKNL090D,,,65,ZGD092S5,4
91b8f8a911bff655d08192b7e34f37d1,RKNL-H090D,,,65,ZGD092S5,4
91b8f8a911bff655d08192b7e34f37d1,RKNL-C090C,,,65,ZGD092S5,4
91b8f8a911bff655d08192b7e34f37d1,RKNL-H090C,,,65,ZGD092S5,4
91b8f8a911bff655d08192b7e34f37d1,RKNL-G090D,,,65,ZGD092S5,4
91b8f8a911bff655d08192b7e34f37d1,RKNL090Y,,,65,ZGD092S5,4
91b8f8a911bff655d08192b7e34f37d1,RKNL-C090D,,,65,ZGD092S5,4
91b8f8a911bff655d08192b7e34f37d1,RRGF-200085D,,,65,ZGD092S5,4
91b8f8a911bff655d08192b7e34f37d1,"YCD090(A,B,C or D)",11J05,,65,ZGD092S5,4
91b8f8a911bff655d08192b7e34f37d1,RRGF-250085Y,,,65,ZGD092S5,4
91b8f8a911bff655d08192b7e34f37d1,GPD090S200,,,65,ZGD092S5,4
91b8f8a911bff655d08192b7e34f37d1,RRGF-250085C,,,65,ZGD092S5,4
91b8f8a911bff655d08192b7e34f37d1,RRGF-250085D,,,65,ZGD092S5,4
91b8f8a911bff655d08192b7e34f37d1,GPD090L200,,,65,ZGD092S5,4
91b8f8a911bff655d08192b7e34f37d1,RRGF-200085Y,,,65,ZGD092S5,4
91b8f8a911bff655d08192b7e34f37d1,RRGF-200085C,,,65,ZGD092S5,4
91b8f8a911bff655d08192b7e34f37d1,YCD091,,,65,ZGD092S5,4
91b8f8a911bff655d08192b7e34f37d1,48LCF008,,,65,ZGD092S5,4
91b8f8a911bff655d08192b7e34f37d1,DM090N10A5,,,65,ZGD092S5,4
91b8f8a911bff655d08192b7e34f37d1,48LCE008,,,65,ZGD092S5,4
91b8f8a911bff655d08192b7e34f37d1,DM090N10A4,,,65,ZGD092S5,4
91b8f8a911bff655d08192b7e34f37d1,RKNL-H090Y,,,65,ZGD092S5,4
91b8f8a911bff655d08192b7e34f37d1,DM090N10A2,,,65,ZGD092S5,4
91b8f8a911bff655d08192b7e34f37d1,48LCR008,,,65,ZGD092S5,4
91b8f8a911bff655d08192b7e34f37d1,48LCT008,,,65,ZGD092S5,4
91b8f8a911bff655d08192b7e34f37d1,48LCS008,,,65,ZGD092S5,4
91b8f8a911bff655d08192b7e34f37d1,YCH090,Ducting Transition may be required.,,65,ZGD092S5,4
91b8f8a911bff655d08192b7e34f37d1,48LH008,,,65,ZGD092S5,4
91b8f8a911bff655d08192b7e34f37d1,48LD008,,,65,ZGD092S5,4
91b8f8a911bff655d08192b7e34f37d1,48HD008,,,65,ZGD092S5,4
91b8f8a911bff655d08192b7e34f37d1,48HH008,,,65,ZGD092S5,4
91b8f8a911bff655d08192b7e34f37d1,D4CG090N,,,65,ZGD092S5,4
91b8f8a911bff655d08192b7e34f37d1,D3CG090N,,,65,ZGD092S5,4
91b8f8a911bff655d08192b7e34f37d1,GCS11-953-175,11J01,,65,ZGD092S5,4
91b8f8a911bff655d08192b7e34f37d1,GPF090,,,65,ZGD092S5,4
91b8f8a911bff655d08192b7e34f37d1,GCS3-953-125,11J03,,65,ZGD092S5,4
91b8f8a911bff655d08192b7e34f37d1,GCS3-953-250,11J03,,65,ZGD092S5,4
91b8f8a911bff655d08192b7e34f37d1,D2CG090,11J07,,65,ZGD092S5,4
91b8f8a911bff655d08192b7e34f37d1,YHC092F,,,65,ZGD092S5,4
91b8f8a911bff655d08192b7e34f37d1,D3CG090,11J07,,65,ZGD092S5,4
91b8f8a911bff655d08192b7e34f37d1,RKKB-A090,,,65,ZGD092S5,4
91b8f8a911bff655d08192b7e34f37d1,YHC092A,,,65,ZGD092S5,4
91b8f8a911bff655d08192b7e34f37d1,YHC092E,,,65,ZGD092S5,4
91b8f8a911bff655d08192b7e34f37d1,D1CG090,11J07,,65,ZGD092S5,4
91b8f8a911bff655d08192b7e34f37d1,DL-07S,,,65,ZGD092S5,4
91b8f8a911bff655d08192b7e34f37d1,DL-07N,,,65,ZGD092S5,4
91b8f8a911bff655d08192b7e34f37d1,579DP090,,,65,ZGD092S5,4
91b8f8a911bff655d08192b7e34f37d1,579C090,,,65,ZGD092S5,4
91b8f8a911bff655d08192b7e34f37d1,579DE090,,,65,ZGD092S5,4
91b8f8a911bff655d08192b7e34f37d1,581BPV090,,,65,ZGD092S5,4
91b8f8a911bff655d08192b7e34f37d1,48TCFD08,no Transition Curb needed,,,ZGD092S5,4
91b8f8a911bff655d08192b7e34f37d1,PGB090 (ICP),,,65,ZGD092S5,4
91b8f8a911bff655d08192b7e34f37d1,PGS090S224A,,,,ZGD092S5,4
91b8f8a911bff655d08192b7e34f37d1,GCS16-090-200,31B68,,65,ZGD092S5,4
91b8f8a911bff655d08192b7e34f37d1,48TCED08,no Transition Curb needed,,65,ZGD092S5,4
91b8f8a911bff655d08192b7e34f37d1,GCS24-953-200,31B68,,65,ZGD092S5,4
91b8f8a911bff655d08192b7e34f37d1,GCS16-953-200,31B68,,65,ZGD092S5,4
91b8f8a911bff655d08192b7e34f37d1,DM078N10A5,,,64,ZGD074S5,4
91b8f8a911bff655d08192b7e34f37d1,PGS072H074,no Transition Curb needed,,64,ZGD074S5,4
91b8f8a911bff655d08192b7e34f37d1,48HJF007-6,no Transition Curb needed,,64,ZGD074S5,4
91b8f8a911bff655d08192b7e34f37d1,PGB075G2H,,,64,ZGD074S5,4
91b8f8a911bff655d08192b7e34f37d1,48TME007,no Transition Curb needed,,64,ZGD074S5,4
91b8f8a911bff655d08192b7e34f37d1,48TCF007,no Transition Curb needed,,64,ZGD074S5,4
91b8f8a911bff655d08192b7e34f37d1,48TM007,no Transition Curb needed,,64,ZGD074S5,4
91b8f8a911bff655d08192b7e34f37d1,48LJE007,no Transition Curb needed,,64,ZGD074S5,4
91b8f8a911bff655d08192b7e34f37d1,48TCF-007,no Transition Curb needed,,64,ZGD074S5,4
91b8f8a911bff655d08192b7e34f37d1,48LJF007,no Transition Curb needed,,64,ZGD074S5,4
91b8f8a911bff655d08192b7e34f37d1,48LJD007,no Transition Curb needed,,64,ZGD074S5,4
91b8f8a911bff655d08192b7e34f37d1,48TJD007,no Transition Curb needed,,64,ZGD074S5,4
91b8f8a911bff655d08192b7e34f37d1,48TJE007,no Transition Curb needed,,64,ZGD074S5,4
91b8f8a911bff655d08192b7e34f37d1,48HC07,no Transition Curb needed,,64,ZGD074S5,4
91b8f8a911bff655d08192b7e34f37d1,48TCE-007,no Transition Curb needed,,64,ZGD074S5,4
91b8f8a911bff655d08192b7e34f37d1,48TJF007,no Transition Curb needed,,64,ZGD074S5,4
91b8f8a911bff655d08192b7e34f37d1,48TCD-007,no Transition Curb needed,,64,ZGD074S5,4
91b8f8a911bff655d08192b7e34f37d1,48DJE007,no Transition Curb needed,,64,ZGD074S5,4
91b8f8a911bff655d08192b7e34f37d1,48TFF007,no Transition Curb needed,,64,ZGD074S5,4
91b8f8a911bff655d08192b7e34f37d1,48TCD007,no Transition Curb needed,,64,ZGD074S5,4
91b8f8a911bff655d08192b7e34f37d1,48TF007,no Transition Curb needed,,64,ZGD074S5,4
91b8f8a911bff655d08192b7e34f37d1,48TFD007,no Transition Curb needed,,64,ZGD074S5,4
91b8f8a911bff655d08192b7e34f37d1,48HME007,no Transition Curb needed,,64,ZGD074S5,4
91b8f8a911bff655d08192b7e34f37d1,48TCE007,no Transition Curb needed,,64,ZGD074S5,4
91b8f8a911bff655d08192b7e34f37d1,48DJD007,no Transition Curb needed,,64,ZGD074S5,4
91b8f8a911bff655d08192b7e34f37d1,PGE072,no Transition Curb needed,,64,ZGD074S5,4
91b8f8a911bff655d08192b7e34f37d1,48HMD007,no Transition Curb needed,,64,ZGD074S5,4
91b8f8a911bff655d08192b7e34f37d1,48TFE007,no Transition Curb needed,,64,ZGD074S5,4
91b8f8a911bff655d08192b7e34f37d1,CPG0721407B,,,64,ZGD074S5,4
91b8f8a911bff655d08192b7e34f37d1,R6GP-072C-100DA,,,64,ZGD074S5,4
91b8f8a911bff655d08192b7e34f37d1,CPG0721403B,,,64,ZGD074S5,4
91b8f8a911bff655d08192b7e34f37d1,48TC07,no Transition Curb needed,,64,ZGD074S5,4
91b8f8a911bff655d08192b7e34f37d1,580F072,no Transition Curb needed,,64,ZGD074S5,4
91b8f8a911bff655d08192b7e34f37d1,R6GP-072C-166CA,,,64,ZGD074S5,4
91b8f8a911bff655d08192b7e34f37d1,R6GP-072C-166DA,,,64,ZGD074S5,4
91b8f8a911bff655d08192b7e34f37d1,R6GP-072C-100CA,,,64,ZGD074S5,4
91b8f8a911bff655d08192b7e34f37d1,DCG072 (Daikin),,,64,ZGD074S5,4
91b8f8a911bff655d08192b7e34f37d1,CPG072,,,64,ZGD074S5,4
91b8f8a911bff655d08192b7e34f37d1,48DJ007,no Transition Curb needed,,64,ZGD074S5,4
91b8f8a911bff655d08192b7e34f37d1,580FPV072074,no Transition Curb needed,,64,ZGD074S5,4
91b8f8a911bff655d08192b7e34f37d1,580DTV072150,no Transition Curb needed,,64,ZGD074S5,4
91b8f8a911bff655d08192b7e34f37d1,581B072,no Transition Curb needed,,64,ZGD074S5,4
91b8f8a911bff655d08192b7e34f37d1,CPG0721404B,,,64,ZGD074S5,4
91b8f8a911bff655d08192b7e34f37d1,48TJ007,no Transition Curb needed,,64,ZGD074S5,4
91b8f8a911bff655d08192b7e34f37d1,48TCDA07,no Transition Curb needed,,64,ZGD074S5,4
91b8f8a911bff655d08192b7e34f37d1,48HJ007,no Transition Curb needed,,64,ZGD074S5,4
91b8f8a911bff655d08192b7e34f37d1,580DTV072115,no Transition Curb needed,,64,ZGD074S5,4
91b8f8a911bff655d08192b7e34f37d1,580FPV072115,no Transition Curb needed,,64,ZGD074S5,4
91b8f8a911bff655d08192b7e34f37d1,PGS072,no Transition Curb needed,,64,ZGD074S5,4
91b8f8a911bff655d08192b7e34f37d1,48LJ007,no Transition Curb needed,,64,ZGD074S5,4
91b8f8a911bff655d08192b7e34f37d1,YCD075C,,,64,ZGD074S5,4
91b8f8a911bff655d08192b7e34f37d1,581BPV072,no Transition Curb needed,,64,ZGD074S5,4
91b8f8a911bff655d08192b7e34f37d1,580FEV072074,no Transition Curb needed,,64,ZGD074S5,4
91b8f8a911bff655d08192b7e34f37d1,580FPV072150,no Transition Curb needed,,64,ZGD074S5,4
91b8f8a911bff655d08192b7e34f37d1,580FEV072150,no Transition Curb needed,,64,ZGD074S5,4
91b8f8a911bff655d08192b7e34f37d1,580FEV072115,no Transition Curb needed,,64,ZGD074S5,4
91b8f8a911bff655d08192b7e34f37d1,580DTV072074,no Transition Curb needed,,64,ZGD074S5,4
91b8f8a911bff655d08192b7e34f37d1,YCD075CWL,,,64,ZGD074S5,4
91b8f8a911bff655d08192b7e34f37d1,580DEV072074,no Transition Curb needed,,64,ZGD074S5,4
91b8f8a911bff655d08192b7e34f37d1,YCD075C4L,,,64,ZGD074S5,4
91b8f8a911bff655d08192b7e34f37d1,48DJD007-1,no Transition Curb needed,,64,ZGD074S5,4
91b8f8a911bff655d08192b7e34f37d1,48DJE007-6,no Transition Curb needed,,64,ZGD074S5,4
91b8f8a911bff655d08192b7e34f37d1,580D072,no Transition Curb needed,,64,ZGD074S5,4
91b8f8a911bff655d08192b7e34f37d1,48HJD007-1,no Transition Curb needed,,64,ZGD074S5,4
91b8f8a911bff655d08192b7e34f37d1,48LJD007-1,no Transition Curb needed,,64,ZGD074S5,4
91b8f8a911bff655d08192b7e34f37d1,YCD075C3L,,,64,ZGD074S5,4
91b8f8a911bff655d08192b7e34f37d1,48TFD007--6,no Transition Curb needed,,64,ZGD074S5,4
91b8f8a911bff655d08192b7e34f37d1,581BEV072072,no Transition Curb needed,,64,ZGD074S5,4
91b8f8a911bff655d08192b7e34f37d1,580JP07A072,no Transition Curb needed,,64,ZGD074S5,4
91b8f8a911bff655d08192b7e34f37d1,48HJD007-6,no Transition Curb needed,,64,ZGD074S5,4
91b8f8a911bff655d08192b7e34f37d1,48TMD007-6,no Transition Curb needed,,64,ZGD074S5,4
91b8f8a911bff655d08192b7e34f37d1,48LJD007-6,no Transition Curb needed,,64,ZGD074S5,4
91b8f8a911bff655d08192b7e34f37d1,48HMD007-6,no Transition Curb needed,,64,ZGD074S5,4
91b8f8a911bff655d08192b7e34f37d1,48TJD007-6,no Transition Curb needed,,64,ZGD074S5,4
91b8f8a911bff655d08192b7e34f37d1,580JE07A072,no Transition Curb needed,,64,ZGD074S5,4
91b8f8a911bff655d08192b7e34f37d1,580JP07A150,no Transition Curb needed,,64,ZGD074S5,4
91b8f8a911bff655d08192b7e34f37d1,581JJ07,no Transition Curb needed,,64,ZGD074S5,4
91b8f8a911bff655d08192b7e34f37d1,48TMD007-1,no Transition Curb needed,,64,ZGD074S5,4
91b8f8a911bff655d08192b7e34f37d1,GR4GM-072C120C,,,64,ZGD074S5,4
91b8f8a911bff655d08192b7e34f37d1,PGB075G2S,,,64,ZGD074S5,4
91b8f8a911bff655d08192b7e34f37d1,48DJD007-5,no Transition Curb needed,,64,ZGD074S5,4
91b8f8a911bff655d08192b7e34f37d1,48DJD007-6,no Transition Curb needed,,64,ZGD074S5,4
91b8f8a911bff655d08192b7e34f37d1,580JP07A115,no Transition Curb needed,,64,ZGD074S5,4
91b8f8a911bff655d08192b7e34f37d1,GR4GM-072D120C,,,64,ZGD074S5,4
91b8f8a911bff655d08192b7e34f37d1,580DPV072150,no Transition Curb needed,,64,ZGD074S5,4
91b8f8a911bff655d08192b7e34f37d1,PGB075G2L,,,64,ZGD074S5,4
91b8f8a911bff655d08192b7e34f37d1,PGB075E2H,,,64,ZGD074S5,4
91b8f8a911bff655d08192b7e34f37d1,48TJD007-1,no Transition Curb needed,,64,ZGD074S5,4
91b8f8a911bff655d08192b7e34f37d1,48TMD007-5,no Transition Curb needed,,64,ZGD074S5,4
91b8f8a911bff655d08192b7e34f37d1,48TFD007--5,no Transition Curb needed,,64,ZGD074S5,4
91b8f8a911bff655d08192b7e34f37d1,580DPV072074,no Transition Curb needed,,64,ZGD074S5,4
91b8f8a911bff655d08192b7e34f37d1,48LJD007-5,no Transition Curb needed,,64,ZGD074S5,4
91b8f8a911bff655d08192b7e34f37d1,48TJD007-5,no Transition Curb needed,,64,ZGD074S5,4
91b8f8a911bff655d08192b7e34f37d1,580JE07A115,no Transition Curb needed,,64,ZGD074S5,4
91b8f8a911bff655d08192b7e34f37d1,580DPV072115,no Transition Curb needed,,64,ZGD074S5,4
91b8f8a911bff655d08192b7e34f37d1,48HMD007-5,no Transition Curb needed,,64,ZGD074S5,4
91b8f8a911bff655d08192b7e34f37d1,581BPV072072,no Transition Curb needed,,64,ZGD074S5,4
91b8f8a911bff655d08192b7e34f37d1,48DJE007-1,no Transition Curb needed,,64,ZGD074S5,4
91b8f8a911bff655d08192b7e34f37d1,580DEV072150,no Transition Curb needed,,64,ZGD074S5,4
91b8f8a911bff655d08192b7e34f37d1,48TJE007-5,no Transition Curb needed,,64,ZGD074S5,4
91b8f8a911bff655d08192b7e34f37d1,581JE07,no Transition Curb needed,,64,ZGD074S5,4
91b8f8a911bff655d08192b7e34f37d1,48HJE007-1,no Transition Curb needed,,64,ZGD074S5,4
91b8f8a911bff655d08192b7e34f37d1,580JE07A150,no Transition Curb needed,,64,ZGD074S5,4
91b8f8a911bff655d08192b7e34f37d1,48TJE007-6,no Transition Curb needed,,64,ZGD074S5,4
91b8f8a911bff655d08192b7e34f37d1,48HJF007-1,no Transition Curb needed,,64,ZGD074S5,4
91b8f8a911bff655d08192b7e34f37d1,48HJD007-5,no Transition Curb needed,,64,ZGD074S5,4
91b8f8a911bff655d08192b7e34f37d1,48TJF007-5,no Transition Curb needed,,64,ZGD074S5,4
91b8f8a911bff655d08192b7e34f37d1,48LJE007-1,no Transition Curb needed,,64,ZGD074S5,4
91b8f8a911bff655d08192b7e34f37d1,48HJE007-6,no Transition Curb needed,,64,ZGD074S5,4
91b8f8a911bff655d08192b7e34f37d1,48TCEA07,no Transition Curb needed,,64,ZGD074S5,4
91b8f8a911bff655d08192b7e34f37d1,580DEV072115,no Transition Curb needed,,64,ZGD074S5,4
91b8f8a911bff655d08192b7e34f37d1,48TFF007--5,no Transition Curb needed,,64,ZGD074S5,4
91b8f8a911bff655d08192b7e34f37d1,48TJF007-6,no Transition Curb needed,,64,ZGD074S5,4
91b8f8a911bff655d08192b7e34f37d1,48TFF007--6,no Transition Curb needed,,64,ZGD074S5,4
91b8f8a911bff655d08192b7e34f37d1,48HME007-6,no Transition Curb needed,,64,ZGD074S5,4
91b8f8a911bff655d08192b7e34f37d1,48TCFA07A1A6,no Transition Curb needed,,64,ZGD074S5,4
91b8f8a911bff655d08192b7e34f37d1,48TFE007--6,no Transition Curb needed,,64,ZGD074S5,4
91b8f8a911bff655d08192b7e34f37d1,48LJE007-6,no Transition Curb needed,,64,ZGD074S5,4
91b8f8a911bff655d08192b7e34f37d1,48TCFA07A1A1,no Transition Curb needed,,64,ZGD074S5,4
91b8f8a911bff655d08192b7e34f37d1,48LJE007-5,no Transition Curb needed,,64,ZGD074S5,4
91b8f8a911bff655d08192b7e34f37d1,580JT07A115,no Transition Curb needed,,64,ZGD074S5,4
91b8f8a911bff655d08192b7e34f37d1,GR4GM-072D096C,,,64,ZGD074S5,4
91b8f8a911bff655d08192b7e34f37d1,48HJF007-5,no Transition Curb needed,,64,ZGD074S5,4
91b8f8a911bff655d08192b7e34f37d1,48TFE007--5,no Transition Curb needed,,64,ZGD074S5,4
91b8f8a911bff655d08192b7e34f37d1,48DJE007-5,no Transition Curb needed,,64,ZGD074S5,4
91b8f8a911bff655d08192b7e34f37d1,48HJE007-5,no Transition Curb needed,,64,ZGD074S5,4
91b8f8a911bff655d08192b7e34f37d1,48TCFA07A1A5,no Transition Curb needed,,64,ZGD074S5,4
91b8f8a911bff655d08192b7e34f37d1,48HME007-5,no Transition Curb needed,,64,ZGD074S5,4
91b8f8a911bff655d08192b7e34f37d1,48TFE007--1,no Transition Curb needed,,64,ZGD074S5,4
91b8f8a911bff655d08192b7e34f37d1,580FTV072150,no Transition Curb needed,,64,ZGD074S5,4
91b8f8a911bff655d08192b7e34f37d1,48TFD007--1,no Transition Curb needed,,64,ZGD074S5,4
91b8f8a911bff655d08192b7e34f37d1,PGS072L074,no Transition Curb needed,,64,ZGD074S5,4
91b8f8a911bff655d08192b7e34f37d1,580JT07A072,no Transition Curb needed,,64,ZGD074S5,4
91b8f8a911bff655d08192b7e34f37d1,RGS072HE,no Transition Curb needed,,64,ZGD074S5,4
91b8f8a911bff655d08192b7e34f37d1,581BTV072072,no Transition Curb needed,,64,ZGD074S5,4
91b8f8a911bff655d08192b7e34f37d1,48TJE007-1,no Transition Curb needed,,64,ZGD074S5,4
91b8f8a911bff655d08192b7e34f37d1,DM078N10A4,,,64,ZGD074S5,4
91b8f8a911bff655d08192b7e34f37d1,580FTV072115,no Transition Curb needed,,64,ZGD074S5,4
91b8f8a911bff655d08192b7e34f37d1,PGE072LD,no Transition Curb needed,,64,ZGD074S5,4
91b8f8a911bff655d08192b7e34f37d1,580FTV072074,no Transition Curb needed,,64,ZGD074S5,4
91b8f8a911bff655d08192b7e34f37d1,48TJF007-1,no Transition Curb needed,,64,ZGD074S5,4
91b8f8a911bff655d08192b7e34f37d1,RGS072LD,no Transition Curb needed,,64,ZGD074S5,4
91b8f8a911bff655d08192b7e34f37d1,48TFF007--1,no Transition Curb needed,,64,ZGD074S5,4
91b8f8a911bff655d08192b7e34f37d1,DM078N10A2,,,64,ZGD074S5,4
91b8f8a911bff655d08192b7e34f37d1,RGS072LF,no Transition Curb needed,,64,ZGD074S5,4
91b8f8a911bff655d08192b7e34f37d1,PGE072HD,no Transition Curb needed,,64,ZGD074S5,4
91b8f8a911bff655d08192b7e34f37d1,580JT07A150,no Transition Curb needed,,64,ZGD074S5,4
91b8f8a911bff655d08192b7e34f37d1,GR4GM-072C096C,,,64,ZGD074S5,4
91b8f8a911bff655d08192b7e34f37d1,PGS072L150,no Transition Curb needed,,64,ZGD074S5,4
91b8f8a911bff655d08192b7e34f37d1,PGE072LF,no Transition Curb needed,,64,ZGD074S5,4
91b8f8a911bff655d08192b7e34f37d1,RGS072LE,no Transition Curb needed,,64,ZGD074S5,4
91b8f8a911bff655d08192b7e34f37d1,DM078N15A2,,,64,ZGD074S5,4
91b8f8a911bff655d08192b7e34f37d1,PGS072H150,no Transition Curb needed,,64,ZGD074S5,4
91b8f8a911bff655d08192b7e34f37d1,RGS072HF,no Transition Curb needed,,64,ZGD074S5,4
91b8f8a911bff655d08192b7e34f37d1,PGE072SF,no Transition Curb needed,,64,ZGD074S5,4
91b8f8a911bff655d08192b7e34f37d1,DM078N15A5,,,64,ZGD074S5,4
91b8f8a911bff655d08192b7e34f37d1,PGE072SD,no Transition Curb needed,,64,ZGD074S5,4
91b8f8a911bff655d08192b7e34f37d1,PGE072HF,no Transition Curb needed,,64,ZGD074S5,4
91b8f8a911bff655d08192b7e34f37d1,DM078N15A4,,,64,ZGD074S5,4
91b8f8a911bff655d08192b7e34f37d1,RGS072HD,no Transition Curb needed,,64,ZGD074S5,4
91b8f8a911bff655d08192b7e34f37d1,DHUC-W072N,10L32,,64,ZGD074S5,4
91b8f8a911bff655d08192b7e34f37d1,48HJT007,no Transition Curb needed,,64,ZGD074S5,4
91b8f8a911bff655d08192b7e34f37d1,DHUC-X072N,10L32,,64,ZGD074S5,4
91b8f8a911bff655d08192b7e34f37d1,48TMF007,no Transition Curb needed,,64,ZGD074S5,4
91b8f8a911bff655d08192b7e34f37d1,DHUC-T072N,10L32,,64,ZGD074S5,4
91b8f8a911bff655d08192b7e34f37d1,48FCFM07,no Transition Curb needed,,64,ZGD074S5,4
91b8f8a911bff655d08192b7e34f37d1,D3CG072N,10L32,,64,ZGD074S5,4
91b8f8a911bff655d08192b7e34f37d1,48HD007,15T06,,64,ZGD074S5,4
91b8f8a911bff655d08192b7e34f37d1,48HCD007,,,65,ZGD074S5,4
91b8f8a911bff655d08192b7e34f37d1,48HCF007,,,65,ZGD074S5,4
91b8f8a911bff655d08192b7e34f37d1,48HCE007,,,65,ZGD074S5,4
91b8f8a911bff655d08192b7e34f37d1,PGB075,,,,ZGD074S5,4
91b8f8a911bff655d08192b7e34f37d1,DCUC-W072N125,10L32,,,ZGD074S5,4
91b8f8a911bff655d08192b7e34f37d1,DW-05D,10L32,,63,ZGD060S5,4
91b8f8a911bff655d08192b7e34f37d1,GCS20-653-125,31B67,,63,ZGD060S5,4
91b8f8a911bff655d08192b7e34f37d1,SPCG601353,,,63,ZGD060S5,4
91b8f8a911bff655d08192b7e34f37d1,48KCFA06A1,no Transition Curb needed,,63,ZGD060S5,4
91b8f8a911bff655d08192b7e34f37d1,48HCMG06,no Transition Curb needed,,63,ZGD060S5,4
91b8f8a911bff655d08192b7e34f37d1,581CP060,no Transition Curb needed,,63,ZGD060S5,4
91b8f8a911bff655d08192b7e34f37d1,48LJE006,no Transition Curb needed,,63,ZGD060S5,4
91b8f8a911bff655d08192b7e34f37d1,48HEH006,no Transition Curb needed,,63,ZGD060S5,4
91b8f8a911bff655d08192b7e34f37d1,580CBV060,no Transition Curb needed,,63,ZGD060S5,4
91b8f8a911bff655d08192b7e34f37d1,48HED006,no Transition Curb needed,,63,ZGD060S5,4
91b8f8a911bff655d08192b7e34f37d1,48HER006,no Transition Curb needed,,63,ZGD060S5,4
91b8f8a911bff655d08192b7e34f37d1,48HEE006,no Transition Curb needed,,63,ZGD060S5,4
91b8f8a911bff655d08192b7e34f37d1,48HEG006,no Transition Curb needed,,63,ZGD060S5,4
91b8f8a911bff655d08192b7e34f37d1,48LCT006,no Transition Curb needed,,63,ZGD060S5,4
91b8f8a911bff655d08192b7e34f37d1,48HEL006,no Transition Curb needed,,63,ZGD060S5,4
91b8f8a911bff655d08192b7e34f37d1,48TJD006,no Transition Curb needed,,63,ZGD060S5,4
91b8f8a911bff655d08192b7e34f37d1,48HET006,no Transition Curb needed,,63,ZGD060S5,4
91b8f8a911bff655d08192b7e34f37d1,48HEF006,no Transition Curb needed,,63,ZGD060S5,4
91b8f8a911bff655d08192b7e34f37d1,580CTV060,no Transition Curb needed,,63,ZGD060S5,4
91b8f8a911bff655d08192b7e34f37d1,48HEM006,no Transition Curb needed,,63,ZGD060S5,4
91b8f8a911bff655d08192b7e34f37d1,48HEK006,no Transition Curb needed,,63,ZGD060S5,4
91b8f8a911bff655d08192b7e34f37d1,48HES006,no Transition Curb needed,,63,ZGD060S5,4
91b8f8a911bff655d08192b7e34f37d1,48HEN006,no Transition Curb needed,,63,ZGD060S5,4
91b8f8a911bff655d08192b7e34f37d1,580JE06,no Transition Curb needed,,63,ZGD060S5,4
91b8f8a911bff655d08192b7e34f37d1,580JP06,no Transition Curb needed,,63,ZGD060S5,4
91b8f8a911bff655d08192b7e34f37d1,48LCS006,no Transition Curb needed,,63,ZGD060S5,4
91b8f8a911bff655d08192b7e34f37d1,48LCR006,no Transition Curb needed,,63,ZGD060S5,4
91b8f8a911bff655d08192b7e34f37d1,580JJ06,no Transition Curb needed,,63,ZGD060S5,4
91b8f8a911bff655d08192b7e34f37d1,48LCN006,no Transition Curb needed,,63,ZGD060S5,4
91b8f8a911bff655d08192b7e34f37d1,580CJV060,no Transition Curb needed,,63,ZGD060S5,4
91b8f8a911bff655d08192b7e34f37d1,580JT06,no Transition Curb needed,,63,ZGD060S5,4
91b8f8a911bff655d08192b7e34f37d1,48HCRF06,no Transition Curb needed,,63,ZGD060S5,4
91b8f8a911bff655d08192b7e34f37d1,580CEV060,no Transition Curb needed,,63,ZGD060S5,4
91b8f8a911bff655d08192b7e34f37d1,580CPV060,no Transition Curb needed,,63,ZGD060S5,4
91b8f8a911bff655d08192b7e34f37d1,48LCM006,no Transition Curb needed,,63,ZGD060S5,4
91b8f8a911bff655d08192b7e34f37d1,48HCTB06,no Transition Curb needed,,63,ZGD060S5,4
91b8f8a911bff655d08192b7e34f37d1,48HCRE06,no Transition Curb needed,,63,ZGD060S5,4
91b8f8a911bff655d08192b7e34f37d1,48HCTF06,no Transition Curb needed,,63,ZGD060S5,4
91b8f8a911bff655d08192b7e34f37d1,48LJF06,no Transition Curb needed,,63,ZGD060S5,4
91b8f8a911bff655d08192b7e34f37d1,48HCTA06,no Transition Curb needed,,63,ZGD060S5,4
91b8f8a911bff655d08192b7e34f37d1,48HCRB06,no Transition Curb needed,,63,ZGD060S5,4
91b8f8a911bff655d08192b7e34f37d1,48HCTE06,no Transition Curb needed,,63,ZGD060S5,4
91b8f8a911bff655d08192b7e34f37d1,48HCRA06,no Transition Curb needed,,63,ZGD060S5,4
91b8f8a911bff655d08192b7e34f37d1,48HCTD06,no Transition Curb needed,,63,ZGD060S5,4
91b8f8a911bff655d08192b7e34f37d1,48HCRG06,no Transition Curb needed,,63,ZGD060S5,4
91b8f8a911bff655d08192b7e34f37d1,48HCRD06,no Transition Curb needed,,63,ZGD060S5,4
91b8f8a911bff655d08192b7e34f37d1,48TCF006,no Transition Curb needed,,63,ZGD060S5,4
91b8f8a911bff655d08192b7e34f37d1,48LJD006,no Transition Curb needed,,63,ZGD060S5,4
91b8f8a911bff655d08192b7e34f37d1,48GJD006,no Transition Curb needed,,63,ZGD060S5,4
91b8f8a911bff655d08192b7e34f37d1,48LCF006,no Transition Curb needed,,63,ZGD060S5,4
91b8f8a911bff655d08192b7e34f37d1,48TCE006,no Transition Curb needed,,63,ZGD060S5,4
91b8f8a911bff655d08192b7e34f37d1,48LCD006,no Transition Curb needed,,63,ZGD060S5,4
91b8f8a911bff655d08192b7e34f37d1,CPG060140,no Transition Curb needed,,63,ZGD060S5,4
91b8f8a911bff655d08192b7e34f37d1,48LCE006,no Transition Curb needed,,63,ZGD060S5,4
91b8f8a911bff655d08192b7e34f37d1,CPG060350,no Transition Curb needed,,63,ZGD060S5,4
91b8f8a911bff655d08192b7e34f37d1,48TCD006,no Transition Curb needed,,63,ZGD060S5,4
91b8f8a911bff655d08192b7e34f37d1,48GJF006,no Transition Curb needed,,63,ZGD060S5,4
91b8f8a911bff655d08192b7e34f37d1,CPG060210,no Transition Curb needed,,63,ZGD060S5,4
91b8f8a911bff655d08192b7e34f37d1,48HCTG06,no Transition Curb needed,,63,ZGD060S5,4
91b8f8a911bff655d08192b7e34f37d1,CPG060115,no Transition Curb needed,,63,ZGD060S5,4
91b8f8a911bff655d08192b7e34f37d1,YCX060G4M0A,,,63,ZGD060S5,4
91b8f8a911bff655d08192b7e34f37d1,YCX060G3M0A,,,63,ZGD060S5,4
91b8f8a911bff655d08192b7e34f37d1,48LCL006,no Transition Curb needed,,63,ZGD060S5,4
91b8f8a911bff655d08192b7e34f37d1,CPG060090,no Transition Curb needed,,63,ZGD060S5,4
91b8f8a911bff655d08192b7e34f37d1,48HCSG06,no Transition Curb needed,,63,ZGD060S5,4
91b8f8a911bff655d08192b7e34f37d1,DCG060 (YORK),10L32,,63,ZGD060S5,4
91b8f8a911bff655d08192b7e34f37d1,RGS060L,no Transition Curb needed,,63,ZGD060S5,4
91b8f8a911bff655d08192b7e34f37d1,CPG060400,no Transition Curb needed,,63,ZGD060S5,4
91b8f8a911bff655d08192b7e34f37d1,RGS060S,no Transition Curb needed,,63,ZGD060S5,4
91b8f8a911bff655d08192b7e34f37d1,580FEV060115,no Transition Curb needed,,63,ZGD060S5,4
91b8f8a911bff655d08192b7e34f37d1,RGS060K,no Transition Curb needed,,63,ZGD060S5,4
91b8f8a911bff655d08192b7e34f37d1,RGS060H,no Transition Curb needed,,63,ZGD060S5,4
91b8f8a911bff655d08192b7e34f37d1,PGH060S,no Transition Curb needed,,63,ZGD060S5,4
91b8f8a911bff655d08192b7e34f37d1,PGE060S,no Transition Curb needed,,63,ZGD060S5,4
91b8f8a911bff655d08192b7e34f37d1,580F*V060,no Transition Curb needed,,63,ZGD060S5,4
91b8f8a911bff655d08192b7e34f37d1,48GJE006,no Transition Curb needed,,63,ZGD060S5,4
91b8f8a911bff655d08192b7e34f37d1,580FTV060115,no Transition Curb needed,,63,ZGD060S5,4
91b8f8a911bff655d08192b7e34f37d1,CPG060045,no Transition Curb needed,,63,ZGD060S5,4
91b8f8a911bff655d08192b7e34f37d1,580FPV060115,no Transition Curb needed,,63,ZGD060S5,4
91b8f8a911bff655d08192b7e34f37d1,48HCSD06,no Transition Curb needed,,63,ZGD060S5,4
91b8f8a911bff655d08192b7e34f37d1,580DE060,no Transition Curb needed,,63,ZGD060S5,4
91b8f8a911bff655d08192b7e34f37d1,48TFM006,no Transition Curb needed,,63,ZGD060S5,4
91b8f8a911bff655d08192b7e34f37d1,48HCSF06,no Transition Curb needed,,63,ZGD060S5,4
91b8f8a911bff655d08192b7e34f37d1,580DT060,no Transition Curb needed,,63,ZGD060S5,4
91b8f8a911bff655d08192b7e34f37d1,48LJD00648LJE006,no Transition Curb needed,,63,ZGD060S5,4
91b8f8a911bff655d08192b7e34f37d1,48DJD006,no Transition Curb needed,,63,ZGD060S5,4
91b8f8a911bff655d08192b7e34f37d1,48TFN006,no Transition Curb needed,,63,ZGD060S5,4
91b8f8a911bff655d08192b7e34f37d1,48HJR006,no Transition Curb needed,,63,ZGD060S5,4
91b8f8a911bff655d08192b7e34f37d1,48TFL006,no Transition Curb needed,,63,ZGD060S5,4
91b8f8a911bff655d08192b7e34f37d1,581J006,no Transition Curb needed,,63,ZGD060S5,4
91b8f8a911bff655d08192b7e34f37d1,580DJ060,no Transition Curb needed,,63,ZGD060S5,4
91b8f8a911bff655d08192b7e34f37d1,48LJF006,no Transition Curb needed,,63,ZGD060S5,4
91b8f8a911bff655d08192b7e34f37d1,580DP060,no Transition Curb needed,,63,ZGD060S5,4
91b8f8a911bff655d08192b7e34f37d1,48HJS006,no Transition Curb needed,,63,ZGD060S5,4
91b8f8a911bff655d08192b7e34f37d1,48DJE006,no Transition Curb needed,,63,ZGD060S5,4
91b8f8a911bff655d08192b7e34f37d1,48TFF006,no Transition Curb needed,,63,ZGD060S5,4
91b8f8a911bff655d08192b7e34f37d1,48HJF006,no Transition Curb needed,,63,ZGD060S5,4
91b8f8a911bff655d08192b7e34f37d1,48TMN006,no Transition Curb needed,,63,ZGD060S5,4
91b8f8a911bff655d08192b7e34f37d1,580FE060,no Transition Curb needed,,63,ZGD060S5,4
91b8f8a911bff655d08192b7e34f37d1,580FT060,no Transition Curb needed,,63,ZGD060S5,4
91b8f8a911bff655d08192b7e34f37d1,48HJD006,no Transition Curb needed,,63,ZGD060S5,4
91b8f8a911bff655d08192b7e34f37d1,48HJE006,no Transition Curb needed,,63,ZGD060S5,4
91b8f8a911bff655d08192b7e34f37d1,48TFD006,no Transition Curb needed,,63,ZGD060S5,4
91b8f8a911bff655d08192b7e34f37d1,48TFE006,no Transition Curb needed,,63,ZGD060S5,4
91b8f8a911bff655d08192b7e34f37d1,581CJ060,no Transition Curb needed,,63,ZGD060S5,4
91b8f8a911bff655d08192b7e34f37d1,48HJT006,no Transition Curb needed,,63,ZGD060S5,4
91b8f8a911bff655d08192b7e34f37d1,580FP060,no Transition Curb needed,,63,ZGD060S5,4
91b8f8a911bff655d08192b7e34f37d1,581BT060,no Transition Curb needed,,63,ZGD060S5,4
91b8f8a911bff655d08192b7e34f37d1,48TML006,no Transition Curb needed,,63,ZGD060S5,4
91b8f8a911bff655d08192b7e34f37d1,581BJ060,no Transition Curb needed,,63,ZGD060S5,4
91b8f8a911bff655d08192b7e34f37d1,48TJF006,no Transition Curb needed,,63,ZGD060S5,4
91b8f8a911bff655d08192b7e34f37d1,580FJ060,no Transition Curb needed,,63,ZGD060S5,4
91b8f8a911bff655d08192b7e34f37d1,581BP060,no Transition Curb needed,,63,ZGD060S5,4
91b8f8a911bff655d08192b7e34f37d1,48TME006,no Transition Curb needed,,63,ZGD060S5,4
91b8f8a911bff655d08192b7e34f37d1,48HJG006,no Transition Curb needed,,63,ZGD060S5,4
91b8f8a911bff655d08192b7e34f37d1,48TMD006,no Transition Curb needed,,63,ZGD060S5,4
91b8f8a911bff655d08192b7e34f37d1,48HCSE06,no Transition Curb needed,,63,ZGD060S5,4
91b8f8a911bff655d08192b7e34f37d1,581CT060,no Transition Curb needed,,63,ZGD060S5,4
91b8f8a911bff655d08192b7e34f37d1,48TMM006,no Transition Curb needed,,63,ZGD060S5,4
91b8f8a911bff655d08192b7e34f37d1,48HJK006,no Transition Curb needed,,63,ZGD060S5,4
91b8f8a911bff655d08192b7e34f37d1,581BE060,no Transition Curb needed,,63,ZGD060S5,4
91b8f8a911bff655d08192b7e34f37d1,48TMF006,no Transition Curb needed,,63,ZGD060S5,4
91b8f8a911bff655d08192b7e34f37d1,581CE060,no Transition Curb needed,,63,ZGD060S5,4
91b8f8a911bff655d08192b7e34f37d1,48HCLD06,no Transition Curb needed,,63,ZGD060S5,4
91b8f8a911bff655d08192b7e34f37d1,48HCLA06,no Transition Curb needed,,63,ZGD060S5,4
91b8f8a911bff655d08192b7e34f37d1,48HCMB06,no Transition Curb needed,,63,ZGD060S5,4
91b8f8a911bff655d08192b7e34f37d1,48HCLG06,no Transition Curb needed,,63,ZGD060S5,4
91b8f8a911bff655d08192b7e34f37d1,48HCLB06,no Transition Curb needed,,63,ZGD060S5,4
91b8f8a911bff655d08192b7e34f37d1,48HCLF06,no Transition Curb needed,,63,ZGD060S5,4
91b8f8a911bff655d08192b7e34f37d1,48HCFG06,no Transition Curb needed,,63,ZGD060S5,4
91b8f8a911bff655d08192b7e34f37d1,48HCMA06,no Transition Curb needed,,63,ZGD060S5,4
91b8f8a911bff655d08192b7e34f37d1,48HCMD06,no Transition Curb needed,,63,ZGD060S5,4
91b8f8a911bff655d08192b7e34f37d1,48HCLE06,no Transition Curb needed,,63,ZGD060S5,4
91b8f8a911bff655d08192b7e34f37d1,48HCME06,no Transition Curb needed,,63,ZGD060S5,4
91b8f8a911bff655d08192b7e34f37d1,48HCNF06,no Transition Curb needed,,63,ZGD060S5,4
91b8f8a911bff655d08192b7e34f37d1,48HCNA06,no Transition Curb needed,,63,ZGD060S5,4
91b8f8a911bff655d08192b7e34f37d1,48HCSA06,no Transition Curb needed,,63,ZGD060S5,4
91b8f8a911bff655d08192b7e34f37d1,48HCNB06,no Transition Curb needed,,63,ZGD060S5,4
91b8f8a911bff655d08192b7e34f37d1,48HCSB06,no Transition Curb needed,,63,ZGD060S5,4
91b8f8a911bff655d08192b7e34f37d1,48HCMF06,no Transition Curb needed,,63,ZGD060S5,4
91b8f8a911bff655d08192b7e34f37d1,48HCND06,no Transition Curb needed,,63,ZGD060S5,4
91b8f8a911bff655d08192b7e34f37d1,48HCFF06,no Transition Curb needed,,63,ZGD060S5,4
91b8f8a911bff655d08192b7e34f37d1,48HCNE06,no Transition Curb needed,,63,ZGD060S5,4
91b8f8a911bff655d08192b7e34f37d1,48HCFD06,no Transition Curb needed,,63,ZGD060S5,4
91b8f8a911bff655d08192b7e34f37d1,48HCNG06,no Transition Curb needed,,63,ZGD060S5,4
91b8f8a911bff655d08192b7e34f37d1,48HC-F06,no Transition Curb needed,,63,ZGD060S5,4
91b8f8a911bff655d08192b7e34f37d1,48HC-A06,no Transition Curb needed,,63,ZGD060S5,4
91b8f8a911bff655d08192b7e34f37d1,48HC-G06,no Transition Curb needed,,63,ZGD060S5,4
91b8f8a911bff655d08192b7e34f37d1,48HC-D06,no Transition Curb needed,,63,ZGD060S5,4
91b8f8a911bff655d08192b7e34f37d1,48HC-E06,no Transition Curb needed,,63,ZGD060S5,4
91b8f8a911bff655d08192b7e34f37d1,48HJM006,no Transition Curb needed,,63,ZGD060S5,4
91b8f8a911bff655d08192b7e34f37d1,48HJN006,no Transition Curb needed,,63,ZGD060S5,4
91b8f8a911bff655d08192b7e34f37d1,48HC-B06,no Transition Curb needed,,63,ZGD060S5,4
91b8f8a911bff655d08192b7e34f37d1,48HCFE06,no Transition Curb needed,,63,ZGD060S5,4
91b8f8a911bff655d08192b7e34f37d1,48HJL006,no Transition Curb needed,,63,ZGD060S5,4
91b8f8a911bff655d08192b7e34f37d1,48HCDB06,no Transition Curb needed,,63,ZGD060S5,4
91b8f8a911bff655d08192b7e34f37d1,48HCEA06,no Transition Curb needed,,63,ZGD060S5,4
91b8f8a911bff655d08192b7e34f37d1,48HCED06,no Transition Curb needed,,63,ZGD060S5,4
91b8f8a911bff655d08192b7e34f37d1,48HJH006,no Transition Curb needed,,63,ZGD060S5,4
91b8f8a911bff655d08192b7e34f37d1,48HCFB06,no Transition Curb needed,,63,ZGD060S5,4
91b8f8a911bff655d08192b7e34f37d1,48HCEE06,no Transition Curb needed,,63,ZGD060S5,4
91b8f8a911bff655d08192b7e34f37d1,48HCDA06,no Transition Curb needed,,63,ZGD060S5,4
91b8f8a911bff655d08192b7e34f37d1,48HCEB06,no Transition Curb needed,,63,ZGD060S5,4
91b8f8a911bff655d08192b7e34f37d1,48HCDE06,no Transition Curb needed,,63,ZGD060S5,4
91b8f8a911bff655d08192b7e34f37d1,48HCEF06,no Transition Curb needed,,63,ZGD060S5,4
91b8f8a911bff655d08192b7e34f37d1,48HCDF06,no Transition Curb needed,,63,ZGD060S5,4
91b8f8a911bff655d08192b7e34f37d1,48HCDD06,no Transition Curb needed,,63,ZGD060S5,4
91b8f8a911bff655d08192b7e34f37d1,48HCEG06,no Transition Curb needed,,63,ZGD060S5,4
91b8f8a911bff655d08192b7e34f37d1,574DEW060130,,,63,ZGD060S5,4
91b8f8a911bff655d08192b7e34f37d1,48HCDG06,no Transition Curb needed,,63,ZGD060S5,4
91b8f8a911bff655d08192b7e34f37d1,48HCFA06,no Transition Curb needed,,63,ZGD060S5,4
91b8f8a911bff655d08192b7e34f37d1,574DPW060115,,,63,ZGD060S5,4
91b8f8a911bff655d08192b7e34f37d1,574DEW060115,,,63,ZGD060S5,4
91b8f8a911bff655d08192b7e34f37d1,48LDT006,,,63,ZGD060S5,4
91b8f8a911bff655d08192b7e34f37d1,574DPW060090,,,63,ZGD060S5,4
91b8f8a911bff655d08192b7e34f37d1,580JJ06A072,no Transition Curb needed,,63,ZGD060S5,4
91b8f8a911bff655d08192b7e34f37d1,48TJE006,no Transition Curb needed,,63,ZGD060S5,4
91b8f8a911bff655d08192b7e34f37d1,48TCEA06A2A5,no Transition Curb needed,,63,ZGD060S5,4
91b8f8a911bff655d08192b7e34f37d1,574DEW060090,,,63,ZGD060S5,4
91b8f8a911bff655d08192b7e34f37d1,574DPW060130,,,63,ZGD060S5,4
91b8f8a911bff655d08192b7e34f37d1,48KCDA06A0,no Transition Curb needed,,63,ZGD060S5,4
91b8f8a911bff655d08192b7e34f37d1,48TMF006-3,no Transition Curb needed,,63,ZGD060S5,4
91b8f8a911bff655d08192b7e34f37d1,580JJ06A150,no Transition Curb needed,,63,ZGD060S5,4
91b8f8a911bff655d08192b7e34f37d1,580JJ06A115,no Transition Curb needed,,63,ZGD060S5,4
91b8f8a911bff655d08192b7e34f37d1,SPCG601351,,,63,ZGD060S5,4
91b8f8a911bff655d08192b7e34f37d1,PGB060G2L,,,63,ZGD060S5,4
91b8f8a911bff655d08192b7e34f37d1,48TME006-3,no Transition Curb needed,,63,ZGD060S5,4
91b8f8a911bff655d08192b7e34f37d1,48TMD006-3,no Transition Curb needed,,63,ZGD060S5,4
91b8f8a911bff655d08192b7e34f37d1,48HJF006-3,no Transition Curb needed,,63,ZGD060S5,4
91b8f8a911bff655d08192b7e34f37d1,48TJD006-3,no Transition Curb needed,,63,ZGD060S5,4
91b8f8a911bff655d08192b7e34f37d1,125SBC58,,,63,ZGD060S5,4
91b8f8a911bff655d08192b7e34f37d1,48HJD006-3,no Transition Curb needed,,63,ZGD060S5,4
91b8f8a911bff655d08192b7e34f37d1,48KCDA06A1,no Transition Curb needed,,63,ZGD060S5,4
91b8f8a911bff655d08192b7e34f37d1,150SBC58,,,63,ZGD060S5,4
91b8f8a911bff655d08192b7e34f37d1,PGB060G2H,,,63,ZGD060S5,4
91b8f8a911bff655d08192b7e34f37d1,PGB060G2S,,,63,ZGD060S5,4
91b8f8a911bff655d08192b7e34f37d1,48KCDA06A3,no Transition Curb needed,,63,ZGD060S5,4
91b8f8a911bff655d08192b7e34f37d1,YCX060G1M0A,,,63,ZGD060S5,4
91b8f8a911bff655d08192b7e34f37d1,48KCFA06A2,no Transition Curb needed,,63,ZGD060S5,4
91b8f8a911bff655d08192b7e34f37d1,48KCEA06A1,no Transition Curb needed,,63,ZGD060S5,4
91b8f8a911bff655d08192b7e34f37d1,48KCDA06A2,no Transition Curb needed,,63,ZGD060S5,4
91b8f8a911bff655d08192b7e34f37d1,48HJE006-3,no Transition Curb needed,,63,ZGD060S5,4
91b8f8a911bff655d08192b7e34f37d1,48KCFA06A0,no Transition Curb needed,,63,ZGD060S5,4
91b8f8a911bff655d08192b7e34f37d1,48KCEA06A2,no Transition Curb needed,,63,ZGD060S5,4
91b8f8a911bff655d08192b7e34f37d1,48KCEA06A3,no Transition Curb needed,,63,ZGD060S5,4
91b8f8a911bff655d08192b7e34f37d1,48KCEA06A0,no Transition Curb needed,,63,ZGD060S5,4
91b8f8a911bff655d08192b7e34f37d1,48KCFA06A3,no Transition Curb needed,,63,ZGD060S5,4
91b8f8a911bff655d08192b7e34f37d1,YCX060,,,63,ZGD060S5,4
91b8f8a911bff655d08192b7e34f37d1,48DJD006-3,no Transition Curb needed,,63,ZGD060S5,4
91b8f8a911bff655d08192b7e34f37d1,48TJF006-3,no Transition Curb needed,,63,ZGD060S5,4
91b8f8a911bff655d08192b7e34f37d1,48DJE006-3,no Transition Curb needed,,63,ZGD060S5,4
91b8f8a911bff655d08192b7e34f37d1,585HP060100,,,63,ZGD060S5,4
91b8f8a911bff655d08192b7e34f37d1,170SBC58,,,63,ZGD060S5,4
91b8f8a911bff655d08192b7e34f37d1,48TJE006-3,no Transition Curb needed,,63,ZGD060S5,4
91b8f8a911bff655d08192b7e34f37d1,YCM060,,,63,ZGD060S5,4
91b8f8a911bff655d08192b7e34f37d1,YCC060,,,63,ZGD060S5,4
91b8f8a911bff655d08192b7e34f37d1,GPFM60H100,,,63,ZGD060S5,4
91b8f8a911bff655d08192b7e34f37d1,GPFM60H140,,,63,ZGD060S5,4
91b8f8a911bff655d08192b7e34f37d1,YCH060,Ducting Transition may be required.,,63,ZGD060S5,4
91b8f8a911bff655d08192b7e34f37d1,PGB060E1H,,,63,ZGD060S5,4
91b8f8a911bff655d08192b7e34f37d1,YCD060,,,63,ZGD060S5,4
91b8f8a911bff655d08192b7e34f37d1,YCY060,,,63,ZGD060S5,4
91b8f8a911bff655d08192b7e34f37d1,YCP060,,,63,ZGD060S5,4
91b8f8a911bff655d08192b7e34f37d1,GPFM60L100,,,63,ZGD060S5,4
91b8f8a911bff655d08192b7e34f37d1,585HE060100,,,63,ZGD060S5,4
91b8f8a911bff655d08192b7e34f37d1,579DE060080,,,63,ZGD060S5,4
91b8f8a911bff655d08192b7e34f37d1,GPFM60L140,,,63,ZGD060S5,4
91b8f8a911bff655d08192b7e34f37d1,GPFM60S100,,,63,ZGD060S5,4
91b8f8a911bff655d08192b7e34f37d1,PGB060E1L,,,63,ZGD060S5,4
91b8f8a911bff655d08192b7e34f37d1,RRGGE61,,,63,ZGD060S5,4
91b8f8a911bff655d08192b7e34f37d1,585JP060150,,,63,ZGD060S5,4
91b8f8a911bff655d08192b7e34f37d1,579DP060080,,,63,ZGD060S5,4
91b8f8a911bff655d08192b7e34f37d1,GPFM60S140,,,63,ZGD060S5,4
91b8f8a911bff655d08192b7e34f37d1,579JP060125,,,63,ZGD060S5,4
91b8f8a911bff655d08192b7e34f37d1,579JE060125,,,63,ZGD060S5,4
91b8f8a911bff655d08192b7e34f37d1,TGA060S2BH,,,63,ZGD060S5,4
91b8f8a911bff655d08192b7e34f37d1,GCS3-653-120,,,63,ZGD060S5,4
91b8f8a911bff655d08192b7e34f37d1,GCS9-653-150,10M20,,63,ZGD060S5,4
91b8f8a911bff655d08192b7e34f37d1,TGA060S2BS,,,63,ZGD060S5,4
91b8f8a911bff655d08192b7e34f37d1,GCS9-653-120,10M20,,63,ZGD060S5,4
91b8f8a911bff655d08192b7e34f37d1,GCS10-651-75,,,63,ZGD060S5,4
91b8f8a911bff655d08192b7e34f37d1,RKMA-A060,,,63,ZGD060S5,4
91b8f8a911bff655d08192b7e34f37d1,RKKA-A060,,,63,ZGD060S5,4
91b8f8a911bff655d08192b7e34f37d1,579DP060120.579DE060120,,,63,ZGD060S5,4
91b8f8a911bff655d08192b7e34f37d1,TGA060S2BM,,,63,ZGD060S5,4
91b8f8a911bff655d08192b7e34f37d1,48LDT006-3,,,63,ZGD060S5,4
91b8f8a911bff655d08192b7e34f37d1,574DNW060130,,,63,ZGD060S5,4
91b8f8a911bff655d08192b7e34f37d1,574DNW060115,,,63,ZGD060S5,4
91b8f8a911bff655d08192b7e34f37d1,585JB060150,,,63,ZGD060S5,4
91b8f8a911bff655d08192b7e34f37d1,585HB060100,,,63,ZGD060S5,4
91b8f8a911bff655d08192b7e34f37d1,574DNW060090,,,63,ZGD060S5,4
91b8f8a911bff655d08192b7e34f37d1,579DJ060080,,,63,ZGD060S5,4
91b8f8a911bff655d08192b7e34f37d1,48TJD006-6,no Transition Curb needed,,63,ZGD060S5,4
91b8f8a911bff655d08192b7e34f37d1,579DJ060120,,,63,ZGD060S5,4
91b8f8a911bff655d08192b7e34f37d1,48TJE006-5,no Transition Curb needed,,63,ZGD060S5,4
91b8f8a911bff655d08192b7e34f37d1,48TCDA06,no Transition Curb needed,,63,ZGD060S5,4
91b8f8a911bff655d08192b7e34f37d1,GPFM60K140,,,63,ZGD060S5,4
91b8f8a911bff655d08192b7e34f37d1,GPFM60K100,,,63,ZGD060S5,4
91b8f8a911bff655d08192b7e34f37d1,RRKA-A060,,,63,ZGD060S5,4
91b8f8a911bff655d08192b7e34f37d1,48HD006,,,63,ZGD060S5,4
91b8f8a911bff655d08192b7e34f37d1,GPCM60K140,,,63,ZGD060S5,4
91b8f8a911bff655d08192b7e34f37d1,PGB060D1L,,,63,ZGD060S5,4
91b8f8a911bff655d08192b7e34f37d1,PGB060D1H,,,63,ZGD060S5,4
91b8f8a911bff655d08192b7e34f37d1,PGB060150-1,,,63,ZGD060S5,4
91b8f8a911bff655d08192b7e34f37d1,DSG060,,,63,ZGD060S5,4
91b8f8a911bff655d08192b7e34f37d1,PGB060G1L,,,63,ZGD060S5,4
91b8f8a911bff655d08192b7e34f37d1,48TJD006-5,no Transition Curb needed,,63,ZGD060S5,4
91b8f8a911bff655d08192b7e34f37d1,PGB060G1H,,,63,ZGD060S5,4
91b8f8a911bff655d08192b7e34f37d1,DHUC-W060N,10L32,,63,ZGD060S5,4
91b8f8a911bff655d08192b7e34f37d1,48LD006,,,63,ZGD060S5,4
91b8f8a911bff655d08192b7e34f37d1,DHUC-X060N,10L32,,63,ZGD060S5,4
91b8f8a911bff655d08192b7e34f37d1,DHUC-T060N,10L32,,63,ZGD060S5,4
91b8f8a911bff655d08192b7e34f37d1,DL-05N,10L32,,63,ZGD060S5,4
91b8f8a911bff655d08192b7e34f37d1,DJ060N,10L32,,63,ZGD060S5,4
91b8f8a911bff655d08192b7e34f37d1,PGMB060H,,,63,ZGD060S5,4
91b8f8a911bff655d08192b7e34f37d1,YSC060E,,,63,ZGD060S5,4
91b8f8a911bff655d08192b7e34f37d1,48FCDA06,no Transition Curb needed,,63,ZGD060S5,4
91b8f8a911bff655d08192b7e34f37d1,GCS29-060-150,,,63,ZGD060S5,4
91b8f8a911bff655d08192b7e34f37d1,RKNL-A060,,,63,ZGD060S5,4
91b8f8a911bff655d08192b7e34f37d1,GCS20-060-75,31B67,,63,ZGD060S5,4
91b8f8a911bff655d08192b7e34f37d1,GCS16-653-125,31B67,,63,ZGD060S5,4
91b8f8a911bff655d08192b7e34f37d1,GCS16-653-75,31B67,,63,ZGD060S5,4
91b8f8a911bff655d08192b7e34f37d1,GCS20-651-125,31B67,,63,ZGD060S5,4
91b8f8a911bff655d08192b7e34f37d1,GCS16-651-75,31B67,,63,ZGD060S5,4
91b8f8a911bff655d08192b7e34f37d1,GCS16-060-75 (on full perimeter curb),31B67,,63,ZGD060S5,4
91b8f8a911bff655d08192b7e34f37d1,GCS16-060-120 (on full perimeter curb),31B67,,63,ZGD060S5,4
91b8f8a911bff655d08192b7e34f37d1,GCS16-651-125,31B67,,63,ZGD060S5,4
91b8f8a911bff655d08192b7e34f37d1,DW-05N,10L32,,63,ZGD060S5,4
91b8f8a911bff655d08192b7e34f37d1,RPGE13A60,,,,ZGD060S5,4
91b8f8a911bff655d08192b7e34f37d1,GCS24-653,31B66,,63,ZGD060S5,4
91b8f8a911bff655d08192b7e34f37d1,GCS16-060-75 (on partial perimeter curb),31B58,,63,ZGD060S5,4
91b8f8a911bff655d08192b7e34f37d1,GCS24D-653,31B66,,63,ZGD060S5,4
91b8f8a911bff655d08192b7e34f37d1,GCS24D-651,31B66,,63,ZGD060S5,4
91b8f8a911bff655d08192b7e34f37d1,GCS16-060-120 (on partial perimeter curb),31B58,,63,ZGD060S5,4
91b8f8a911bff655d08192b7e34f37d1,D*CG048 (York),10L32,,62,ZGD048S5,4
91b8f8a911bff655d08192b7e34f37d1,DCG048 (Daikin),,,62,ZGD048S5,4
91b8f8a911bff655d08192b7e34f37d1,RRKA-A048,,,62,ZGD048S5,4
91b8f8a911bff655d08192b7e34f37d1,YCH048,Ducting Transition may be required.,,62,ZGD048S5,4
91b8f8a911bff655d08192b7e34f37d1,574DEW048090,,,62,ZGD048S5,4
91b8f8a911bff655d08192b7e34f37d1,48HCED05,no Transition Curb needed,,62,ZGD048S5,4
91b8f8a911bff655d08192b7e34f37d1,48HCNA05,no Transition Curb needed,,62,ZGD048S5,4
91b8f8a911bff655d08192b7e34f37d1,48TFM005,no Transition Curb needed,,62,ZGD048S5,4
91b8f8a911bff655d08192b7e34f37d1,580DP048,no Transition Curb needed,,62,ZGD048S5,4
91b8f8a911bff655d08192b7e34f37d1,48HEK005,no Transition Curb needed,,62,ZGD048S5,4
91b8f8a911bff655d08192b7e34f37d1,48LCF005,no Transition Curb needed,,62,ZGD048S5,4
91b8f8a911bff655d08192b7e34f37d1,48TCMA05,no Transition Curb needed,,62,ZGD048S5,4
91b8f8a911bff655d08192b7e34f37d1,48TJD005,no Transition Curb needed,,62,ZGD048S5,4
91b8f8a911bff655d08192b7e34f37d1,48TCSE05,no Transition Curb needed,,62,ZGD048S5,4
91b8f8a911bff655d08192b7e34f37d1,48TCNB05,no Transition Curb needed,,62,ZGD048S5,4
91b8f8a911bff655d08192b7e34f37d1,48TCNE05,no Transition Curb needed,,62,ZGD048S5,4
91b8f8a911bff655d08192b7e34f37d1,48TCMD05,no Transition Curb needed,,62,ZGD048S5,4
91b8f8a911bff655d08192b7e34f37d1,48TCND05,no Transition Curb needed,,62,ZGD048S5,4
91b8f8a911bff655d08192b7e34f37d1,48TCRB05,no Transition Curb needed,,62,ZGD048S5,4
91b8f8a911bff655d08192b7e34f37d1,48TCSD05,no Transition Curb needed,,62,ZGD048S5,4
91b8f8a911bff655d08192b7e34f37d1,48TCSB05,no Transition Curb needed,,62,ZGD048S5,4
91b8f8a911bff655d08192b7e34f37d1,48TCMB05,no Transition Curb needed,,62,ZGD048S5,4
91b8f8a911bff655d08192b7e34f37d1,48TCLE05,no Transition Curb needed,,62,ZGD048S5,4
91b8f8a911bff655d08192b7e34f37d1,48TCTD05,no Transition Curb needed,,62,ZGD048S5,4
91b8f8a911bff655d08192b7e34f37d1,48HEF005,no Transition Curb needed,,62,ZGD048S5,4
91b8f8a911bff655d08192b7e34f37d1,48TCNA05,no Transition Curb needed,,62,ZGD048S5,4
91b8f8a911bff655d08192b7e34f37d1,48TCSA05,no Transition Curb needed,,62,ZGD048S5,4
91b8f8a911bff655d08192b7e34f37d1,48TCTB05,no Transition Curb needed,,62,ZGD048S5,4
91b8f8a911bff655d08192b7e34f37d1,48TCME05,no Transition Curb needed,,62,ZGD048S5,4
91b8f8a911bff655d08192b7e34f37d1,48HEE005,no Transition Curb needed,,62,ZGD048S5,4
91b8f8a911bff655d08192b7e34f37d1,48HED005,no Transition Curb needed,,62,ZGD048S5,4
91b8f8a911bff655d08192b7e34f37d1,48HES005,no Transition Curb needed,,62,ZGD048S5,4
91b8f8a911bff655d08192b7e34f37d1,48TCTE05,no Transition Curb needed,,62,ZGD048S5,4
91b8f8a911bff655d08192b7e34f37d1,48LCD005,no Transition Curb needed,,62,ZGD048S5,4
91b8f8a911bff655d08192b7e34f37d1,48TCLA05,no Transition Curb needed,,62,ZGD048S5,4
91b8f8a911bff655d08192b7e34f37d1,48LCN005,no Transition Curb needed,,62,ZGD048S5,4
91b8f8a911bff655d08192b7e34f37d1,48TCLD05,no Transition Curb needed,,62,ZGD048S5,4
91b8f8a911bff655d08192b7e34f37d1,48LCL005,no Transition Curb needed,,62,ZGD048S5,4
91b8f8a911bff655d08192b7e34f37d1,48LCM005,no Transition Curb needed,,62,ZGD048S5,4
91b8f8a911bff655d08192b7e34f37d1,48TCTA05,no Transition Curb needed,,62,ZGD048S5,4
91b8f8a911bff655d08192b7e34f37d1,48TCRD05,no Transition Curb needed,,62,ZGD048S5,4
91b8f8a911bff655d08192b7e34f37d1,48TCRE05,no Transition Curb needed,,62,ZGD048S5,4
91b8f8a911bff655d08192b7e34f37d1,48LJD005,no Transition Curb needed,,62,ZGD048S5,4
91b8f8a911bff655d08192b7e34f37d1,48LCE005,no Transition Curb needed,,62,ZGD048S5,4
91b8f8a911bff655d08192b7e34f37d1,48TCDD05,no Transition Curb needed,,62,ZGD048S5,4
91b8f8a911bff655d08192b7e34f37d1,48TCEA05,no Transition Curb needed,,62,ZGD048S5,4
91b8f8a911bff655d08192b7e34f37d1,48HER005,no Transition Curb needed,,62,ZGD048S5,4
91b8f8a911bff655d08192b7e34f37d1,48TCRA05,no Transition Curb needed,,62,ZGD048S5,4
91b8f8a911bff655d08192b7e34f37d1,48LJE005,no Transition Curb needed,,62,ZGD048S5,4
91b8f8a911bff655d08192b7e34f37d1,48LJF005,no Transition Curb needed,,62,ZGD048S5,4
91b8f8a911bff655d08192b7e34f37d1,48TCLB05,no Transition Curb needed,,62,ZGD048S5,4
91b8f8a911bff655d08192b7e34f37d1,48LCT005,no Transition Curb needed,,62,ZGD048S5,4
91b8f8a911bff655d08192b7e34f37d1,48TCDE05,no Transition Curb needed,,62,ZGD048S5,4
91b8f8a911bff655d08192b7e34f37d1,48LCR005,no Transition Curb needed,,62,ZGD048S5,4
91b8f8a911bff655d08192b7e34f37d1,48LCS005,no Transition Curb needed,,62,ZGD048S5,4
91b8f8a911bff655d08192b7e34f37d1,48TCEB05,no Transition Curb needed,,62,ZGD048S5,4
91b8f8a911bff655d08192b7e34f37d1,48TCEE05,no Transition Curb needed,,62,ZGD048S5,4
91b8f8a911bff655d08192b7e34f37d1,48TCDB05,no Transition Curb needed,,62,ZGD048S5,4
91b8f8a911bff655d08192b7e34f37d1,48TCED05,no Transition Curb needed,,62,ZGD048S5,4
91b8f8a911bff655d08192b7e34f37d1,48TCFE05,no Transition Curb needed,,62,ZGD048S5,4
91b8f8a911bff655d08192b7e34f37d1,48TCFA05,no Transition Curb needed,,62,ZGD048S5,4
91b8f8a911bff655d08192b7e34f37d1,48TCDA05,no Transition Curb needed,,62,ZGD048S5,4
91b8f8a911bff655d08192b7e34f37d1,48HET005,no Transition Curb needed,,62,ZGD048S5,4
91b8f8a911bff655d08192b7e34f37d1,48HEH005,no Transition Curb needed,,62,ZGD048S5,4
91b8f8a911bff655d08192b7e34f37d1,48TCFD05,no Transition Curb needed,,62,ZGD048S5,4
91b8f8a911bff655d08192b7e34f37d1,48TCFB05,no Transition Curb needed,,62,ZGD048S5,4
91b8f8a911bff655d08192b7e34f37d1,CPG048045,,,62,ZGD048S5,4
91b8f8a911bff655d08192b7e34f37d1,CPG048115,,,62,ZGD048S5,4
91b8f8a911bff655d08192b7e34f37d1,CPG048140,,,62,ZGD048S5,4
91b8f8a911bff655d08192b7e34f37d1,48HCTG05,no Transition Curb needed,,62,ZGD048S5,4
91b8f8a911bff655d08192b7e34f37d1,CPG048210,,,62,ZGD048S5,4
91b8f8a911bff655d08192b7e34f37d1,PGE048S,no Transition Curb needed,,62,ZGD048S5,4
91b8f8a911bff655d08192b7e34f37d1,CPG048400,,,62,ZGD048S5,4
91b8f8a911bff655d08192b7e34f37d1,RGS048L,no Transition Curb needed,,62,ZGD048S5,4
91b8f8a911bff655d08192b7e34f37d1,YCX042G3M0A,,,62,ZGD048S5,4
91b8f8a911bff655d08192b7e34f37d1,YCX048G3H0A,,,62,ZGD048S5,4
91b8f8a911bff655d08192b7e34f37d1,RGS048K,no Transition Curb needed,,62,ZGD048S5,4
91b8f8a911bff655d08192b7e34f37d1,CPG048350,,,62,ZGD048S5,4
91b8f8a911bff655d08192b7e34f37d1,CPG048090,,,62,ZGD048S5,4
91b8f8a911bff655d08192b7e34f37d1,RGS048H,no Transition Curb needed,,62,ZGD048S5,4
91b8f8a911bff655d08192b7e34f37d1,YCX048G4H0A,,,62,ZGD048S5,4
91b8f8a911bff655d08192b7e34f37d1,580CJV048,no Transition Curb needed,,62,ZGD048S5,4
91b8f8a911bff655d08192b7e34f37d1,580CPV048,no Transition Curb needed,,62,ZGD048S5,4
91b8f8a911bff655d08192b7e34f37d1,48HEN005,no Transition Curb needed,,62,ZGD048S5,4
91b8f8a911bff655d08192b7e34f37d1,580CTV048,no Transition Curb needed,,62,ZGD048S5,4
91b8f8a911bff655d08192b7e34f37d1,48HEL005,no Transition Curb needed,,62,ZGD048S5,4
91b8f8a911bff655d08192b7e34f37d1,RGS048S,no Transition Curb needed,,62,ZGD048S5,4
91b8f8a911bff655d08192b7e34f37d1,48HEG005,no Transition Curb needed,,62,ZGD048S5,4
91b8f8a911bff655d08192b7e34f37d1,PGH048S,no Transition Curb needed,,62,ZGD048S5,4
91b8f8a911bff655d08192b7e34f37d1,580F*V048,no Transition Curb needed,,62,ZGD048S5,4
91b8f8a911bff655d08192b7e34f37d1,580JP05,no Transition Curb needed,,62,ZGD048S5,4
91b8f8a911bff655d08192b7e34f37d1,580CBV048,no Transition Curb needed,,62,ZGD048S5,4
91b8f8a911bff655d08192b7e34f37d1,580CEV048,no Transition Curb needed,,62,ZGD048S5,4
91b8f8a911bff655d08192b7e34f37d1,48HEM005,no Transition Curb needed,,62,ZGD048S5,4
91b8f8a911bff655d08192b7e34f37d1,580JJ05,no Transition Curb needed,,62,ZGD048S5,4
91b8f8a911bff655d08192b7e34f37d1,580JE05,no Transition Curb needed,,62,ZGD048S5,4
91b8f8a911bff655d08192b7e34f37d1,580DT048,no Transition Curb needed,,62,ZGD048S5,4
91b8f8a911bff655d08192b7e34f37d1,GCS9-511-120,10M20,,62,ZGD048S5,4
91b8f8a911bff655d08192b7e34f37d1,580DE048,no Transition Curb needed,,62,ZGD048S5,4
91b8f8a911bff655d08192b7e34f37d1,580JT05,no Transition Curb needed,,62,ZGD048S5,4
91b8f8a911bff655d08192b7e34f37d1,48HJD005,no Transition Curb needed,,62,ZGD048S5,4
91b8f8a911bff655d08192b7e34f37d1,48HJN005,no Transition Curb needed,,62,ZGD048S5,4
91b8f8a911bff655d08192b7e34f37d1,48HCTF05,no Transition Curb needed,,62,ZGD048S5,4
91b8f8a911bff655d08192b7e34f37d1,48HCTD05,no Transition Curb needed,,62,ZGD048S5,4
91b8f8a911bff655d08192b7e34f37d1,580DJ048,no Transition Curb needed,,62,ZGD048S5,4
91b8f8a911bff655d08192b7e34f37d1,48DJD005,no Transition Curb needed,,62,ZGD048S5,4
91b8f8a911bff655d08192b7e34f37d1,48DJE005,no Transition Curb needed,,62,ZGD048S5,4
91b8f8a911bff655d08192b7e34f37d1,581J005,no Transition Curb needed,,62,ZGD048S5,4
91b8f8a911bff655d08192b7e34f37d1,48TFN005,no Transition Curb needed,,62,ZGD048S5,4
91b8f8a911bff655d08192b7e34f37d1,48HJE005,no Transition Curb needed,,62,ZGD048S5,4
91b8f8a911bff655d08192b7e34f37d1,48HJF005,no Transition Curb needed,,62,ZGD048S5,4
91b8f8a911bff655d08192b7e34f37d1,48HJL005,no Transition Curb needed,,62,ZGD048S5,4
91b8f8a911bff655d08192b7e34f37d1,48HJG005,no Transition Curb needed,,62,ZGD048S5,4
91b8f8a911bff655d08192b7e34f37d1,48HJR005,no Transition Curb needed,,62,ZGD048S5,4
91b8f8a911bff655d08192b7e34f37d1,48HJK005,no Transition Curb needed,,62,ZGD048S5,4
91b8f8a911bff655d08192b7e34f37d1,48HJH005,no Transition Curb needed,,62,ZGD048S5,4
91b8f8a911bff655d08192b7e34f37d1,48HJT005,no Transition Curb needed,,62,ZGD048S5,4
91b8f8a911bff655d08192b7e34f37d1,48HJS005,no Transition Curb needed,,62,ZGD048S5,4
91b8f8a911bff655d08192b7e34f37d1,48HJM005,no Transition Curb needed,,62,ZGD048S5,4
91b8f8a911bff655d08192b7e34f37d1,580FE048,no Transition Curb needed,,62,ZGD048S5,4
91b8f8a911bff655d08192b7e34f37d1,48HC-A05,no Transition Curb needed,,62,ZGD048S5,4
91b8f8a911bff655d08192b7e34f37d1,48TFE005,no Transition Curb needed,,62,ZGD048S5,4
91b8f8a911bff655d08192b7e34f37d1,580FT048,no Transition Curb needed,,62,ZGD048S5,4
91b8f8a911bff655d08192b7e34f37d1,48TJE005,no Transition Curb needed,,62,ZGD048S5,4
91b8f8a911bff655d08192b7e34f37d1,580FP048,no Transition Curb needed,,62,ZGD048S5,4
91b8f8a911bff655d08192b7e34f37d1,48TFL005,no Transition Curb needed,,62,ZGD048S5,4
91b8f8a911bff655d08192b7e34f37d1,580FJ048,no Transition Curb needed,,62,ZGD048S5,4
91b8f8a911bff655d08192b7e34f37d1,581BP048,no Transition Curb needed,,62,ZGD048S5,4
91b8f8a911bff655d08192b7e34f37d1,48TFF005,no Transition Curb needed,,62,ZGD048S5,4
91b8f8a911bff655d08192b7e34f37d1,581BE048,no Transition Curb needed,,62,ZGD048S5,4
91b8f8a911bff655d08192b7e34f37d1,48TML005,no Transition Curb needed,,62,ZGD048S5,4
91b8f8a911bff655d08192b7e34f37d1,48TME005,no Transition Curb needed,,62,ZGD048S5,4
91b8f8a911bff655d08192b7e34f37d1,581CP048,no Transition Curb needed,,62,ZGD048S5,4
91b8f8a911bff655d08192b7e34f37d1,581CE048,no Transition Curb needed,,62,ZGD048S5,4
91b8f8a911bff655d08192b7e34f37d1,581BJ048,no Transition Curb needed,,62,ZGD048S5,4
91b8f8a911bff655d08192b7e34f37d1,48TJF005,no Transition Curb needed,,62,ZGD048S5,4
91b8f8a911bff655d08192b7e34f37d1,48TMD005,no Transition Curb needed,,62,ZGD048S5,4
91b8f8a911bff655d08192b7e34f37d1,48HCTE05,no Transition Curb needed,,62,ZGD048S5,4
91b8f8a911bff655d08192b7e34f37d1,48TMN005,no Transition Curb needed,,62,ZGD048S5,4
91b8f8a911bff655d08192b7e34f37d1,48TMM005,no Transition Curb needed,,62,ZGD048S5,4
91b8f8a911bff655d08192b7e34f37d1,581CJ048,no Transition Curb needed,,62,ZGD048S5,4
91b8f8a911bff655d08192b7e34f37d1,48TFD005,no Transition Curb needed,,62,ZGD048S5,4
91b8f8a911bff655d08192b7e34f37d1,581BT048,no Transition Curb needed,,62,ZGD048S5,4
91b8f8a911bff655d08192b7e34f37d1,581CT048,no Transition Curb needed,,62,ZGD048S5,4
91b8f8a911bff655d08192b7e34f37d1,48TMF005,no Transition Curb needed,,62,ZGD048S5,4
91b8f8a911bff655d08192b7e34f37d1,48HCMG05,no Transition Curb needed,,62,ZGD048S5,4
91b8f8a911bff655d08192b7e34f37d1,48HCSE05,no Transition Curb needed,,62,ZGD048S5,4
91b8f8a911bff655d08192b7e34f37d1,48HCNF05,no Transition Curb needed,,62,ZGD048S5,4
91b8f8a911bff655d08192b7e34f37d1,48HCNE05,no Transition Curb needed,,62,ZGD048S5,4
91b8f8a911bff655d08192b7e34f37d1,48HCND05,no Transition Curb needed,,62,ZGD048S5,4
91b8f8a911bff655d08192b7e34f37d1,48HCSB05,no Transition Curb needed,,62,ZGD048S5,4
91b8f8a911bff655d08192b7e34f37d1,48HCMB05,no Transition Curb needed,,62,ZGD048S5,4
91b8f8a911bff655d08192b7e34f37d1,48HC-B05,no Transition Curb needed,,62,ZGD048S5,4
91b8f8a911bff655d08192b7e34f37d1,48HCMD05,no Transition Curb needed,,62,ZGD048S5,4
91b8f8a911bff655d08192b7e34f37d1,48HCME05,no Transition Curb needed,,62,ZGD048S5,4
91b8f8a911bff655d08192b7e34f37d1,48HCMF05,no Transition Curb needed,,62,ZGD048S5,4
91b8f8a911bff655d08192b7e34f37d1,48HC-E05,no Transition Curb needed,,62,ZGD048S5,4
91b8f8a911bff655d08192b7e34f37d1,48HCNB05,no Transition Curb needed,,62,ZGD048S5,4
91b8f8a911bff655d08192b7e34f37d1,48HCRB05,no Transition Curb needed,,62,ZGD048S5,4
91b8f8a911bff655d08192b7e34f37d1,48HCRD05,no Transition Curb needed,,62,ZGD048S5,4
91b8f8a911bff655d08192b7e34f37d1,48HCTB05,no Transition Curb needed,,62,ZGD048S5,4
91b8f8a911bff655d08192b7e34f37d1,48HCSD05,no Transition Curb needed,,62,ZGD048S5,4
91b8f8a911bff655d08192b7e34f37d1,48HCRG05,no Transition Curb needed,,62,ZGD048S5,4
91b8f8a911bff655d08192b7e34f37d1,48HCSA05,no Transition Curb needed,,62,ZGD048S5,4
91b8f8a911bff655d08192b7e34f37d1,48HCSG05,no Transition Curb needed,,62,ZGD048S5,4
91b8f8a911bff655d08192b7e34f37d1,48HCNG05,no Transition Curb needed,,62,ZGD048S5,4
91b8f8a911bff655d08192b7e34f37d1,48HCSF05,no Transition Curb needed,,62,ZGD048S5,4
91b8f8a911bff655d08192b7e34f37d1,48HC-D05,no Transition Curb needed,,62,ZGD048S5,4
91b8f8a911bff655d08192b7e34f37d1,48HCDD05,no Transition Curb needed,,62,ZGD048S5,4
91b8f8a911bff655d08192b7e34f37d1,48HCDF05,no Transition Curb needed,,62,ZGD048S5,4
91b8f8a911bff655d08192b7e34f37d1,48HCLF05,no Transition Curb needed,,62,ZGD048S5,4
91b8f8a911bff655d08192b7e34f37d1,48HCMA05,no Transition Curb needed,,62,ZGD048S5,4
91b8f8a911bff655d08192b7e34f37d1,48HCRF05,no Transition Curb needed,,62,ZGD048S5,4
91b8f8a911bff655d08192b7e34f37d1,48HCRE05,no Transition Curb needed,,62,ZGD048S5,4
91b8f8a911bff655d08192b7e34f37d1,48HCRA05,no Transition Curb needed,,62,ZGD048S5,4
91b8f8a911bff655d08192b7e34f37d1,48HCTA05,no Transition Curb needed,,62,ZGD048S5,4
91b8f8a911bff655d08192b7e34f37d1,48HCDG05,no Transition Curb needed,,62,ZGD048S5,4
91b8f8a911bff655d08192b7e34f37d1,48HCEA05,no Transition Curb needed,,62,ZGD048S5,4
91b8f8a911bff655d08192b7e34f37d1,48HCEB05,no Transition Curb needed,,62,ZGD048S5,4
91b8f8a911bff655d08192b7e34f37d1,48HCDA05,no Transition Curb needed,,62,ZGD048S5,4
91b8f8a911bff655d08192b7e34f37d1,48HC-F05,no Transition Curb needed,,62,ZGD048S5,4
91b8f8a911bff655d08192b7e34f37d1,48HCFE05,no Transition Curb needed,,62,ZGD048S5,4
91b8f8a911bff655d08192b7e34f37d1,48HCDE05,no Transition Curb needed,,62,ZGD048S5,4
91b8f8a911bff655d08192b7e34f37d1,48HCLG05,no Transition Curb needed,,62,ZGD048S5,4
91b8f8a911bff655d08192b7e34f37d1,48HCDB05,no Transition Curb needed,,62,ZGD048S5,4
91b8f8a911bff655d08192b7e34f37d1,48HC-G05,no Transition Curb needed,,62,ZGD048S5,4
91b8f8a911bff655d08192b7e34f37d1,48HCFF05,no Transition Curb needed,,62,ZGD048S5,4
91b8f8a911bff655d08192b7e34f37d1,48HCFA05,no Transition Curb needed,,62,ZGD048S5,4
91b8f8a911bff655d08192b7e34f37d1,48HCLD05,no Transition Curb needed,,62,ZGD048S5,4
91b8f8a911bff655d08192b7e34f37d1,48HCEG05,no Transition Curb needed,,62,ZGD048S5,4
91b8f8a911bff655d08192b7e34f37d1,48HCFB05,no Transition Curb needed,,62,ZGD048S5,4
91b8f8a911bff655d08192b7e34f37d1,48HCLE05,no Transition Curb needed,,62,ZGD048S5,4
91b8f8a911bff655d08192b7e34f37d1,48HCEE05,no Transition Curb needed,,62,ZGD048S5,4
91b8f8a911bff655d08192b7e34f37d1,48HCFD05,no Transition Curb needed,,62,ZGD048S5,4
91b8f8a911bff655d08192b7e34f37d1,48HCFG05,no Transition Curb needed,,62,ZGD048S5,4
91b8f8a911bff655d08192b7e34f37d1,48HCLB05,no Transition Curb needed,,62,ZGD048S5,4
91b8f8a911bff655d08192b7e34f37d1,GPFM48H080,,,62,ZGD048S5,4
91b8f8a911bff655d08192b7e34f37d1,PGB048F1H,,,62,ZGD048S5,4
91b8f8a911bff655d08192b7e34f37d1,PGB048D1L,,,62,ZGD048S5,4
91b8f8a911bff655d08192b7e34f37d1,PGB048F2S,,,62,ZGD048S5,4
91b8f8a911bff655d08192b7e34f37d1,GPFM48L080,,,62,ZGD048S5,4
91b8f8a911bff655d08192b7e34f37d1,574DEW048115,,,62,ZGD048S5,4
91b8f8a911bff655d08192b7e34f37d1,48HCEF05,no Transition Curb needed,,62,ZGD048S5,4
91b8f8a911bff655d08192b7e34f37d1,48HCLA05,no Transition Curb needed,,62,ZGD048S5,4
91b8f8a911bff655d08192b7e34f37d1,GCS9-511-150,10M20,,62,ZGD048S5,4
91b8f8a911bff655d08192b7e34f37d1,PGB048D1H,,,62,ZGD048S5,4
91b8f8a911bff655d08192b7e34f37d1,GPFM48H120,,,62,ZGD048S5,4
91b8f8a911bff655d08192b7e34f37d1,PGB048F1L,,,62,ZGD048S5,4
91b8f8a911bff655d08192b7e34f37d1,GPFM48L120,,,62,ZGD048S5,4
91b8f8a911bff655d08192b7e34f37d1,48LDT005,,,62,ZGD048S5,4
91b8f8a911bff655d08192b7e34f37d1,GPFM48S120,,,62,ZGD048S5,4
91b8f8a911bff655d08192b7e34f37d1,SPCG481153,,,62,ZGD048S5,4
91b8f8a911bff655d08192b7e34f37d1,PGB048F2H,,,62,ZGD048S5,4
91b8f8a911bff655d08192b7e34f37d1,GPFM48S080,,,62,ZGD048S5,4
91b8f8a911bff655d08192b7e34f37d1,48KCDA05A0,no Transition Curb needed,,62,ZGD048S5,4
91b8f8a911bff655d08192b7e34f37d1,574DEW048130,,,62,ZGD048S5,4
91b8f8a911bff655d08192b7e34f37d1,574DPW048115,,,62,ZGD048S5,4
91b8f8a911bff655d08192b7e34f37d1,574DPW048090,,,62,ZGD048S5,4
91b8f8a911bff655d08192b7e34f37d1,PGB048F2L,,,62,ZGD048S5,4
91b8f8a911bff655d08192b7e34f37d1,574DPW048130,,,62,ZGD048S5,4
91b8f8a911bff655d08192b7e34f37d1,48TMD005-3,no Transition Curb needed,,62,ZGD048S5,4
91b8f8a911bff655d08192b7e34f37d1,580JJ05A150,no Transition Curb needed,,62,ZGD048S5,4
91b8f8a911bff655d08192b7e34f37d1,48HJF005-3,no Transition Curb needed,,62,ZGD048S5,4
91b8f8a911bff655d08192b7e34f37d1,580JJ05A072,no Transition Curb needed,,62,ZGD048S5,4
91b8f8a911bff655d08192b7e34f37d1,580JJ05A115,no Transition Curb needed,,62,ZGD048S5,4
91b8f8a911bff655d08192b7e34f37d1,48TME005-3,no Transition Curb needed,,62,ZGD048S5,4
91b8f8a911bff655d08192b7e34f37d1,48TMF005-3,no Transition Curb needed,,62,ZGD048S5,4
91b8f8a911bff655d08192b7e34f37d1,SPCG481151,,,62,ZGD048S5,4
91b8f8a911bff655d08192b7e34f37d1,48KCDA05A2,no Transition Curb needed,,62,ZGD048S5,4
91b8f8a911bff655d08192b7e34f37d1,48KCFA05A1,no Transition Curb needed,,62,ZGD048S5,4
91b8f8a911bff655d08192b7e34f37d1,48TJF005-3,no Transition Curb needed,,62,ZGD048S5,4
91b8f8a911bff655d08192b7e34f37d1,48HJD005-3,no Transition Curb needed,,62,ZGD048S5,4
91b8f8a911bff655d08192b7e34f37d1,48TJE005-3,no Transition Curb needed,,62,ZGD048S5,4
91b8f8a911bff655d08192b7e34f37d1,48DJE005-3,no Transition Curb needed,,62,ZGD048S5,4
91b8f8a911bff655d08192b7e34f37d1,48DJD005-3,no Transition Curb needed,,62,ZGD048S5,4
91b8f8a911bff655d08192b7e34f37d1,48KCFA05A3,no Transition Curb needed,,62,ZGD048S5,4
91b8f8a911bff655d08192b7e34f37d1,48HJE005-3,no Transition Curb needed,,62,ZGD048S5,4
91b8f8a911bff655d08192b7e34f37d1,48TJD005-3,no Transition Curb needed,,62,ZGD048S5,4
91b8f8a911bff655d08192b7e34f37d1,48KCEA05A1,no Transition Curb needed,,62,ZGD048S5,4
91b8f8a911bff655d08192b7e34f37d1,YCC048,,,62,ZGD048S5,4
91b8f8a911bff655d08192b7e34f37d1,48KCDA05A1,no Transition Curb needed,,62,ZGD048S5,4
91b8f8a911bff655d08192b7e34f37d1,48KCEA05A2,no Transition Curb needed,,62,ZGD048S5,4
91b8f8a911bff655d08192b7e34f37d1,48KCDA05A3,no Transition Curb needed,,62,ZGD048S5,4
91b8f8a911bff655d08192b7e34f37d1,RRGGE49,,,62,ZGD048S5,4
91b8f8a911bff655d08192b7e34f37d1,48KCEA05A3,no Transition Curb needed,,62,ZGD048S5,4
91b8f8a911bff655d08192b7e34f37d1,48KCFA05A0,no Transition Curb needed,,62,ZGD048S5,4
91b8f8a911bff655d08192b7e34f37d1,48KCFA05A2,no Transition Curb needed,,62,ZGD048S5,4
91b8f8a911bff655d08192b7e34f37d1,48KCEA05A0,no Transition Curb needed,,62,ZGD048S5,4
91b8f8a911bff655d08192b7e34f37d1,GCS3-513-150,,,62,ZGD048S5,4
91b8f8a911bff655d08192b7e34f37d1,YCP048,,,62,ZGD048S5,4
91b8f8a911bff655d08192b7e34f37d1,48DJ045,,,62,ZGD048S5,4
91b8f8a911bff655d08192b7e34f37d1,RKKA-A048,,,62,ZGD048S5,4
91b8f8a911bff655d08192b7e34f37d1,RKMA-A048,,,62,ZGD048S5,4
91b8f8a911bff655d08192b7e34f37d1,GCS3-513-120,,,62,ZGD048S5,4
91b8f8a911bff655d08192b7e34f37d1,YCD048,,,62,ZGD048S5,4
91b8f8a911bff655d08192b7e34f37d1,YCM048,,,62,ZGD048S5,4
91b8f8a911bff655d08192b7e34f37d1,585HP048080,,,62,ZGD048S5,4
91b8f8a911bff655d08192b7e34f37d1,TGA048S2BM,,,62,ZGD048S5,4
91b8f8a911bff655d08192b7e34f37d1,48DE005,,,62,ZGD048S5,4
91b8f8a911bff655d08192b7e34f37d1,48DP005,,,62,ZGD048S5,4
91b8f8a911bff655d08192b7e34f37d1,TGA048S2BS,,,62,ZGD048S5,4
91b8f8a911bff655d08192b7e34f37d1,YCY048,,,62,ZGD048S5,4
91b8f8a911bff655d08192b7e34f37d1,YCX048,,,62,ZGD048S5,4
91b8f8a911bff655d08192b7e34f37d1,48DE045,,,62,ZGD048S5,4
91b8f8a911bff655d08192b7e34f37d1,48DT045,,,62,ZGD048S5,4
91b8f8a911bff655d08192b7e34f37d1,48DT005,,,62,ZGD048S5,4
91b8f8a911bff655d08192b7e34f37d1,585JP048125,,,62,ZGD048S5,4
91b8f8a911bff655d08192b7e34f37d1,TGA048S2BH,,,62,ZGD048S5,4
91b8f8a911bff655d08192b7e34f37d1,574DNW048130,,,62,ZGD048S5,4
91b8f8a911bff655d08192b7e34f37d1,579DP048080,,,62,ZGD048S5,4
91b8f8a911bff655d08192b7e34f37d1,579DJ048080,,,62,ZGD048S5,4
91b8f8a911bff655d08192b7e34f37d1,GCS10-511-75,,,62,ZGD048S5,4
91b8f8a911bff655d08192b7e34f37d1,48DP045,,,62,ZGD048S5,4
91b8f8a911bff655d08192b7e34f37d1,574DNW048115,,,62,ZGD048S5,4
91b8f8a911bff655d08192b7e34f37d1,48DJ005,no Transition Curb needed,,62,ZGD048S5,4
91b8f8a911bff655d08192b7e34f37d1,574DNW048090,,,62,ZGD048S5,4
91b8f8a911bff655d08192b7e34f37d1,585JJ048125,,,62,ZGD048S5,4
91b8f8a911bff655d08192b7e34f37d1,579DJ048120,,,62,ZGD048S5,4
91b8f8a911bff655d08192b7e34f37d1,YCX042G1M0A,,,62,ZGD048S5,4
91b8f8a911bff655d08192b7e34f37d1,48LDT005-3,,,62,ZGD048S5,4
91b8f8a911bff655d08192b7e34f37d1,579DP048120,,,62,ZGD048S5,4
91b8f8a911bff655d08192b7e34f37d1,585HE048080,,,62,ZGD048S5,4
91b8f8a911bff655d08192b7e34f37d1,585HJ048080,,,62,ZGD048S5,4
91b8f8a911bff655d08192b7e34f37d1,579DE048080,,,62,ZGD048S5,4
91b8f8a911bff655d08192b7e34f37d1,579DE048120,,,62,ZGD048S5,4
91b8f8a911bff655d08192b7e34f37d1,GPFM42K100,,,62,ZGD048S5,4
91b8f8a911bff655d08192b7e34f37d1,GPFM42K080,,,62,ZGD048S5,4
91b8f8a911bff655d08192b7e34f37d1,48HCD05,no Transition Curb needed,,62,ZGD048S5,4
91b8f8a911bff655d08192b7e34f37d1,YCX048G1H0A,,,62,ZGD048S5,4
91b8f8a911bff655d08192b7e34f37d1,DL-04N,10L32,,62,ZGD048S5,4
91b8f8a911bff655d08192b7e34f37d1,RRMA-A048,,,62,ZGD048S5,4
91b8f8a911bff655d08192b7e34f37d1,DJ048N,10L32,,62,ZGD048S5,4
91b8f8a911bff655d08192b7e34f37d1,DHUC-W048N,10L32,,62,ZGD048S5,4
91b8f8a911bff655d08192b7e34f37d1,DHUC-X048N,10L32,,62,ZGD048S5,4
91b8f8a911bff655d08192b7e34f37d1,PGMB048H,,,62,ZGD048S5,4
91b8f8a911bff655d08192b7e34f37d1,GCS9-513-120,10M20,,62,ZGD048S5,4
91b8f8a911bff655d08192b7e34f37d1,RKNL-A048,,,62,ZGD048S5,4
91b8f8a911bff655d08192b7e34f37d1,GCS9-513-150,10M20,,62,ZGD048S5,4
91b8f8a911bff655d08192b7e34f37d1,DHUC-T048N,10L32,,62,ZGD048S5,4
91b8f8a911bff655d08192b7e34f37d1,DSG048,,,62,ZGD048S5,4
91b8f8a911bff655d08192b7e34f37d1,48LD005,,,62,ZGD048S5,4
91b8f8a911bff655d08192b7e34f37d1,D7CG048N06025,,,62,ZGD048S5,4
91b8f8a911bff655d08192b7e34f37d1,DW-04D,10L32,,62,ZGD048S5,4
91b8f8a911bff655d08192b7e34f37d1,D7CG048N09946,,,62,ZGD048S5,4
91b8f8a911bff655d08192b7e34f37d1,D7CG048N09925,,,62,ZGD048S5,4
91b8f8a911bff655d08192b7e34f37d1,D7CG048N06046,,,62,ZGD048S5,4
91b8f8a911bff655d08192b7e34f37d1,D7CG048N09958,,,62,ZGD048S5,4
91b8f8a911bff655d08192b7e34f37d1,DW-04N,10L32,,62,ZGD048S5,4
91b8f8a911bff655d08192b7e34f37d1,D7CG048N06058,,,62,ZGD048S5,4
91b8f8a911bff655d08192b7e34f37d1,GCS16-048-120 (on partial perimeter curb),31B58,,62,ZGD048S5,4
91b8f8a911bff655d08192b7e34f37d1,GCS16-511-125,31B67,,62,ZGD048S5,4
91b8f8a911bff655d08192b7e34f37d1,GCS16-511-75,31B67,,62,ZGD048S5,4
91b8f8a911bff655d08192b7e34f37d1,GCS16-048-75 (on full perimeter curb),31B67,,62,ZGD048S5,4
91b8f8a911bff655d08192b7e34f37d1,GCS20-048-75,31B67,,62,ZGD048S5,4
91b8f8a911bff655d08192b7e34f37d1,GCS20-048-120,31B67,,62,ZGD048S5,4
91b8f8a911bff655d08192b7e34f37d1,GCS16-048-120 (on full perimeter curb),31B67,,62,ZGD048S5,4
91b8f8a911bff655d08192b7e34f37d1,RPGE13A48,,,,ZGD048S5,4
91b8f8a911bff655d08192b7e34f37d1,GCS16-048-75 (on partial perimeter curb),31B58,,62,ZGD048S5,4
91b8f8a911bff655d08192b7e34f37d1,YSC043G,,,,ZGD048S5,4
91b8f8a911bff655d08192b7e34f37d1,48HJE004-5,no Transition Curb needed,,61,ZGD036S5,4
91b8f8a911bff655d08192b7e34f37d1,48DJ004,,,61,ZGD036S5,4
91b8f8a911bff655d08192b7e34f37d1,DW-03D,10L32,,61,ZGD036S5,4
91b8f8a911bff655d08192b7e34f37d1,GCS9-413-90,10M20,,61,ZGD036S5,4
91b8f8a911bff655d08192b7e34f37d1,GCS9-413-120,10M20,,61,ZGD036S5,4
91b8f8a911bff655d08192b7e34f37d1,YCH036,Ducting Transition may be required.,,61,ZGD036S5,4
91b8f8a911bff655d08192b7e34f37d1,YCX060G1M0A,,,61,ZGD036S5,4
91b8f8a911bff655d08192b7e34f37d1,48HCMA04,no Transition Curb needed,,61,ZGD036S5,4
91b8f8a911bff655d08192b7e34f37d1,48HCFA04,no Transition Curb needed,,61,ZGD036S5,4
91b8f8a911bff655d08192b7e34f37d1,48HC-D04,no Transition Curb needed,,61,ZGD036S5,4
91b8f8a911bff655d08192b7e34f37d1,48HC-F04,no Transition Curb needed,,61,ZGD036S5,4
91b8f8a911bff655d08192b7e34f37d1,48HJL004,no Transition Curb needed,,61,ZGD036S5,4
91b8f8a911bff655d08192b7e34f37d1,48TCNE04,no Transition Curb needed,,61,ZGD036S5,4
91b8f8a911bff655d08192b7e34f37d1,48TCSE04,no Transition Curb needed,,61,ZGD036S5,4
91b8f8a911bff655d08192b7e34f37d1,48TCSD04,no Transition Curb needed,,61,ZGD036S5,4
91b8f8a911bff655d08192b7e34f37d1,48TJD004,no Transition Curb needed,,61,ZGD036S5,4
91b8f8a911bff655d08192b7e34f37d1,48TCSA04,no Transition Curb needed,,61,ZGD036S5,4
91b8f8a911bff655d08192b7e34f37d1,48TCRB04,no Transition Curb needed,,61,ZGD036S5,4
91b8f8a911bff655d08192b7e34f37d1,48HED004,no Transition Curb needed,,61,ZGD036S5,4
91b8f8a911bff655d08192b7e34f37d1,48TCSB04,no Transition Curb needed,,61,ZGD036S5,4
91b8f8a911bff655d08192b7e34f37d1,48TCRE04,no Transition Curb needed,,61,ZGD036S5,4
91b8f8a911bff655d08192b7e34f37d1,48TCTD04,no Transition Curb needed,,61,ZGD036S5,4
91b8f8a911bff655d08192b7e34f37d1,48TCND04,no Transition Curb needed,,61,ZGD036S5,4
91b8f8a911bff655d08192b7e34f37d1,48TCRD04,no Transition Curb needed,,61,ZGD036S5,4
91b8f8a911bff655d08192b7e34f37d1,48TCRA04,no Transition Curb needed,,61,ZGD036S5,4
91b8f8a911bff655d08192b7e34f37d1,48HES004,no Transition Curb needed,,61,ZGD036S5,4
91b8f8a911bff655d08192b7e34f37d1,48HEE004,no Transition Curb needed,,61,ZGD036S5,4
91b8f8a911bff655d08192b7e34f37d1,48HEG004,no Transition Curb needed,,61,ZGD036S5,4
91b8f8a911bff655d08192b7e34f37d1,48HEH004,no Transition Curb needed,,61,ZGD036S5,4
91b8f8a911bff655d08192b7e34f37d1,48TCTB04,no Transition Curb needed,,61,ZGD036S5,4
91b8f8a911bff655d08192b7e34f37d1,48HJT004,no Transition Curb needed,,61,ZGD036S5,4
91b8f8a911bff655d08192b7e34f37d1,48HEM004,no Transition Curb needed,,61,ZGD036S5,4
91b8f8a911bff655d08192b7e34f37d1,48HEF004,no Transition Curb needed,,61,ZGD036S5,4
91b8f8a911bff655d08192b7e34f37d1,48HET004,no Transition Curb needed,,61,ZGD036S5,4
91b8f8a911bff655d08192b7e34f37d1,48TCTA04,no Transition Curb needed,,61,ZGD036S5,4
91b8f8a911bff655d08192b7e34f37d1,48HER004,no Transition Curb needed,,61,ZGD036S5,4
91b8f8a911bff655d08192b7e34f37d1,48TCMD04,no Transition Curb needed,,61,ZGD036S5,4
91b8f8a911bff655d08192b7e34f37d1,48TCTE04,no Transition Curb needed,,61,ZGD036S5,4
91b8f8a911bff655d08192b7e34f37d1,48TCNB04,no Transition Curb needed,,61,ZGD036S5,4
91b8f8a911bff655d08192b7e34f37d1,48HJH004,no Transition Curb needed,,61,ZGD036S5,4
91b8f8a911bff655d08192b7e34f37d1,48HJG004,no Transition Curb needed,,61,ZGD036S5,4
91b8f8a911bff655d08192b7e34f37d1,48TCNA04,no Transition Curb needed,,61,ZGD036S5,4
91b8f8a911bff655d08192b7e34f37d1,48HEN004,no Transition Curb needed,,61,ZGD036S5,4
91b8f8a911bff655d08192b7e34f37d1,48HEK004,no Transition Curb needed,,61,ZGD036S5,4
91b8f8a911bff655d08192b7e34f37d1,48HJK004,no Transition Curb needed,,61,ZGD036S5,4
91b8f8a911bff655d08192b7e34f37d1,48HEL004,no Transition Curb needed,,61,ZGD036S5,4
91b8f8a911bff655d08192b7e34f37d1,48TCEA04,no Transition Curb needed,,61,ZGD036S5,4
91b8f8a911bff655d08192b7e34f37d1,48HJM004,no Transition Curb needed,,61,ZGD036S5,4
91b8f8a911bff655d08192b7e34f37d1,48TCEB04,no Transition Curb needed,,61,ZGD036S5,4
91b8f8a911bff655d08192b7e34f37d1,48TCDA04,no Transition Curb needed,,61,ZGD036S5,4
91b8f8a911bff655d08192b7e34f37d1,48TCED04,no Transition Curb needed,,61,ZGD036S5,4
91b8f8a911bff655d08192b7e34f37d1,48TCEE04,no Transition Curb needed,,61,ZGD036S5,4
91b8f8a911bff655d08192b7e34f37d1,48HJN004,no Transition Curb needed,,61,ZGD036S5,4
91b8f8a911bff655d08192b7e34f37d1,48TCDD04,no Transition Curb needed,,61,ZGD036S5,4
91b8f8a911bff655d08192b7e34f37d1,48TCDE04,no Transition Curb needed,,61,ZGD036S5,4
91b8f8a911bff655d08192b7e34f37d1,48TCDB04,no Transition Curb needed,,61,ZGD036S5,4
91b8f8a911bff655d08192b7e34f37d1,48TCLE04,no Transition Curb needed,,61,ZGD036S5,4
91b8f8a911bff655d08192b7e34f37d1,48HJR004,no Transition Curb needed,,61,ZGD036S5,4
91b8f8a911bff655d08192b7e34f37d1,48TCMB04,no Transition Curb needed,,61,ZGD036S5,4
91b8f8a911bff655d08192b7e34f37d1,48TCFD04,no Transition Curb needed,,61,ZGD036S5,4
91b8f8a911bff655d08192b7e34f37d1,48TCLB04,no Transition Curb needed,,61,ZGD036S5,4
91b8f8a911bff655d08192b7e34f37d1,48TCLD04,no Transition Curb needed,,61,ZGD036S5,4
91b8f8a911bff655d08192b7e34f37d1,48TCFA04,no Transition Curb needed,,61,ZGD036S5,4
91b8f8a911bff655d08192b7e34f37d1,48TCFE04,no Transition Curb needed,,61,ZGD036S5,4
91b8f8a911bff655d08192b7e34f37d1,48TCME04,no Transition Curb needed,,61,ZGD036S5,4
91b8f8a911bff655d08192b7e34f37d1,580CBV036,no Transition Curb needed,,61,ZGD036S5,4
91b8f8a911bff655d08192b7e34f37d1,48TCFB04,no Transition Curb needed,,61,ZGD036S5,4
91b8f8a911bff655d08192b7e34f37d1,CPG036140,,,61,ZGD036S5,4
91b8f8a911bff655d08192b7e34f37d1,CPG036045,,,61,ZGD036S5,4
91b8f8a911bff655d08192b7e34f37d1,48TCLA04,no Transition Curb needed,,61,ZGD036S5,4
91b8f8a911bff655d08192b7e34f37d1,PGH036S,no Transition Curb needed,,61,ZGD036S5,4
91b8f8a911bff655d08192b7e34f37d1,48TCMA04,no Transition Curb needed,,61,ZGD036S5,4
91b8f8a911bff655d08192b7e34f37d1,CPG036090,,,61,ZGD036S5,4
91b8f8a911bff655d08192b7e34f37d1,CPG036400,,,61,ZGD036S5,4
91b8f8a911bff655d08192b7e34f37d1,CPG036115,,,61,ZGD036S5,4
91b8f8a911bff655d08192b7e34f37d1,RGS036L,no Transition Curb needed,,61,ZGD036S5,4
91b8f8a911bff655d08192b7e34f37d1,RGS036H,no Transition Curb needed,,61,ZGD036S5,4
91b8f8a911bff655d08192b7e34f37d1,PGE036S,no Transition Curb needed,,61,ZGD036S5,4
91b8f8a911bff655d08192b7e34f37d1,CPG036350,,,61,ZGD036S5,4
91b8f8a911bff655d08192b7e34f37d1,YCX036G3M0A,,,61,ZGD036S5,4
91b8f8a911bff655d08192b7e34f37d1,580CJV036,no Transition Curb needed,,61,ZGD036S5,4
91b8f8a911bff655d08192b7e34f37d1,YCX036G4M0A,,,61,ZGD036S5,4
91b8f8a911bff655d08192b7e34f37d1,CPG036210,,,61,ZGD036S5,4
91b8f8a911bff655d08192b7e34f37d1,YCX036G4H0A,,,61,ZGD036S5,4
91b8f8a911bff655d08192b7e34f37d1,RGS036K,no Transition Curb needed,,61,ZGD036S5,4
91b8f8a911bff655d08192b7e34f37d1,YCX036G3H0A,,,61,ZGD036S5,4
91b8f8a911bff655d08192b7e34f37d1,YCX036G3L0A,,,61,ZGD036S5,4
91b8f8a911bff655d08192b7e34f37d1,580JJ04,no Transition Curb needed,,61,ZGD036S5,4
91b8f8a911bff655d08192b7e34f37d1,580CEV036,no Transition Curb needed,,61,ZGD036S5,4
91b8f8a911bff655d08192b7e34f37d1,RGS036,no Transition Curb needed,,61,ZGD036S5,4
91b8f8a911bff655d08192b7e34f37d1,YCX042G3M0A,,,61,ZGD036S5,4
91b8f8a911bff655d08192b7e34f37d1,YCX036G4L0A,,,61,ZGD036S5,4
91b8f8a911bff655d08192b7e34f37d1,580JP04,no Transition Curb needed,,61,ZGD036S5,4
91b8f8a911bff655d08192b7e34f37d1,580JT04,no Transition Curb needed,,61,ZGD036S5,4
91b8f8a911bff655d08192b7e34f37d1,580JE04,no Transition Curb needed,,61,ZGD036S5,4
91b8f8a911bff655d08192b7e34f37d1,580CTV036,no Transition Curb needed,,61,ZGD036S5,4
91b8f8a911bff655d08192b7e34f37d1,580F*V036,no Transition Curb needed,,61,ZGD036S5,4
91b8f8a911bff655d08192b7e34f37d1,580CPV036,no Transition Curb needed,,61,ZGD036S5,4
91b8f8a911bff655d08192b7e34f37d1,581JJ004,no Transition Curb needed,,61,ZGD036S5,4
91b8f8a911bff655d08192b7e34f37d1,48HC-B04,no Transition Curb needed,,61,ZGD036S5,4
91b8f8a911bff655d08192b7e34f37d1,580DT036,no Transition Curb needed,,61,ZGD036S5,4
91b8f8a911bff655d08192b7e34f37d1,581JT004,no Transition Curb needed,,61,ZGD036S5,4
91b8f8a911bff655d08192b7e34f37d1,48HC-A04,no Transition Curb needed,,61,ZGD036S5,4
91b8f8a911bff655d08192b7e34f37d1,48HJF004,no Transition Curb needed,,61,ZGD036S5,4
91b8f8a911bff655d08192b7e34f37d1,48HJE004,no Transition Curb needed,,61,ZGD036S5,4
91b8f8a911bff655d08192b7e34f37d1,581JE004,no Transition Curb needed,,61,ZGD036S5,4
91b8f8a911bff655d08192b7e34f37d1,48HJS004,no Transition Curb needed,,61,ZGD036S5,4
91b8f8a911bff655d08192b7e34f37d1,581JP004,no Transition Curb needed,,61,ZGD036S5,4
91b8f8a911bff655d08192b7e34f37d1,48HCDD04,no Transition Curb needed,,61,ZGD036S5,4
91b8f8a911bff655d08192b7e34f37d1,48HC-E04,no Transition Curb needed,,61,ZGD036S5,4
91b8f8a911bff655d08192b7e34f37d1,48HC-G04,no Transition Curb needed,,61,ZGD036S5,4
91b8f8a911bff655d08192b7e34f37d1,48HCDA04,no Transition Curb needed,,61,ZGD036S5,4
91b8f8a911bff655d08192b7e34f37d1,48TFN004,no Transition Curb needed,,61,ZGD036S5,4
91b8f8a911bff655d08192b7e34f37d1,48HCDF04,no Transition Curb needed,,61,ZGD036S5,4
91b8f8a911bff655d08192b7e34f37d1,48HCDB04,no Transition Curb needed,,61,ZGD036S5,4
91b8f8a911bff655d08192b7e34f37d1,580DP036,no Transition Curb needed,,61,ZGD036S5,4
91b8f8a911bff655d08192b7e34f37d1,48TJE004,no Transition Curb needed,,61,ZGD036S5,4
91b8f8a911bff655d08192b7e34f37d1,48HCEE04,no Transition Curb needed,,61,ZGD036S5,4
91b8f8a911bff655d08192b7e34f37d1,48HCDE04,no Transition Curb needed,,61,ZGD036S5,4
91b8f8a911bff655d08192b7e34f37d1,48HCED04,no Transition Curb needed,,61,ZGD036S5,4
91b8f8a911bff655d08192b7e34f37d1,580DE036,no Transition Curb needed,,61,ZGD036S5,4
91b8f8a911bff655d08192b7e34f37d1,48HCEB04,no Transition Curb needed,,61,ZGD036S5,4
91b8f8a911bff655d08192b7e34f37d1,580FP036,no Transition Curb needed,,61,ZGD036S5,4
91b8f8a911bff655d08192b7e34f37d1,48HCDG04,no Transition Curb needed,,61,ZGD036S5,4
91b8f8a911bff655d08192b7e34f37d1,48HCEF04,no Transition Curb needed,,61,ZGD036S5,4
91b8f8a911bff655d08192b7e34f37d1,581BE036,no Transition Curb needed,,61,ZGD036S5,4
91b8f8a911bff655d08192b7e34f37d1,581CJ036,no Transition Curb needed,,61,ZGD036S5,4
91b8f8a911bff655d08192b7e34f37d1,581CP036,no Transition Curb needed,,61,ZGD036S5,4
91b8f8a911bff655d08192b7e34f37d1,581BP036,no Transition Curb needed,,61,ZGD036S5,4
91b8f8a911bff655d08192b7e34f37d1,48TMM004,no Transition Curb needed,,61,ZGD036S5,4
91b8f8a911bff655d08192b7e34f37d1,581BJ036,no Transition Curb needed,,61,ZGD036S5,4
91b8f8a911bff655d08192b7e34f37d1,581BT036,no Transition Curb needed,,61,ZGD036S5,4
91b8f8a911bff655d08192b7e34f37d1,580FE036,no Transition Curb needed,,61,ZGD036S5,4
91b8f8a911bff655d08192b7e34f37d1,580FJ036,no Transition Curb needed,,61,ZGD036S5,4
91b8f8a911bff655d08192b7e34f37d1,580FT036,no Transition Curb needed,,61,ZGD036S5,4
91b8f8a911bff655d08192b7e34f37d1,48TJF004,no Transition Curb needed,,61,ZGD036S5,4
91b8f8a911bff655d08192b7e34f37d1,48TML004,no Transition Curb needed,,61,ZGD036S5,4
91b8f8a911bff655d08192b7e34f37d1,48TFE004,no Transition Curb needed,,61,ZGD036S5,4
91b8f8a911bff655d08192b7e34f37d1,48TMN004,no Transition Curb needed,,61,ZGD036S5,4
91b8f8a911bff655d08192b7e34f37d1,581CT036,no Transition Curb needed,,61,ZGD036S5,4
91b8f8a911bff655d08192b7e34f37d1,581CE036,no Transition Curb needed,,61,ZGD036S5,4
91b8f8a911bff655d08192b7e34f37d1,48TMF004,no Transition Curb needed,,61,ZGD036S5,4
91b8f8a911bff655d08192b7e34f37d1,48TMD004,no Transition Curb needed,,61,ZGD036S5,4
91b8f8a911bff655d08192b7e34f37d1,48TFD004,no Transition Curb needed,,61,ZGD036S5,4
91b8f8a911bff655d08192b7e34f37d1,48TME004,no Transition Curb needed,,61,ZGD036S5,4
91b8f8a911bff655d08192b7e34f37d1,48TFM004,no Transition Curb needed,,61,ZGD036S5,4
91b8f8a911bff655d08192b7e34f37d1,48HCRD04,no Transition Curb needed,,61,ZGD036S5,4
91b8f8a911bff655d08192b7e34f37d1,48HCRG04,no Transition Curb needed,,61,ZGD036S5,4
91b8f8a911bff655d08192b7e34f37d1,48HCRF04,no Transition Curb needed,,61,ZGD036S5,4
91b8f8a911bff655d08192b7e34f37d1,48HCFB04,no Transition Curb needed,,61,ZGD036S5,4
91b8f8a911bff655d08192b7e34f37d1,48HCRE04,no Transition Curb needed,,61,ZGD036S5,4
91b8f8a911bff655d08192b7e34f37d1,48HCEG04,no Transition Curb needed,,61,ZGD036S5,4
91b8f8a911bff655d08192b7e34f37d1,48TFF004,no Transition Curb needed,,61,ZGD036S5,4
91b8f8a911bff655d08192b7e34f37d1,580DJ036,no Transition Curb needed,,61,ZGD036S5,4
91b8f8a911bff655d08192b7e34f37d1,48TFL004,no Transition Curb needed,,61,ZGD036S5,4
91b8f8a911bff655d08192b7e34f37d1,48LJE004,no Transition Curb needed,,61,ZGD036S5,4
91b8f8a911bff655d08192b7e34f37d1,48LJF004,no Transition Curb needed,,61,ZGD036S5,4
91b8f8a911bff655d08192b7e34f37d1,48HCTA04,no Transition Curb needed,,61,ZGD036S5,4
91b8f8a911bff655d08192b7e34f37d1,48HCTG04,no Transition Curb needed,,61,ZGD036S5,4
91b8f8a911bff655d08192b7e34f37d1,48HCTB04,no Transition Curb needed,,61,ZGD036S5,4
91b8f8a911bff655d08192b7e34f37d1,48LJD004,no Transition Curb needed,,61,ZGD036S5,4
91b8f8a911bff655d08192b7e34f37d1,48HCTD04,no Transition Curb needed,,61,ZGD036S5,4
91b8f8a911bff655d08192b7e34f37d1,48LCD004,no Transition Curb needed,,61,ZGD036S5,4
91b8f8a911bff655d08192b7e34f37d1,48HCTF04,no Transition Curb needed,,61,ZGD036S5,4
91b8f8a911bff655d08192b7e34f37d1,48HCTE04,no Transition Curb needed,,61,ZGD036S5,4
91b8f8a911bff655d08192b7e34f37d1,48LCE004,no Transition Curb needed,,61,ZGD036S5,4
91b8f8a911bff655d08192b7e34f37d1,48DJD004,no Transition Curb needed,,61,ZGD036S5,4
91b8f8a911bff655d08192b7e34f37d1,48LCT004,no Transition Curb needed,,61,ZGD036S5,4
91b8f8a911bff655d08192b7e34f37d1,48HCRB04,no Transition Curb needed,,61,ZGD036S5,4
91b8f8a911bff655d08192b7e34f37d1,48LCM004,no Transition Curb needed,,61,ZGD036S5,4
91b8f8a911bff655d08192b7e34f37d1,48LCN004,no Transition Curb needed,,61,ZGD036S5,4
91b8f8a911bff655d08192b7e34f37d1,48LCF004,no Transition Curb needed,,61,ZGD036S5,4
91b8f8a911bff655d08192b7e34f37d1,48DJE004,no Transition Curb needed,,61,ZGD036S5,4
91b8f8a911bff655d08192b7e34f37d1,48LCS004,no Transition Curb needed,,61,ZGD036S5,4
91b8f8a911bff655d08192b7e34f37d1,48HJD004,no Transition Curb needed,,61,ZGD036S5,4
91b8f8a911bff655d08192b7e34f37d1,48LCR004,no Transition Curb needed,,61,ZGD036S5,4
91b8f8a911bff655d08192b7e34f37d1,48HCSF04,no Transition Curb needed,,61,ZGD036S5,4
91b8f8a911bff655d08192b7e34f37d1,48HCFG04,no Transition Curb needed,,61,ZGD036S5,4
91b8f8a911bff655d08192b7e34f37d1,48HCRA04,no Transition Curb needed,,61,ZGD036S5,4
91b8f8a911bff655d08192b7e34f37d1,48LCL004,no Transition Curb needed,,61,ZGD036S5,4
91b8f8a911bff655d08192b7e34f37d1,48HCLF04,no Transition Curb needed,,61,ZGD036S5,4
91b8f8a911bff655d08192b7e34f37d1,48HCLB04,no Transition Curb needed,,61,ZGD036S5,4
91b8f8a911bff655d08192b7e34f37d1,48HCLE04,no Transition Curb needed,,61,ZGD036S5,4
91b8f8a911bff655d08192b7e34f37d1,48HCFE04,no Transition Curb needed,,61,ZGD036S5,4
91b8f8a911bff655d08192b7e34f37d1,48HCLA04,no Transition Curb needed,,61,ZGD036S5,4
91b8f8a911bff655d08192b7e34f37d1,48HCSG04,no Transition Curb needed,,61,ZGD036S5,4
91b8f8a911bff655d08192b7e34f37d1,48HCFD04,no Transition Curb needed,,61,ZGD036S5,4
91b8f8a911bff655d08192b7e34f37d1,48HCFF04,no Transition Curb needed,,61,ZGD036S5,4
91b8f8a911bff655d08192b7e34f37d1,48HCLD04,no Transition Curb needed,,61,ZGD036S5,4
91b8f8a911bff655d08192b7e34f37d1,48HCNB04,no Transition Curb needed,,61,ZGD036S5,4
91b8f8a911bff655d08192b7e34f37d1,48HCLG04,no Transition Curb needed,,61,ZGD036S5,4
91b8f8a911bff655d08192b7e34f37d1,48HCNF04,no Transition Curb needed,,61,ZGD036S5,4
91b8f8a911bff655d08192b7e34f37d1,48HCMF04,no Transition Curb needed,,61,ZGD036S5,4
91b8f8a911bff655d08192b7e34f37d1,48HCNG04,no Transition Curb needed,,61,ZGD036S5,4
91b8f8a911bff655d08192b7e34f37d1,48HCNA04,no Transition Curb needed,,61,ZGD036S5,4
91b8f8a911bff655d08192b7e34f37d1,48HCMD04,no Transition Curb needed,,61,ZGD036S5,4
91b8f8a911bff655d08192b7e34f37d1,48HCMG04,no Transition Curb needed,,61,ZGD036S5,4
91b8f8a911bff655d08192b7e34f37d1,48HCNE04,no Transition Curb needed,,61,ZGD036S5,4
91b8f8a911bff655d08192b7e34f37d1,48HCME04,no Transition Curb needed,,61,ZGD036S5,4
91b8f8a911bff655d08192b7e34f37d1,48HCND04,no Transition Curb needed,,61,ZGD036S5,4
91b8f8a911bff655d08192b7e34f37d1,48LDT004,,,61,ZGD036S5,4
91b8f8a911bff655d08192b7e34f37d1,48HCSD04,no Transition Curb needed,,61,ZGD036S5,4
91b8f8a911bff655d08192b7e34f37d1,GPFM36H080,,,61,ZGD036S5,4
91b8f8a911bff655d08192b7e34f37d1,48HCSB04,no Transition Curb needed,,61,ZGD036S5,4
91b8f8a911bff655d08192b7e34f37d1,48HCMB04,no Transition Curb needed,,61,ZGD036S5,4
91b8f8a911bff655d08192b7e34f37d1,DW-03N,10L32,,61,ZGD036S5,4
91b8f8a911bff655d08192b7e34f37d1,GPFM36S100,,,61,ZGD036S5,4
91b8f8a911bff655d08192b7e34f37d1,PGB036D1H,,,61,ZGD036S5,4
91b8f8a911bff655d08192b7e34f37d1,GPFM36H100,,,61,ZGD036S5,4
91b8f8a911bff655d08192b7e34f37d1,48HCSA04,no Transition Curb needed,,61,ZGD036S5,4
91b8f8a911bff655d08192b7e34f37d1,48HCSE04,no Transition Curb needed,,61,ZGD036S5,4
91b8f8a911bff655d08192b7e34f37d1,PGB036D2H,,,61,ZGD036S5,4
91b8f8a911bff655d08192b7e34f37d1,GPFM36L080,,,61,ZGD036S5,4
91b8f8a911bff655d08192b7e34f37d1,PGB036D2S,,,61,ZGD036S5,4
91b8f8a911bff655d08192b7e34f37d1,GPFM36S080,,,61,ZGD036S5,4
91b8f8a911bff655d08192b7e34f37d1,PGB036D2L,,,61,ZGD036S5,4
91b8f8a911bff655d08192b7e34f37d1,574DPW036060,,,61,ZGD036S5,4
91b8f8a911bff655d08192b7e34f37d1,GPFM36L100,,,61,ZGD036S5,4
91b8f8a911bff655d08192b7e34f37d1,PGB036F1H,,,61,ZGD036S5,4
91b8f8a911bff655d08192b7e34f37d1,PGB036D1L,,,61,ZGD036S5,4
91b8f8a911bff655d08192b7e34f37d1,574DEW036060,,,61,ZGD036S5,4
91b8f8a911bff655d08192b7e34f37d1,SPCG360703,,,61,ZGD036S5,4
91b8f8a911bff655d08192b7e34f37d1,574DEW036090,,,61,ZGD036S5,4
91b8f8a911bff655d08192b7e34f37d1,YCX042G1M0A,,,61,ZGD036S5,4
91b8f8a911bff655d08192b7e34f37d1,48TC*004,no Transition Curb needed,,61,ZGD036S5,4
91b8f8a911bff655d08192b7e34f37d1,574DPW036090,,,61,ZGD036S5,4
91b8f8a911bff655d08192b7e34f37d1,SPCG360701,,,61,ZGD036S5,4
91b8f8a911bff655d08192b7e34f37d1,YCX048G1H0A,,,61,ZGD036S5,4
91b8f8a911bff655d08192b7e34f37d1,YCX036G1L0A,,,61,ZGD036S5,4
91b8f8a911bff655d08192b7e34f37d1,YCX036G1H0A,,,61,ZGD036S5,4
91b8f8a911bff655d08192b7e34f37d1,48KCEA04A3,no Transition Curb needed,,61,ZGD036S5,4
91b8f8a911bff655d08192b7e34f37d1,580JJ04A115,no Transition Curb needed,,61,ZGD036S5,4
91b8f8a911bff655d08192b7e34f37d1,48KCDA04A0,no Transition Curb needed,,61,ZGD036S5,4
91b8f8a911bff655d08192b7e34f37d1,YCX036G1M0A,,,61,ZGD036S5,4
91b8f8a911bff655d08192b7e34f37d1,48HJE004-3,no Transition Curb needed,,61,ZGD036S5,4
91b8f8a911bff655d08192b7e34f37d1,48DJE004-3,no Transition Curb needed,,61,ZGD036S5,4
91b8f8a911bff655d08192b7e34f37d1,48TJE004-3,no Transition Curb needed,,61,ZGD036S5,4
91b8f8a911bff655d08192b7e34f37d1,48TME004-3,no Transition Curb needed,,61,ZGD036S5,4
91b8f8a911bff655d08192b7e34f37d1,48KCEA04A0,no Transition Curb needed,,61,ZGD036S5,4
91b8f8a911bff655d08192b7e34f37d1,48KCDA04A3,no Transition Curb needed,,61,ZGD036S5,4
91b8f8a911bff655d08192b7e34f37d1,580JJ04A072,no Transition Curb needed,,61,ZGD036S5,4
91b8f8a911bff655d08192b7e34f37d1,48HJF004-3,no Transition Curb needed,,61,ZGD036S5,4
91b8f8a911bff655d08192b7e34f37d1,48TMF004-3,no Transition Curb needed,,61,ZGD036S5,4
91b8f8a911bff655d08192b7e34f37d1,48KCDA04A2,no Transition Curb needed,,61,ZGD036S5,4
91b8f8a911bff655d08192b7e34f37d1,48TJF004-3,no Transition Curb needed,,61,ZGD036S5,4
91b8f8a911bff655d08192b7e34f37d1,48KCEA04A2,no Transition Curb needed,,61,ZGD036S5,4
91b8f8a911bff655d08192b7e34f37d1,48KCDA04A1,no Transition Curb needed,,61,ZGD036S5,4
91b8f8a911bff655d08192b7e34f37d1,48KCEA04A1,no Transition Curb needed,,61,ZGD036S5,4
91b8f8a911bff655d08192b7e34f37d1,YCP036,,,61,ZGD036S5,4
91b8f8a911bff655d08192b7e34f37d1,48LDT004-3,,,61,ZGD036S5,4
91b8f8a911bff655d08192b7e34f37d1,YCX036,,,61,ZGD036S5,4
91b8f8a911bff655d08192b7e34f37d1,574DNW036060,,,61,ZGD036S5,4
91b8f8a911bff655d08192b7e34f37d1,YCY036,,,61,ZGD036S5,4
91b8f8a911bff655d08192b7e34f37d1,LGA060SHJ,,,61,ZGD036S5,4
91b8f8a911bff655d08192b7e34f37d1,574DNW036090,,,61,ZGD036S5,4
91b8f8a911bff655d08192b7e34f37d1,YCM036,,,61,ZGD036S5,4
91b8f8a911bff655d08192b7e34f37d1,GCS9-411-90,10M20,,61,ZGD036S5,4
91b8f8a911bff655d08192b7e34f37d1,RKMA-A036,,,61,ZGD036S5,4
91b8f8a911bff655d08192b7e34f37d1,RKKA-A036,,,61,ZGD036S5,4
91b8f8a911bff655d08192b7e34f37d1,585HP036125,,,61,ZGD036S5,4
91b8f8a911bff655d08192b7e34f37d1,YCD036,,,61,ZGD036S5,4
91b8f8a911bff655d08192b7e34f37d1,579DP036080,,,61,ZGD036S5,4
91b8f8a911bff655d08192b7e34f37d1,579DE036080,,,61,ZGD036S5,4
91b8f8a911bff655d08192b7e34f37d1,YCC036,,,61,ZGD036S5,4
91b8f8a911bff655d08192b7e34f37d1,RRGGE37,,,61,ZGD036S5,4
91b8f8a911bff655d08192b7e34f37d1,48DE004,,,61,ZGD036S5,4
91b8f8a911bff655d08192b7e34f37d1,585HE036060,,,61,ZGD036S5,4
91b8f8a911bff655d08192b7e34f37d1,48DP004,,,61,ZGD036S5,4
91b8f8a911bff655d08192b7e34f37d1,585HP036060,,,61,ZGD036S5,4
91b8f8a911bff655d08192b7e34f37d1,585HP036100,,,61,ZGD036S5,4
91b8f8a911bff655d08192b7e34f37d1,48DT045,,,61,ZGD036S5,4
91b8f8a911bff655d08192b7e34f37d1,GCS9-411-120,10M20,,61,ZGD036S5,4
91b8f8a911bff655d08192b7e34f37d1,48DP045,,,61,ZGD036S5,4
91b8f8a911bff655d08192b7e34f37d1,585HJ036100,,,61,ZGD036S5,4
91b8f8a911bff655d08192b7e34f37d1,579DJ036080,,,61,ZGD036S5,4
91b8f8a911bff655d08192b7e34f37d1,48DE045,,,61,ZGD036S5,4
91b8f8a911bff655d08192b7e34f37d1,48DT004,,,61,ZGD036S5,4
91b8f8a911bff655d08192b7e34f37d1,48DJ045,,,61,ZGD036S5,4
91b8f8a911bff655d08192b7e34f37d1,GCS10-411-50,,,61,ZGD036S5,4
91b8f8a911bff655d08192b7e34f37d1,TGA036S2BS,,,61,ZGD036S5,4
91b8f8a911bff655d08192b7e34f37d1,GCS3-413-120,,,61,ZGD036S5,4
91b8f8a911bff655d08192b7e34f37d1,585HJ036060,,,61,ZGD036S5,4
91b8f8a911bff655d08192b7e34f37d1,TGA036S2BM,,,61,ZGD036S5,4
91b8f8a911bff655d08192b7e34f37d1,48TJE004-5,no Transition Curb needed,,61,ZGD036S5,4
91b8f8a911bff655d08192b7e34f37d1,585HJ036125,,,61,ZGD036S5,4
91b8f8a911bff655d08192b7e34f37d1,RRNA-A036,,,61,ZGD036S5,4
91b8f8a911bff655d08192b7e34f37d1,48HJE004-6,no Transition Curb needed,,61,ZGD036S5,4
91b8f8a911bff655d08192b7e34f37d1,D*CG036 (York),10L32,,61,ZGD036S5,4
91b8f8a911bff655d08192b7e34f37d1,48HJE004-1,no Transition Curb needed,,61,ZGD036S5,4
91b8f8a911bff655d08192b7e34f37d1,GCS3-413-80,,,61,ZGD036S5,4
91b8f8a911bff655d08192b7e34f37d1,48TJE004-6,no Transition Curb needed,,61,ZGD036S5,4
91b8f8a911bff655d08192b7e34f37d1,DCG036 (Daikin),,,61,ZGD036S5,4
91b8f8a911bff655d08192b7e34f37d1,DHUC-X036N,10L32,,61,ZGD036S5,4
91b8f8a911bff655d08192b7e34f37d1,GPFM36K060,,,61,ZGD036S5,4
91b8f8a911bff655d08192b7e34f37d1,GPFM36K080,,,61,ZGD036S5,4
91b8f8a911bff655d08192b7e34f37d1,RRKA-A036,,,61,ZGD036S5,4
91b8f8a911bff655d08192b7e34f37d1,RRMA-A036,,,61,ZGD036S5,4
91b8f8a911bff655d08192b7e34f37d1,DL-03N,10L32,,61,ZGD036S5,4
91b8f8a911bff655d08192b7e34f37d1,GPFM36K100,,,61,ZGD036S5,4
91b8f8a911bff655d08192b7e34f37d1,RKNL-A036,,,61,ZGD036S5,4
91b8f8a911bff655d08192b7e34f37d1,D7CG036N04025,,,61,ZGD036S5,4
91b8f8a911bff655d08192b7e34f37d1,DHUC-T036N,10L32,,61,ZGD036S5,4
91b8f8a911bff655d08192b7e34f37d1,48LD004,,,61,ZGD036S5,4
91b8f8a911bff655d08192b7e34f37d1,DJ036N,10L32,,61,ZGD036S5,4
91b8f8a911bff655d08192b7e34f37d1,D7CG036N04058,,,61,ZGD036S5,4
91b8f8a911bff655d08192b7e34f37d1,PGMB036H,,,61,ZGD036S5,4
91b8f8a911bff655d08192b7e34f37d1,DSG036,,,61,ZGD036S5,4
91b8f8a911bff655d08192b7e34f37d1,DHUC-W036N,10L32,,61,ZGD036S5,4
91b8f8a911bff655d08192b7e34f37d1,D7CG036N04046,,,61,ZGD036S5,4
91b8f8a911bff655d08192b7e34f37d1,LGC036,31B66,,61,ZGD036S5,4
91b8f8a911bff655d08192b7e34f37d1,GCS16-411-75,31B58,,61,ZGD036S5,4
91b8f8a911bff655d08192b7e34f37d1,D7CG036N07925,,,61,ZGD036S5,4
91b8f8a911bff655d08192b7e34f37d1,D7CG036N07946,,,61,ZGD036S5,4
91b8f8a911bff655d08192b7e34f37d1,D7CG036N07958,,,61,ZGD036S5,4
91b8f8a911bff655d08192b7e34f37d1,GCS20-036-75,31B67,,61,ZGD036S5,4
91b8f8a911bff655d08192b7e34f37d1,GCS16-413-75,31B58,,61,ZGD036S5,4
91b8f8a911bff655d08192b7e34f37d1,GCS16-413-50,31B58,,61,ZGD036S5,4
91b8f8a911bff655d08192b7e34f37d1,GCS16-413-100,31B58,,61,ZGD036S5,4
91b8f8a911bff655d08192b7e34f37d1,GCS16-411-100,31B58,,61,ZGD036S5,4
91b8f8a911bff655d08192b7e34f37d1,GCS16-036-90P,31B58,,61,ZGD036S5,4
91b8f8a911bff655d08192b7e34f37d1,RPGE13A36,,,,ZGD036S5,4
91b8f8a911bff655d08192b7e34f37d1,GCS16-036-90,31B58,,61,ZGD036S5,4
91b8f8a911bff655d08192b7e34f37d1,50TFQ007,no Transition Curb needed,,76,ZHB072S4 (No Longer In Production. Contact Commercial Applications For More Options),4
91b8f8a911bff655d08192b7e34f37d1,50HJQ007,no Transition Curb needed,,76,ZHB072S4 (No Longer In Production. Contact Commercial Applications For More Options),4
91b8f8a911bff655d08192b7e34f37d1,WSC072A,,,76,ZHB072S4 (No Longer In Production. Contact Commercial Applications For More Options),4
91b8f8a911bff655d08192b7e34f37d1,ZE048H,,,,QGA048S5 (only available in 3 phase),21
91b8f8a911bff655d08192b7e34f37d1,ZE060H,,,,QGA060S5 (only available in 3 phase),21
91b8f8a911bff655d08192b7e34f37d1,ZE036H,,,,QGA036S5 (only available in 3 phase),21
91b8f8a911bff655d08192b7e34f37d1,ZE036N,,,81,QGA036S5 (only available in 3 phase),21
91b8f8a911bff655d08192b7e34f37d1,ZE048N,,,83,QGA048S5 (only available in 3 phase),21
91b8f8a911bff655d08192b7e34f37d1,ZS-04N,,,,QGA048S5 (only available in 3 phase),21
91b8f8a911bff655d08192b7e34f37d1,ZE060N,,,84,QGA060S5 (only available in 3 phase),21
91b8f8a911bff655d08192b7e34f37d1,ZJ060N,,,84,QGA060S5 (only available in 3 phase),21
91b8f8a911bff655d08192b7e34f37d1,ZJ061E,,,80,QCA060S5 (only available in 3 phase),21
91b8f8a911bff655d08192b7e34f37d1,ZJ061C,,,80,QCA060S5 (only available in 3 phase),21
91b8f8a911bff655d08192b7e34f37d1,ZJ037C,,,77,QCA036S5 (only available in 3 phase),21
91b8f8a911bff655d08192b7e34f37d1,ZJ037E,,,77,QCA036S5 (only available in 3 phase),21
